Date,Equity,Peak,Drawdown
2018-03-04,10000.0,10000.0,0.0
2018-03-05,10000.0,10000.0,0.0
2018-03-06,10000.0,10000.0,0.0
2018-03-07,10000.0,10000.0,0.0
2018-03-08,10000.0,10000.0,0.0
2018-03-09,10000.0,10000.0,0.0
2018-03-10,10000.0,10000.0,0.0
2018-03-11,10000.0,10000.0,0.0
2018-03-12,10000.0,10000.0,0.0
2018-03-13,10000.0,10000.0,0.0
2018-03-14,10000.0,10000.0,0.0
2018-03-15,10000.0,10000.0,0.0
2018-03-16,10000.0,10000.0,0.0
2018-03-17,10000.0,10000.0,0.0
2018-03-18,10000.0,10000.0,0.0
2018-03-19,10000.0,10000.0,0.0
2018-03-20,10000.0,10000.0,0.0
2018-03-21,10000.0,10000.0,0.0
2018-03-22,10000.0,10000.0,0.0
2018-03-23,10000.0,10000.0,0.0
2018-03-24,10000.0,10000.0,0.0
2018-03-25,10000.0,10000.0,0.0
2018-03-26,10000.0,10000.0,0.0
2018-03-27,10000.0,10000.0,0.0
2018-03-28,10000.0,10000.0,0.0
2018-03-29,10000.0,10000.0,0.0
2018-03-30,10000.0,10000.0,0.0
2018-03-31,10000.0,10000.0,0.0
2018-04-01,10000.0,10000.0,0.0
2018-04-02,10000.0,10000.0,0.0
2018-04-03,10000.0,10000.0,0.0
2018-04-04,10000.0,10000.0,0.0
2018-04-05,10000.0,10000.0,0.0
2018-04-06,10000.0,10000.0,0.0
2018-04-07,10000.0,10000.0,0.0
2018-04-08,10000.0,10000.0,0.0
2018-04-09,10000.0,10000.0,0.0
2018-04-10,10000.0,10000.0,0.0
2018-04-11,10000.0,10000.0,0.0
2018-04-12,10000.0,10000.0,0.0
2018-04-13,10000.0,10000.0,0.0
2018-04-14,10000.0,10000.0,0.0
2018-04-15,10000.0,10000.0,0.0
2018-04-16,10000.0,10000.0,0.0
2018-04-17,10000.0,10000.0,0.0
2018-04-18,10000.0,10000.0,0.0
2018-04-19,10000.0,10000.0,0.0
2018-04-20,10000.0,10000.0,0.0
2018-04-21,10000.0,10000.0,0.0
2018-04-22,10000.0,10000.0,0.0
2018-04-23,10000.0,10000.0,0.0
2018-04-24,10000.0,10000.0,0.0
2018-04-25,10000.0,10000.0,0.0
2018-04-26,10000.0,10000.0,0.0
2018-04-27,10000.0,10000.0,0.0
2018-04-28,10000.0,10000.0,0.0
2018-04-29,10000.0,10000.0,0.0
2018-04-30,10000.0,10000.0,0.0
2018-05-01,10000.0,10000.0,0.0
2018-05-02,10000.0,10000.0,0.0
2018-05-03,10000.0,10000.0,0.0
2018-05-04,10000.0,10000.0,0.0
2018-05-05,10000.0,10000.0,0.0
2018-05-06,10000.0,10000.0,0.0
2018-05-07,10000.0,10000.0,0.0
2018-05-08,10000.0,10000.0,0.0
2018-05-09,10000.0,10000.0,0.0
2018-05-10,10000.0,10000.0,0.0
2018-05-11,10000.0,10000.0,0.0
2018-05-12,10000.0,10000.0,0.0
2018-05-13,10000.0,10000.0,0.0
2018-05-14,10000.0,10000.0,0.0
2018-05-15,10000.0,10000.0,0.0
2018-05-16,10000.0,10000.0,0.0
2018-05-17,10000.0,10000.0,0.0
2018-05-18,10000.0,10000.0,0.0
2018-05-19,10000.0,10000.0,0.0
2018-05-20,10000.0,10000.0,0.0
2018-05-21,10000.0,10000.0,0.0
2018-05-22,10000.0,10000.0,0.0
2018-05-23,10000.0,10000.0,0.0
2018-05-24,10000.0,10000.0,0.0
2018-05-25,10000.0,10000.0,0.0
2018-05-26,10000.0,10000.0,0.0
2018-05-27,10000.0,10000.0,0.0
2018-05-28,10000.0,10000.0,0.0
2018-05-29,10000.0,10000.0,0.0
2018-05-30,10000.0,10000.0,0.0
2018-05-31,10000.0,10000.0,0.0
2018-06-01,10000.0,10000.0,0.0
2018-06-02,10000.0,10000.0,0.0
2018-06-03,10000.0,10000.0,0.0
2018-06-04,10000.0,10000.0,0.0
2018-06-05,10000.0,10000.0,0.0
2018-06-06,10000.0,10000.0,0.0
2018-06-07,10000.0,10000.0,0.0
2018-06-08,10000.0,10000.0,0.0
2018-06-09,10000.0,10000.0,0.0
2018-06-10,10000.0,10000.0,0.0
2018-06-11,10000.0,10000.0,0.0
2018-06-12,10000.0,10000.0,0.0
2018-06-13,10000.0,10000.0,0.0
2018-06-14,10000.0,10000.0,0.0
2018-06-15,10000.0,10000.0,0.0
2018-06-16,10000.0,10000.0,0.0
2018-06-17,10000.0,10000.0,0.0
2018-06-18,10000.0,10000.0,0.0
2018-06-19,10000.0,10000.0,0.0
2018-06-20,10000.0,10000.0,0.0
2018-06-21,10000.0,10000.0,0.0
2018-06-22,10000.0,10000.0,0.0
2018-06-23,10000.0,10000.0,0.0
2018-06-24,10000.0,10000.0,0.0
2018-06-25,10000.0,10000.0,0.0
2018-06-26,10000.0,10000.0,0.0
2018-06-27,10000.0,10000.0,0.0
2018-06-28,10000.0,10000.0,0.0
2018-06-29,10000.0,10000.0,0.0
2018-06-30,10000.0,10000.0,0.0
2018-07-01,10000.0,10000.0,0.0
2018-07-02,10000.0,10000.0,0.0
2018-07-03,10000.0,10000.0,0.0
2018-07-04,10000.0,10000.0,0.0
2018-07-05,10000.0,10000.0,0.0
2018-07-06,10000.0,10000.0,0.0
2018-07-07,10000.0,10000.0,0.0
2018-07-08,10000.0,10000.0,0.0
2018-07-09,10000.0,10000.0,0.0
2018-07-10,10000.0,10000.0,0.0
2018-07-11,10000.0,10000.0,0.0
2018-07-12,10000.0,10000.0,0.0
2018-07-13,10000.0,10000.0,0.0
2018-07-14,10000.0,10000.0,0.0
2018-07-15,10000.0,10000.0,0.0
2018-07-16,10000.0,10000.0,0.0
2018-07-17,10000.0,10000.0,0.0
2018-07-18,10000.0,10000.0,0.0
2018-07-19,10000.0,10000.0,0.0
2018-07-20,10000.0,10000.0,0.0
2018-07-21,10000.0,10000.0,0.0
2018-07-22,10000.0,10000.0,0.0
2018-07-23,10000.0,10000.0,0.0
2018-07-24,10000.0,10000.0,0.0
2018-07-25,10000.0,10000.0,0.0
2018-07-26,10000.0,10000.0,0.0
2018-07-27,10000.0,10000.0,0.0
2018-07-28,10000.0,10000.0,0.0
2018-07-29,10000.0,10000.0,0.0
2018-07-30,10000.0,10000.0,0.0
2018-07-31,10000.0,10000.0,0.0
2018-08-01,10000.0,10000.0,0.0
2018-08-02,10000.0,10000.0,0.0
2018-08-03,10000.0,10000.0,0.0
2018-08-04,10000.0,10000.0,0.0
2018-08-05,10000.0,10000.0,0.0
2018-08-06,10000.0,10000.0,0.0
2018-08-07,10000.0,10000.0,0.0
2018-08-08,10000.0,10000.0,0.0
2018-08-09,10000.0,10000.0,0.0
2018-08-10,10000.0,10000.0,0.0
2018-08-11,10000.0,10000.0,0.0
2018-08-12,10000.0,10000.0,0.0
2018-08-13,10000.0,10000.0,0.0
2018-08-14,10000.0,10000.0,0.0
2018-08-15,10000.0,10000.0,0.0
2018-08-16,10000.0,10000.0,0.0
2018-08-17,10000.0,10000.0,0.0
2018-08-18,10000.0,10000.0,0.0
2018-08-19,10000.0,10000.0,0.0
2018-08-20,10000.0,10000.0,0.0
2018-08-21,10000.0,10000.0,0.0
2018-08-22,10000.0,10000.0,0.0
2018-08-23,10000.0,10000.0,0.0
2018-08-24,10000.0,10000.0,0.0
2018-08-25,10000.0,10000.0,0.0
2018-08-26,10000.0,10000.0,0.0
2018-08-27,10000.0,10000.0,0.0
2018-08-28,10000.0,10000.0,0.0
2018-08-29,10000.0,10000.0,0.0
2018-08-30,10000.0,10000.0,0.0
2018-08-31,10000.0,10000.0,0.0
2018-09-01,10000.0,10000.0,0.0
2018-09-02,10000.0,10000.0,0.0
2018-09-03,10000.0,10000.0,0.0
2018-09-04,10000.0,10000.0,0.0
2018-09-05,10000.0,10000.0,0.0
2018-09-06,10000.0,10000.0,0.0
2018-09-07,10000.0,10000.0,0.0
2018-09-08,10000.0,10000.0,0.0
2018-09-09,10000.0,10000.0,0.0
2018-09-10,10000.0,10000.0,0.0
2018-09-11,10000.0,10000.0,0.0
2018-09-12,10000.0,10000.0,0.0
2018-09-13,10000.0,10000.0,0.0
2018-09-14,10000.0,10000.0,0.0
2018-09-15,10000.0,10000.0,0.0
2018-09-16,10000.0,10000.0,0.0
2018-09-17,10000.0,10000.0,0.0
2018-09-18,10000.0,10000.0,0.0
2018-09-19,10000.0,10000.0,0.0
2018-09-20,10000.0,10000.0,0.0
2018-09-21,10000.0,10000.0,0.0
2018-09-22,10000.0,10000.0,0.0
2018-09-23,10000.0,10000.0,0.0
2018-09-24,10000.0,10000.0,0.0
2018-09-25,10000.0,10000.0,0.0
2018-09-26,10000.0,10000.0,0.0
2018-09-27,10000.0,10000.0,0.0
2018-09-28,10000.0,10000.0,0.0
2018-09-29,10000.0,10000.0,0.0
2018-09-30,10000.0,10000.0,0.0
2018-10-01,10000.0,10000.0,0.0
2018-10-02,10000.0,10000.0,0.0
2018-10-03,10000.0,10000.0,0.0
2018-10-04,10000.0,10000.0,0.0
2018-10-05,10000.0,10000.0,0.0
2018-10-06,10000.0,10000.0,0.0
2018-10-07,10000.0,10000.0,0.0
2018-10-08,10000.0,10000.0,0.0
2018-10-09,10000.0,10000.0,0.0
2018-10-10,10000.0,10000.0,0.0
2018-10-11,10000.0,10000.0,0.0
2018-10-12,10000.0,10000.0,0.0
2018-10-13,10000.0,10000.0,0.0
2018-10-14,10000.0,10000.0,0.0
2018-10-15,10000.0,10000.0,0.0
2018-10-16,10000.0,10000.0,0.0
2018-10-17,10000.0,10000.0,0.0
2018-10-18,10000.0,10000.0,0.0
2018-10-19,10000.0,10000.0,0.0
2018-10-20,10000.0,10000.0,0.0
2018-10-21,10000.0,10000.0,0.0
2018-10-22,10000.0,10000.0,0.0
2018-10-23,10000.0,10000.0,0.0
2018-10-24,10000.0,10000.0,0.0
2018-10-25,10000.0,10000.0,0.0
2018-10-26,10000.0,10000.0,0.0
2018-10-27,10000.0,10000.0,0.0
2018-10-28,10000.0,10000.0,0.0
2018-10-29,10000.0,10000.0,0.0
2018-10-30,10000.0,10000.0,0.0
2018-10-31,10000.0,10000.0,0.0
2018-11-01,10000.0,10000.0,0.0
2018-11-02,10000.0,10000.0,0.0
2018-11-03,10000.0,10000.0,0.0
2018-11-04,10000.0,10000.0,0.0
2018-11-05,10000.0,10000.0,0.0
2018-11-06,10000.0,10000.0,0.0
2018-11-07,10000.0,10000.0,0.0
2018-11-08,10000.0,10000.0,0.0
2018-11-09,10000.0,10000.0,0.0
2018-11-10,10000.0,10000.0,0.0
2018-11-11,10000.0,10000.0,0.0
2018-11-12,10000.0,10000.0,0.0
2018-11-13,10000.0,10000.0,0.0
2018-11-14,10000.0,10000.0,0.0
2018-11-15,10000.0,10000.0,0.0
2018-11-16,10000.0,10000.0,0.0
2018-11-17,10000.0,10000.0,0.0
2018-11-18,10000.0,10000.0,0.0
2018-11-19,10000.0,10000.0,0.0
2018-11-20,10000.0,10000.0,0.0
2018-11-21,10000.0,10000.0,0.0
2018-11-22,10000.0,10000.0,0.0
2018-11-23,10000.0,10000.0,0.0
2018-11-24,10000.0,10000.0,0.0
2018-11-25,10000.0,10000.0,0.0
2018-11-26,10000.0,10000.0,0.0
2018-11-27,10000.0,10000.0,0.0
2018-11-28,10000.0,10000.0,0.0
2018-11-29,10000.0,10000.0,0.0
2018-11-30,10000.0,10000.0,0.0
2018-12-01,10000.0,10000.0,0.0
2018-12-02,10000.0,10000.0,0.0
2018-12-03,10000.0,10000.0,0.0
2018-12-04,10000.0,10000.0,0.0
2018-12-05,10000.0,10000.0,0.0
2018-12-06,10000.0,10000.0,0.0
2018-12-07,10000.0,10000.0,0.0
2018-12-08,10000.0,10000.0,0.0
2018-12-09,10000.0,10000.0,0.0
2018-12-10,10000.0,10000.0,0.0
2018-12-11,10000.0,10000.0,0.0
2018-12-12,10000.0,10000.0,0.0
2018-12-13,10000.0,10000.0,0.0
2018-12-14,10000.0,10000.0,0.0
2018-12-15,10000.0,10000.0,0.0
2018-12-16,10000.0,10000.0,0.0
2018-12-17,10000.0,10000.0,0.0
2018-12-18,10000.0,10000.0,0.0
2018-12-19,10000.0,10000.0,0.0
2018-12-20,10000.0,10000.0,0.0
2018-12-21,10000.0,10000.0,0.0
2018-12-22,10000.0,10000.0,0.0
2018-12-23,10000.0,10000.0,0.0
2018-12-24,10000.0,10000.0,0.0
2018-12-25,10000.0,10000.0,0.0
2018-12-26,10000.0,10000.0,0.0
2018-12-27,10000.0,10000.0,0.0
2018-12-28,10000.0,10000.0,0.0
2018-12-29,10000.0,10000.0,0.0
2018-12-30,10000.0,10000.0,0.0
2018-12-31,10000.0,10000.0,0.0
2019-01-01,10000.0,10000.0,0.0
2019-01-02,10000.0,10000.0,0.0
2019-01-03,10000.0,10000.0,0.0
2019-01-04,10000.0,10000.0,0.0
2019-01-05,10000.0,10000.0,0.0
2019-01-06,10000.0,10000.0,0.0
2019-01-07,10000.0,10000.0,0.0
2019-01-08,10000.0,10000.0,0.0
2019-01-09,10000.0,10000.0,0.0
2019-01-10,10000.0,10000.0,0.0
2019-01-11,10000.0,10000.0,0.0
2019-01-12,10000.0,10000.0,0.0
2019-01-13,10000.0,10000.0,0.0
2019-01-14,10000.0,10000.0,0.0
2019-01-15,10000.0,10000.0,0.0
2019-01-16,10000.0,10000.0,0.0
2019-01-17,10000.0,10000.0,0.0
2019-01-18,10000.0,10000.0,0.0
2019-01-19,10000.0,10000.0,0.0
2019-01-20,10000.0,10000.0,0.0
2019-01-21,10000.0,10000.0,0.0
2019-01-22,10000.0,10000.0,0.0
2019-01-23,10000.0,10000.0,0.0
2019-01-24,10000.0,10000.0,0.0
2019-01-25,10000.0,10000.0,0.0
2019-01-26,10000.0,10000.0,0.0
2019-01-27,10000.0,10000.0,0.0
2019-01-28,10000.0,10000.0,0.0
2019-01-29,10000.0,10000.0,0.0
2019-01-30,10000.0,10000.0,0.0
2019-01-31,10000.0,10000.0,0.0
2019-02-01,10000.0,10000.0,0.0
2019-02-02,10000.0,10000.0,0.0
2019-02-03,10000.0,10000.0,0.0
2019-02-04,10000.0,10000.0,0.0
2019-02-05,10000.0,10000.0,0.0
2019-02-06,10000.0,10000.0,0.0
2019-02-07,10000.0,10000.0,0.0
2019-02-08,10000.0,10000.0,0.0
2019-02-09,10000.0,10000.0,0.0
2019-02-10,10000.0,10000.0,0.0
2019-02-11,10000.0,10000.0,0.0
2019-02-12,10000.0,10000.0,0.0
2019-02-13,10000.0,10000.0,0.0
2019-02-14,10000.0,10000.0,0.0
2019-02-15,10000.0,10000.0,0.0
2019-02-16,10000.0,10000.0,0.0
2019-02-17,10000.0,10000.0,0.0
2019-02-18,10000.0,10000.0,0.0
2019-02-19,10000.0,10000.0,0.0
2019-02-20,10000.0,10000.0,0.0
2019-02-21,10000.0,10000.0,0.0
2019-02-22,10000.0,10000.0,0.0
2019-02-23,10000.0,10000.0,0.0
2019-02-24,10000.0,10000.0,0.0
2019-02-25,10000.0,10000.0,0.0
2019-02-26,10000.0,10000.0,0.0
2019-02-27,10000.0,10000.0,0.0
2019-02-28,10000.0,10000.0,0.0
2019-03-01,10000.0,10000.0,0.0
2019-03-02,10000.0,10000.0,0.0
2019-03-03,10000.0,10000.0,0.0
2019-03-04,10000.0,10000.0,0.0
2019-03-05,10000.0,10000.0,0.0
2019-03-06,10000.0,10000.0,0.0
2019-03-07,10000.0,10000.0,0.0
2019-03-08,10000.0,10000.0,0.0
2019-03-09,10000.0,10000.0,0.0
2019-03-10,10000.0,10000.0,0.0
2019-03-11,10000.0,10000.0,0.0
2019-03-12,10000.0,10000.0,0.0
2019-03-13,10000.0,10000.0,0.0
2019-03-14,10000.0,10000.0,0.0
2019-03-15,10000.0,10000.0,0.0
2019-03-16,10000.0,10000.0,0.0
2019-03-17,10000.0,10000.0,0.0
2019-03-18,10000.0,10000.0,0.0
2019-03-19,10000.0,10000.0,0.0
2019-03-20,10000.0,10000.0,0.0
2019-03-21,10000.0,10000.0,0.0
2019-03-22,10000.0,10000.0,0.0
2019-03-23,10000.0,10000.0,0.0
2019-03-24,10000.0,10000.0,0.0
2019-03-25,10000.0,10000.0,0.0
2019-03-26,10000.0,10000.0,0.0
2019-03-27,10000.0,10000.0,0.0
2019-03-28,10000.0,10000.0,0.0
2019-03-29,10000.0,10000.0,0.0
2019-03-30,10000.0,10000.0,0.0
2019-03-31,10000.0,10000.0,0.0
2019-04-01,10000.0,10000.0,0.0
2019-04-02,10000.0,10000.0,0.0
2019-04-03,10000.0,10000.0,0.0
2019-04-04,10000.0,10000.0,0.0
2019-04-05,10000.0,10000.0,0.0
2019-04-06,10000.0,10000.0,0.0
2019-04-07,10000.0,10000.0,0.0
2019-04-08,10000.0,10000.0,0.0
2019-04-09,10000.0,10000.0,0.0
2019-04-10,10000.0,10000.0,0.0
2019-04-11,10000.0,10000.0,0.0
2019-04-12,10000.0,10000.0,0.0
2019-04-13,10000.0,10000.0,0.0
2019-04-14,10000.0,10000.0,0.0
2019-04-15,10000.0,10000.0,0.0
2019-04-16,10000.0,10000.0,0.0
2019-04-17,10000.0,10000.0,0.0
2019-04-18,10000.0,10000.0,0.0
2019-04-19,10000.0,10000.0,0.0
2019-04-20,10000.0,10000.0,0.0
2019-04-21,10000.0,10000.0,0.0
2019-04-22,10000.0,10000.0,0.0
2019-04-23,10000.0,10000.0,0.0
2019-04-24,10000.0,10000.0,0.0
2019-04-25,10000.0,10000.0,0.0
2019-04-26,10000.0,10000.0,0.0
2019-04-27,10000.0,10000.0,0.0
2019-04-28,10000.0,10000.0,0.0
2019-04-29,10000.0,10000.0,0.0
2019-04-30,10000.0,10000.0,0.0
2019-05-01,10000.0,10000.0,0.0
2019-05-02,10000.0,10000.0,0.0
2019-05-03,10000.0,10000.0,0.0
2019-05-04,10000.0,10000.0,0.0
2019-05-05,10000.0,10000.0,0.0
2019-05-06,10000.0,10000.0,0.0
2019-05-07,10000.0,10000.0,0.0
2019-05-08,10000.0,10000.0,0.0
2019-05-09,10000.0,10000.0,0.0
2019-05-10,10000.0,10000.0,0.0
2019-05-11,10000.0,10000.0,0.0
2019-05-12,10000.0,10000.0,0.0
2019-05-13,10000.0,10000.0,0.0
2019-05-14,10000.0,10000.0,0.0
2019-05-15,10000.0,10000.0,0.0
2019-05-16,10000.0,10000.0,0.0
2019-05-17,10000.0,10000.0,0.0
2019-05-18,10000.0,10000.0,0.0
2019-05-19,10000.0,10000.0,0.0
2019-05-20,10000.0,10000.0,0.0
2019-05-21,10000.0,10000.0,0.0
2019-05-22,10000.0,10000.0,0.0
2019-05-23,10000.0,10000.0,0.0
2019-05-24,10000.0,10000.0,0.0
2019-05-25,10000.0,10000.0,0.0
2019-05-26,10000.0,10000.0,0.0
2019-05-27,10000.0,10000.0,0.0
2019-05-28,10000.0,10000.0,0.0
2019-05-29,10000.0,10000.0,0.0
2019-05-30,10000.0,10000.0,0.0
2019-05-31,10000.0,10000.0,0.0
2019-06-01,10000.0,10000.0,0.0
2019-06-02,10000.0,10000.0,0.0
2019-06-03,10000.0,10000.0,0.0
2019-06-04,10000.0,10000.0,0.0
2019-06-05,10000.0,10000.0,0.0
2019-06-06,10000.0,10000.0,0.0
2019-06-07,10000.0,10000.0,0.0
2019-06-08,10000.0,10000.0,0.0
2019-06-09,10000.0,10000.0,0.0
2019-06-10,10000.0,10000.0,0.0
2019-06-11,10000.0,10000.0,0.0
2019-06-12,10000.0,10000.0,0.0
2019-06-13,10000.0,10000.0,0.0
2019-06-14,10000.0,10000.0,0.0
2019-06-15,10000.0,10000.0,0.0
2019-06-16,10000.0,10000.0,0.0
2019-06-17,10000.0,10000.0,0.0
2019-06-18,10000.0,10000.0,0.0
2019-06-19,10000.0,10000.0,0.0
2019-06-20,10000.0,10000.0,0.0
2019-06-21,10000.0,10000.0,0.0
2019-06-22,10000.0,10000.0,0.0
2019-06-23,10000.0,10000.0,0.0
2019-06-24,10000.0,10000.0,0.0
2019-06-25,10000.0,10000.0,0.0
2019-06-26,10000.0,10000.0,0.0
2019-06-27,10000.0,10000.0,0.0
2019-06-28,10000.0,10000.0,0.0
2019-06-29,10000.0,10000.0,0.0
2019-06-30,10000.0,10000.0,0.0
2019-07-01,10000.0,10000.0,0.0
2019-07-02,10000.0,10000.0,0.0
2019-07-03,10000.0,10000.0,0.0
2019-07-04,10000.0,10000.0,0.0
2019-07-05,10000.0,10000.0,0.0
2019-07-06,10000.0,10000.0,0.0
2019-07-07,10000.0,10000.0,0.0
2019-07-08,10000.0,10000.0,0.0
2019-07-09,10000.0,10000.0,0.0
2019-07-10,10000.0,10000.0,0.0
2019-07-11,10000.0,10000.0,0.0
2019-07-12,10000.0,10000.0,0.0
2019-07-13,10000.0,10000.0,0.0
2019-07-14,10000.0,10000.0,0.0
2019-07-15,10000.0,10000.0,0.0
2019-07-16,10000.0,10000.0,0.0
2019-07-17,10000.0,10000.0,0.0
2019-07-18,10000.0,10000.0,0.0
2019-07-19,10000.0,10000.0,0.0
2019-07-20,10000.0,10000.0,0.0
2019-07-21,10000.0,10000.0,0.0
2019-07-22,10000.0,10000.0,0.0
2019-07-23,10000.0,10000.0,0.0
2019-07-24,10000.0,10000.0,0.0
2019-07-25,10000.0,10000.0,0.0
2019-07-26,10000.0,10000.0,0.0
2019-07-27,10000.0,10000.0,0.0
2019-07-28,10000.0,10000.0,0.0
2019-07-29,10000.0,10000.0,0.0
2019-07-30,10000.0,10000.0,0.0
2019-07-31,10000.0,10000.0,0.0
2019-08-01,10000.0,10000.0,0.0
2019-08-02,10000.0,10000.0,0.0
2019-08-03,10000.0,10000.0,0.0
2019-08-04,10000.0,10000.0,0.0
2019-08-05,10100.189341345598,10100.189341345598,0.0
2019-08-06,10065.262759641846,10100.189341345598,-0.0034580125701979547
2019-08-07,10114.90316129472,10114.90316129472,0.0
2019-08-08,10117.392526715914,10117.392526715914,0.0
2019-08-09,10105.340134228012,10117.392526715914,-0.0011912548076074003
2019-08-10,10047.917698554314,10117.392526715914,-0.006866870883791898
2019-08-11,10072.13316671376,10117.392526715914,-0.0044734213763716335
2019-08-12,10056.648589322183,10117.392526715914,-0.0060039122959132385
2019-08-13,10004.355451992977,10117.392526715914,-0.011172550083873078
2019-08-14,10004.355451992977,10117.392526715914,-0.011172550083873078
2019-08-15,10004.355451992977,10117.392526715914,-0.011172550083873078
2019-08-16,10004.355451992977,10117.392526715914,-0.011172550083873078
2019-08-17,10004.355451992977,10117.392526715914,-0.011172550083873078
2019-08-18,10004.355451992977,10117.392526715914,-0.011172550083873078
2019-08-19,10004.355451992977,10117.392526715914,-0.011172550083873078
2019-08-20,10004.355451992977,10117.392526715914,-0.011172550083873078
2019-08-21,9901.606705162734,10117.392526715914,-0.021328204968165232
2019-08-22,9901.606705162734,10117.392526715914,-0.021328204968165232
2019-08-23,9901.606705162734,10117.392526715914,-0.021328204968165232
2019-08-24,9901.606705162734,10117.392526715914,-0.021328204968165232
2019-08-25,9901.606705162734,10117.392526715914,-0.021328204968165232
2019-08-26,9901.606705162734,10117.392526715914,-0.021328204968165232
2019-08-27,9901.606705162734,10117.392526715914,-0.021328204968165232
2019-08-28,9901.606705162734,10117.392526715914,-0.021328204968165232
2019-08-29,9901.606705162734,10117.392526715914,-0.021328204968165232
2019-08-30,9901.606705162734,10117.392526715914,-0.021328204968165232
2019-08-31,9901.606705162734,10117.392526715914,-0.021328204968165232
2019-09-01,9901.606705162734,10117.392526715914,-0.021328204968165232
2019-09-02,9901.606705162734,10117.392526715914,-0.021328204968165232
2019-09-03,9901.606705162734,10117.392526715914,-0.021328204968165232
2019-09-04,9901.606705162734,10117.392526715914,-0.021328204968165232
2019-09-05,9893.703805527844,10117.392526715914,-0.02210932516430475
2019-09-06,9858.586699598336,10117.392526715914,-0.02558028923303879
2019-09-07,9858.586699598336,10117.392526715914,-0.02558028923303879
2019-09-08,9858.586699598336,10117.392526715914,-0.02558028923303879
2019-09-09,9835.0978461645,10117.392526715914,-0.02790192036198924
2019-09-10,9835.0978461645,10117.392526715914,-0.02790192036198924
2019-09-11,9835.0978461645,10117.392526715914,-0.02790192036198924
2019-09-12,9835.0978461645,10117.392526715914,-0.02790192036198924
2019-09-13,9835.0978461645,10117.392526715914,-0.02790192036198924
2019-09-14,9835.0978461645,10117.392526715914,-0.02790192036198924
2019-09-15,9835.0978461645,10117.392526715914,-0.02790192036198924
2019-09-16,9835.0978461645,10117.392526715914,-0.02790192036198924
2019-09-17,9835.0978461645,10117.392526715914,-0.02790192036198924
2019-09-18,9835.0978461645,10117.392526715914,-0.02790192036198924
2019-09-19,9835.0978461645,10117.392526715914,-0.02790192036198924
2019-09-20,9835.0978461645,10117.392526715914,-0.02790192036198924
2019-09-21,9835.0978461645,10117.392526715914,-0.02790192036198924
2019-09-22,9835.0978461645,10117.392526715914,-0.02790192036198924
2019-09-23,9835.0978461645,10117.392526715914,-0.02790192036198924
2019-09-24,9835.0978461645,10117.392526715914,-0.02790192036198924
2019-09-25,9835.0978461645,10117.392526715914,-0.02790192036198924
2019-09-26,9835.0978461645,10117.392526715914,-0.02790192036198924
2019-09-27,9835.0978461645,10117.392526715914,-0.02790192036198924
2019-09-28,9835.0978461645,10117.392526715914,-0.02790192036198924
2019-09-29,9835.0978461645,10117.392526715914,-0.02790192036198924
2019-09-30,9835.0978461645,10117.392526715914,-0.02790192036198924
2019-10-01,9835.0978461645,10117.392526715914,-0.02790192036198924
2019-10-02,9835.0978461645,10117.392526715914,-0.02790192036198924
2019-10-03,9835.0978461645,10117.392526715914,-0.02790192036198924
2019-10-04,9835.0978461645,10117.392526715914,-0.02790192036198924
2019-10-05,9835.0978461645,10117.392526715914,-0.02790192036198924
2019-10-06,9835.0978461645,10117.392526715914,-0.02790192036198924
2019-10-07,9835.0978461645,10117.392526715914,-0.02790192036198924
2019-10-08,9835.0978461645,10117.392526715914,-0.02790192036198924
2019-10-09,9835.0978461645,10117.392526715914,-0.02790192036198924
2019-10-10,9835.0978461645,10117.392526715914,-0.02790192036198924
2019-10-11,9835.0978461645,10117.392526715914,-0.02790192036198924
2019-10-12,9835.0978461645,10117.392526715914,-0.02790192036198924
2019-10-13,9835.0978461645,10117.392526715914,-0.02790192036198924
2019-10-14,9835.0978461645,10117.392526715914,-0.02790192036198924
2019-10-15,9835.0978461645,10117.392526715914,-0.02790192036198924
2019-10-16,9835.0978461645,10117.392526715914,-0.02790192036198924
2019-10-17,9835.0978461645,10117.392526715914,-0.02790192036198924
2019-10-18,9835.0978461645,10117.392526715914,-0.02790192036198924
2019-10-19,9835.0978461645,10117.392526715914,-0.02790192036198924
2019-10-20,9835.0978461645,10117.392526715914,-0.02790192036198924
2019-10-21,9835.0978461645,10117.392526715914,-0.02790192036198924
2019-10-22,9835.0978461645,10117.392526715914,-0.02790192036198924
2019-10-23,9835.0978461645,10117.392526715914,-0.02790192036198924
2019-10-24,9835.0978461645,10117.392526715914,-0.02790192036198924
2019-10-25,9835.0978461645,10117.392526715914,-0.02790192036198924
2019-10-26,9835.0978461645,10117.392526715914,-0.02790192036198924
2019-10-27,9835.0978461645,10117.392526715914,-0.02790192036198924
2019-10-28,9835.0978461645,10117.392526715914,-0.02790192036198924
2019-10-29,9835.0978461645,10117.392526715914,-0.02790192036198924
2019-10-30,9835.0978461645,10117.392526715914,-0.02790192036198924
2019-10-31,9835.0978461645,10117.392526715914,-0.02790192036198924
2019-11-01,9835.0978461645,10117.392526715914,-0.02790192036198924
2019-11-02,9835.0978461645,10117.392526715914,-0.02790192036198924
2019-11-03,9835.0978461645,10117.392526715914,-0.02790192036198924
2019-11-04,9835.0978461645,10117.392526715914,-0.02790192036198924
2019-11-05,9835.0978461645,10117.392526715914,-0.02790192036198924
2019-11-06,9835.0978461645,10117.392526715914,-0.02790192036198924
2019-11-07,9835.0978461645,10117.392526715914,-0.02790192036198924
2019-11-08,9835.0978461645,10117.392526715914,-0.02790192036198924
2019-11-09,9835.0978461645,10117.392526715914,-0.02790192036198924
2019-11-10,9835.0978461645,10117.392526715914,-0.02790192036198924
2019-11-11,9835.0978461645,10117.392526715914,-0.02790192036198924
2019-11-12,9835.0978461645,10117.392526715914,-0.02790192036198924
2019-11-13,9835.0978461645,10117.392526715914,-0.02790192036198924
2019-11-14,9835.0978461645,10117.392526715914,-0.02790192036198924
2019-11-15,9835.0978461645,10117.392526715914,-0.02790192036198924
2019-11-16,9835.0978461645,10117.392526715914,-0.02790192036198924
2019-11-17,9835.0978461645,10117.392526715914,-0.02790192036198924
2019-11-18,9835.0978461645,10117.392526715914,-0.02790192036198924
2019-11-19,9835.0978461645,10117.392526715914,-0.02790192036198924
2019-11-20,9835.0978461645,10117.392526715914,-0.02790192036198924
2019-11-21,9835.0978461645,10117.392526715914,-0.02790192036198924
2019-11-22,9835.0978461645,10117.392526715914,-0.02790192036198924
2019-11-23,9835.0978461645,10117.392526715914,-0.02790192036198924
2019-11-24,9835.0978461645,10117.392526715914,-0.02790192036198924
2019-11-25,9835.0978461645,10117.392526715914,-0.02790192036198924
2019-11-26,9835.0978461645,10117.392526715914,-0.02790192036198924
2019-11-27,9835.0978461645,10117.392526715914,-0.02790192036198924
2019-11-28,9835.0978461645,10117.392526715914,-0.02790192036198924
2019-11-29,9835.0978461645,10117.392526715914,-0.02790192036198924
2019-11-30,9835.0978461645,10117.392526715914,-0.02790192036198924
2019-12-01,9835.0978461645,10117.392526715914,-0.02790192036198924
2019-12-02,9835.0978461645,10117.392526715914,-0.02790192036198924
2019-12-03,9835.0978461645,10117.392526715914,-0.02790192036198924
2019-12-04,9835.0978461645,10117.392526715914,-0.02790192036198924
2019-12-05,9835.0978461645,10117.392526715914,-0.02790192036198924
2019-12-06,9835.0978461645,10117.392526715914,-0.02790192036198924
2019-12-07,9835.0978461645,10117.392526715914,-0.02790192036198924
2019-12-08,9835.0978461645,10117.392526715914,-0.02790192036198924
2019-12-09,9835.0978461645,10117.392526715914,-0.02790192036198924
2019-12-10,9835.0978461645,10117.392526715914,-0.02790192036198924
2019-12-11,9835.0978461645,10117.392526715914,-0.02790192036198924
2019-12-12,9835.0978461645,10117.392526715914,-0.02790192036198924
2019-12-13,9835.0978461645,10117.392526715914,-0.02790192036198924
2019-12-14,9835.0978461645,10117.392526715914,-0.02790192036198924
2019-12-15,9835.0978461645,10117.392526715914,-0.02790192036198924
2019-12-16,9835.0978461645,10117.392526715914,-0.02790192036198924
2019-12-17,9835.0978461645,10117.392526715914,-0.02790192036198924
2019-12-18,9835.0978461645,10117.392526715914,-0.02790192036198924
2019-12-19,9835.0978461645,10117.392526715914,-0.02790192036198924
2019-12-20,9835.0978461645,10117.392526715914,-0.02790192036198924
2019-12-21,9835.0978461645,10117.392526715914,-0.02790192036198924
2019-12-22,9835.0978461645,10117.392526715914,-0.02790192036198924
2019-12-23,9835.0978461645,10117.392526715914,-0.02790192036198924
2019-12-24,9835.0978461645,10117.392526715914,-0.02790192036198924
2019-12-25,9835.0978461645,10117.392526715914,-0.02790192036198924
2019-12-26,9835.0978461645,10117.392526715914,-0.02790192036198924
2019-12-27,9835.0978461645,10117.392526715914,-0.02790192036198924
2019-12-28,9835.0978461645,10117.392526715914,-0.02790192036198924
2019-12-29,9835.0978461645,10117.392526715914,-0.02790192036198924
2019-12-30,9835.0978461645,10117.392526715914,-0.02790192036198924
2019-12-31,9835.0978461645,10117.392526715914,-0.02790192036198924
2020-01-01,9835.0978461645,10117.392526715914,-0.02790192036198924
2020-01-02,9835.0978461645,10117.392526715914,-0.02790192036198924
2020-01-03,9835.0978461645,10117.392526715914,-0.02790192036198924
2020-01-04,9835.0978461645,10117.392526715914,-0.02790192036198924
2020-01-05,9835.0978461645,10117.392526715914,-0.02790192036198924
2020-01-06,9835.0978461645,10117.392526715914,-0.02790192036198924
2020-01-07,9835.0978461645,10117.392526715914,-0.02790192036198924
2020-01-08,9835.0978461645,10117.392526715914,-0.02790192036198924
2020-01-09,9835.0978461645,10117.392526715914,-0.02790192036198924
2020-01-10,9835.0978461645,10117.392526715914,-0.02790192036198924
2020-01-11,9835.0978461645,10117.392526715914,-0.02790192036198924
2020-01-12,9835.0978461645,10117.392526715914,-0.02790192036198924
2020-01-13,9835.0978461645,10117.392526715914,-0.02790192036198924
2020-01-14,9835.0978461645,10117.392526715914,-0.02790192036198924
2020-01-15,9835.0978461645,10117.392526715914,-0.02790192036198924
2020-01-16,9835.0978461645,10117.392526715914,-0.02790192036198924
2020-01-17,9835.0978461645,10117.392526715914,-0.02790192036198924
2020-01-18,9835.0978461645,10117.392526715914,-0.02790192036198924
2020-01-19,9835.0978461645,10117.392526715914,-0.02790192036198924
2020-01-20,9835.0978461645,10117.392526715914,-0.02790192036198924
2020-01-21,9835.0978461645,10117.392526715914,-0.02790192036198924
2020-01-22,9835.0978461645,10117.392526715914,-0.02790192036198924
2020-01-23,9835.0978461645,10117.392526715914,-0.02790192036198924
2020-01-24,9835.0978461645,10117.392526715914,-0.02790192036198924
2020-01-25,9835.0978461645,10117.392526715914,-0.02790192036198924
2020-01-26,9835.0978461645,10117.392526715914,-0.02790192036198924
2020-01-27,9835.0978461645,10117.392526715914,-0.02790192036198924
2020-01-28,9835.0978461645,10117.392526715914,-0.02790192036198924
2020-01-29,9835.0978461645,10117.392526715914,-0.02790192036198924
2020-01-30,9835.0978461645,10117.392526715914,-0.02790192036198924
2020-01-31,9835.0978461645,10117.392526715914,-0.02790192036198924
2020-02-01,9835.0978461645,10117.392526715914,-0.02790192036198924
2020-02-02,9835.0978461645,10117.392526715914,-0.02790192036198924
2020-02-03,9835.0978461645,10117.392526715914,-0.02790192036198924
2020-02-04,9835.0978461645,10117.392526715914,-0.02790192036198924
2020-02-05,9835.0978461645,10117.392526715914,-0.02790192036198924
2020-02-06,9835.0978461645,10117.392526715914,-0.02790192036198924
2020-02-07,9835.0978461645,10117.392526715914,-0.02790192036198924
2020-02-08,9835.0978461645,10117.392526715914,-0.02790192036198924
2020-02-09,9835.0978461645,10117.392526715914,-0.02790192036198924
2020-02-10,9835.0978461645,10117.392526715914,-0.02790192036198924
2020-02-11,9835.0978461645,10117.392526715914,-0.02790192036198924
2020-02-12,9835.0978461645,10117.392526715914,-0.02790192036198924
2020-02-13,9835.0978461645,10117.392526715914,-0.02790192036198924
2020-02-14,9835.0978461645,10117.392526715914,-0.02790192036198924
2020-02-15,9835.0978461645,10117.392526715914,-0.02790192036198924
2020-02-16,9835.0978461645,10117.392526715914,-0.02790192036198924
2020-02-17,9835.0978461645,10117.392526715914,-0.02790192036198924
2020-02-18,9835.0978461645,10117.392526715914,-0.02790192036198924
2020-02-19,9835.0978461645,10117.392526715914,-0.02790192036198924
2020-02-20,9835.0978461645,10117.392526715914,-0.02790192036198924
2020-02-21,9835.0978461645,10117.392526715914,-0.02790192036198924
2020-02-22,9835.0978461645,10117.392526715914,-0.02790192036198924
2020-02-23,9835.0978461645,10117.392526715914,-0.02790192036198924
2020-02-24,9835.0978461645,10117.392526715914,-0.02790192036198924
2020-02-25,9835.0978461645,10117.392526715914,-0.02790192036198924
2020-02-26,9835.0978461645,10117.392526715914,-0.02790192036198924
2020-02-27,9835.0978461645,10117.392526715914,-0.02790192036198924
2020-02-28,9835.0978461645,10117.392526715914,-0.02790192036198924
2020-02-29,9835.0978461645,10117.392526715914,-0.02790192036198924
2020-03-01,9835.0978461645,10117.392526715914,-0.02790192036198924
2020-03-02,9835.0978461645,10117.392526715914,-0.02790192036198924
2020-03-03,9835.0978461645,10117.392526715914,-0.02790192036198924
2020-03-04,9835.0978461645,10117.392526715914,-0.02790192036198924
2020-03-05,9835.0978461645,10117.392526715914,-0.02790192036198924
2020-03-06,9835.0978461645,10117.392526715914,-0.02790192036198924
2020-03-07,9835.0978461645,10117.392526715914,-0.02790192036198924
2020-03-08,9835.0978461645,10117.392526715914,-0.02790192036198924
2020-03-09,9835.0978461645,10117.392526715914,-0.02790192036198924
2020-03-10,9835.0978461645,10117.392526715914,-0.02790192036198924
2020-03-11,9835.0978461645,10117.392526715914,-0.02790192036198924
2020-03-12,9835.0978461645,10117.392526715914,-0.02790192036198924
2020-03-13,9835.0978461645,10117.392526715914,-0.02790192036198924
2020-03-14,9835.0978461645,10117.392526715914,-0.02790192036198924
2020-03-15,9835.0978461645,10117.392526715914,-0.02790192036198924
2020-03-16,9835.0978461645,10117.392526715914,-0.02790192036198924
2020-03-17,9835.0978461645,10117.392526715914,-0.02790192036198924
2020-03-18,9835.0978461645,10117.392526715914,-0.02790192036198924
2020-03-19,9835.0978461645,10117.392526715914,-0.02790192036198924
2020-03-20,9835.0978461645,10117.392526715914,-0.02790192036198924
2020-03-21,9835.0978461645,10117.392526715914,-0.02790192036198924
2020-03-22,9835.0978461645,10117.392526715914,-0.02790192036198924
2020-03-23,9835.0978461645,10117.392526715914,-0.02790192036198924
2020-03-24,9835.0978461645,10117.392526715914,-0.02790192036198924
2020-03-25,9835.0978461645,10117.392526715914,-0.02790192036198924
2020-03-26,9835.0978461645,10117.392526715914,-0.02790192036198924
2020-03-27,9835.0978461645,10117.392526715914,-0.02790192036198924
2020-03-28,9835.0978461645,10117.392526715914,-0.02790192036198924
2020-03-29,9835.0978461645,10117.392526715914,-0.02790192036198924
2020-03-30,9835.0978461645,10117.392526715914,-0.02790192036198924
2020-03-31,9835.0978461645,10117.392526715914,-0.02790192036198924
2020-04-01,9835.0978461645,10117.392526715914,-0.02790192036198924
2020-04-02,9835.0978461645,10117.392526715914,-0.02790192036198924
2020-04-03,9835.0978461645,10117.392526715914,-0.02790192036198924
2020-04-04,9835.0978461645,10117.392526715914,-0.02790192036198924
2020-04-05,9835.0978461645,10117.392526715914,-0.02790192036198924
2020-04-06,9835.0978461645,10117.392526715914,-0.02790192036198924
2020-04-07,9835.0978461645,10117.392526715914,-0.02790192036198924
2020-04-08,9835.0978461645,10117.392526715914,-0.02790192036198924
2020-04-09,9835.0978461645,10117.392526715914,-0.02790192036198924
2020-04-10,9835.0978461645,10117.392526715914,-0.02790192036198924
2020-04-11,9835.0978461645,10117.392526715914,-0.02790192036198924
2020-04-12,9835.0978461645,10117.392526715914,-0.02790192036198924
2020-04-13,9835.0978461645,10117.392526715914,-0.02790192036198924
2020-04-14,9835.0978461645,10117.392526715914,-0.02790192036198924
2020-04-15,9835.0978461645,10117.392526715914,-0.02790192036198924
2020-04-16,9835.0978461645,10117.392526715914,-0.02790192036198924
2020-04-17,9835.0978461645,10117.392526715914,-0.02790192036198924
2020-04-18,9835.0978461645,10117.392526715914,-0.02790192036198924
2020-04-19,9835.0978461645,10117.392526715914,-0.02790192036198924
2020-04-20,9835.0978461645,10117.392526715914,-0.02790192036198924
2020-04-21,9835.0978461645,10117.392526715914,-0.02790192036198924
2020-04-22,9835.0978461645,10117.392526715914,-0.02790192036198924
2020-04-23,9835.0978461645,10117.392526715914,-0.02790192036198924
2020-04-24,9835.0978461645,10117.392526715914,-0.02790192036198924
2020-04-25,9835.0978461645,10117.392526715914,-0.02790192036198924
2020-04-26,9835.0978461645,10117.392526715914,-0.02790192036198924
2020-04-27,9835.0978461645,10117.392526715914,-0.02790192036198924
2020-04-28,9835.0978461645,10117.392526715914,-0.02790192036198924
2020-04-29,9835.0978461645,10117.392526715914,-0.02790192036198924
2020-04-30,9835.0978461645,10117.392526715914,-0.02790192036198924
2020-05-01,9835.0978461645,10117.392526715914,-0.02790192036198924
2020-05-02,9835.0978461645,10117.392526715914,-0.02790192036198924
2020-05-03,9835.0978461645,10117.392526715914,-0.02790192036198924
2020-05-04,9835.0978461645,10117.392526715914,-0.02790192036198924
2020-05-05,9835.0978461645,10117.392526715914,-0.02790192036198924
2020-05-06,9835.0978461645,10117.392526715914,-0.02790192036198924
2020-05-07,9835.0978461645,10117.392526715914,-0.02790192036198924
2020-05-08,9835.0978461645,10117.392526715914,-0.02790192036198924
2020-05-09,9835.0978461645,10117.392526715914,-0.02790192036198924
2020-05-10,9835.0978461645,10117.392526715914,-0.02790192036198924
2020-05-11,9835.0978461645,10117.392526715914,-0.02790192036198924
2020-05-12,9835.0978461645,10117.392526715914,-0.02790192036198924
2020-05-13,9835.0978461645,10117.392526715914,-0.02790192036198924
2020-05-14,9835.0978461645,10117.392526715914,-0.02790192036198924
2020-05-15,9835.0978461645,10117.392526715914,-0.02790192036198924
2020-05-16,9835.0978461645,10117.392526715914,-0.02790192036198924
2020-05-17,9835.0978461645,10117.392526715914,-0.02790192036198924
2020-05-18,9835.0978461645,10117.392526715914,-0.02790192036198924
2020-05-19,9835.0978461645,10117.392526715914,-0.02790192036198924
2020-05-20,9835.0978461645,10117.392526715914,-0.02790192036198924
2020-05-21,9835.0978461645,10117.392526715914,-0.02790192036198924
2020-05-22,9835.0978461645,10117.392526715914,-0.02790192036198924
2020-05-23,9835.0978461645,10117.392526715914,-0.02790192036198924
2020-05-24,9835.0978461645,10117.392526715914,-0.02790192036198924
2020-05-25,9835.0978461645,10117.392526715914,-0.02790192036198924
2020-05-26,9835.0978461645,10117.392526715914,-0.02790192036198924
2020-05-27,9835.0978461645,10117.392526715914,-0.02790192036198924
2020-05-28,9835.0978461645,10117.392526715914,-0.02790192036198924
2020-05-29,9835.0978461645,10117.392526715914,-0.02790192036198924
2020-05-30,9835.0978461645,10117.392526715914,-0.02790192036198924
2020-05-31,9835.0978461645,10117.392526715914,-0.02790192036198924
2020-06-01,9835.0978461645,10117.392526715914,-0.02790192036198924
2020-06-02,9835.0978461645,10117.392526715914,-0.02790192036198924
2020-06-03,9835.0978461645,10117.392526715914,-0.02790192036198924
2020-06-04,9835.0978461645,10117.392526715914,-0.02790192036198924
2020-06-05,9835.0978461645,10117.392526715914,-0.02790192036198924
2020-06-06,9835.0978461645,10117.392526715914,-0.02790192036198924
2020-06-07,9835.0978461645,10117.392526715914,-0.02790192036198924
2020-06-08,9835.0978461645,10117.392526715914,-0.02790192036198924
2020-06-09,9835.0978461645,10117.392526715914,-0.02790192036198924
2020-06-10,9835.0978461645,10117.392526715914,-0.02790192036198924
2020-06-11,9835.0978461645,10117.392526715914,-0.02790192036198924
2020-06-12,9835.0978461645,10117.392526715914,-0.02790192036198924
2020-06-13,9835.0978461645,10117.392526715914,-0.02790192036198924
2020-06-14,9835.0978461645,10117.392526715914,-0.02790192036198924
2020-06-15,9835.0978461645,10117.392526715914,-0.02790192036198924
2020-06-16,9835.0978461645,10117.392526715914,-0.02790192036198924
2020-06-17,9835.0978461645,10117.392526715914,-0.02790192036198924
2020-06-18,9835.0978461645,10117.392526715914,-0.02790192036198924
2020-06-19,9835.0978461645,10117.392526715914,-0.02790192036198924
2020-06-20,9835.0978461645,10117.392526715914,-0.02790192036198924
2020-06-21,9835.0978461645,10117.392526715914,-0.02790192036198924
2020-06-22,9835.0978461645,10117.392526715914,-0.02790192036198924
2020-06-23,9835.0978461645,10117.392526715914,-0.02790192036198924
2020-06-24,9759.561818982236,10117.392526715914,-0.035367878313388834
2020-06-25,9759.561818982236,10117.392526715914,-0.035367878313388834
2020-06-26,9759.561818982236,10117.392526715914,-0.035367878313388834
2020-06-27,9759.561818982236,10117.392526715914,-0.035367878313388834
2020-06-28,9759.561818982236,10117.392526715914,-0.035367878313388834
2020-06-29,9759.561818982236,10117.392526715914,-0.035367878313388834
2020-06-30,9759.561818982236,10117.392526715914,-0.035367878313388834
2020-07-01,9759.561818982236,10117.392526715914,-0.035367878313388834
2020-07-02,9759.561818982236,10117.392526715914,-0.035367878313388834
2020-07-03,9759.561818982236,10117.392526715914,-0.035367878313388834
2020-07-04,9759.561818982236,10117.392526715914,-0.035367878313388834
2020-07-05,9759.561818982236,10117.392526715914,-0.035367878313388834
2020-07-06,9759.561818982236,10117.392526715914,-0.035367878313388834
2020-07-07,9759.561818982236,10117.392526715914,-0.035367878313388834
2020-07-08,9759.561818982236,10117.392526715914,-0.035367878313388834
2020-07-09,9759.561818982236,10117.392526715914,-0.035367878313388834
2020-07-10,9717.848961902924,10117.392526715914,-0.03949076441958321
2020-07-11,9717.848961902924,10117.392526715914,-0.03949076441958321
2020-07-12,9717.848961902924,10117.392526715914,-0.03949076441958321
2020-07-13,9717.848961902924,10117.392526715914,-0.03949076441958321
2020-07-14,9717.848961902924,10117.392526715914,-0.03949076441958321
2020-07-15,9717.848961902924,10117.392526715914,-0.03949076441958321
2020-07-16,9717.848961902924,10117.392526715914,-0.03949076441958321
2020-07-17,9717.848961902924,10117.392526715914,-0.03949076441958321
2020-07-18,9717.848961902924,10117.392526715914,-0.03949076441958321
2020-07-19,9717.848961902924,10117.392526715914,-0.03949076441958321
2020-07-20,9717.848961902924,10117.392526715914,-0.03949076441958321
2020-07-21,9717.848961902924,10117.392526715914,-0.03949076441958321
2020-07-22,9717.848961902924,10117.392526715914,-0.03949076441958321
2020-07-23,9781.729141826456,10117.392526715914,-0.03317686686595467
2020-07-24,9760.731908291777,10117.392526715914,-0.035252227041932205
2020-07-25,9812.88663744115,10117.392526715914,-0.03009726947636837
2020-07-26,9904.383452278556,10117.392526715914,-0.021053752127822234
2020-07-27,9904.383452278556,10117.392526715914,-0.021053752127822234
2020-07-28,9904.383452278556,10117.392526715914,-0.021053752127822234
2020-07-29,9904.383452278556,10117.392526715914,-0.021053752127822234
2020-07-30,9904.383452278556,10117.392526715914,-0.021053752127822234
2020-07-31,9904.383452278556,10117.392526715914,-0.021053752127822234
2020-08-01,9904.383452278556,10117.392526715914,-0.021053752127822234
2020-08-02,9904.383452278556,10117.392526715914,-0.021053752127822234
2020-08-03,9904.383452278556,10117.392526715914,-0.021053752127822234
2020-08-04,9904.383452278556,10117.392526715914,-0.021053752127822234
2020-08-05,9904.383452278556,10117.392526715914,-0.021053752127822234
2020-08-06,9904.383452278556,10117.392526715914,-0.021053752127822234
2020-08-07,9904.383452278556,10117.392526715914,-0.021053752127822234
2020-08-08,9904.383452278556,10117.392526715914,-0.021053752127822234
2020-08-09,9904.383452278556,10117.392526715914,-0.021053752127822234
2020-08-10,9904.383452278556,10117.392526715914,-0.021053752127822234
2020-08-11,9904.383452278556,10117.392526715914,-0.021053752127822234
2020-08-12,9904.383452278556,10117.392526715914,-0.021053752127822234
2020-08-13,9904.383452278556,10117.392526715914,-0.021053752127822234
2020-08-14,9904.383452278556,10117.392526715914,-0.021053752127822234
2020-08-15,9904.383452278556,10117.392526715914,-0.021053752127822234
2020-08-16,9904.383452278556,10117.392526715914,-0.021053752127822234
2020-08-17,9904.383452278556,10117.392526715914,-0.021053752127822234
2020-08-18,9904.383452278556,10117.392526715914,-0.021053752127822234
2020-08-19,9904.383452278556,10117.392526715914,-0.021053752127822234
2020-08-20,9904.383452278556,10117.392526715914,-0.021053752127822234
2020-08-21,9904.383452278556,10117.392526715914,-0.021053752127822234
2020-08-22,9904.383452278556,10117.392526715914,-0.021053752127822234
2020-08-23,9904.383452278556,10117.392526715914,-0.021053752127822234
2020-08-24,9904.383452278556,10117.392526715914,-0.021053752127822234
2020-08-25,9904.383452278556,10117.392526715914,-0.021053752127822234
2020-08-26,9904.383452278556,10117.392526715914,-0.021053752127822234
2020-08-27,9904.383452278556,10117.392526715914,-0.021053752127822234
2020-08-28,9904.383452278556,10117.392526715914,-0.021053752127822234
2020-08-29,9904.383452278556,10117.392526715914,-0.021053752127822234
2020-08-30,9904.383452278556,10117.392526715914,-0.021053752127822234
2020-08-31,9904.383452278556,10117.392526715914,-0.021053752127822234
2020-09-01,9904.383452278556,10117.392526715914,-0.021053752127822234
2020-09-02,9904.383452278556,10117.392526715914,-0.021053752127822234
2020-09-03,9904.383452278556,10117.392526715914,-0.021053752127822234
2020-09-04,9904.383452278556,10117.392526715914,-0.021053752127822234
2020-09-05,9904.383452278556,10117.392526715914,-0.021053752127822234
2020-09-06,9904.383452278556,10117.392526715914,-0.021053752127822234
2020-09-07,9904.383452278556,10117.392526715914,-0.021053752127822234
2020-09-08,9904.383452278556,10117.392526715914,-0.021053752127822234
2020-09-09,9904.383452278556,10117.392526715914,-0.021053752127822234
2020-09-10,9904.383452278556,10117.392526715914,-0.021053752127822234
2020-09-11,9904.383452278556,10117.392526715914,-0.021053752127822234
2020-09-12,9904.383452278556,10117.392526715914,-0.021053752127822234
2020-09-13,9904.383452278556,10117.392526715914,-0.021053752127822234
2020-09-14,9904.383452278556,10117.392526715914,-0.021053752127822234
2020-09-15,9904.383452278556,10117.392526715914,-0.021053752127822234
2020-09-16,9904.383452278556,10117.392526715914,-0.021053752127822234
2020-09-17,9904.383452278556,10117.392526715914,-0.021053752127822234
2020-09-18,9904.383452278556,10117.392526715914,-0.021053752127822234
2020-09-19,9904.383452278556,10117.392526715914,-0.021053752127822234
2020-09-20,9904.383452278556,10117.392526715914,-0.021053752127822234
2020-09-21,9904.383452278556,10117.392526715914,-0.021053752127822234
2020-09-22,9904.383452278556,10117.392526715914,-0.021053752127822234
2020-09-23,9904.383452278556,10117.392526715914,-0.021053752127822234
2020-09-24,9904.383452278556,10117.392526715914,-0.021053752127822234
2020-09-25,9904.383452278556,10117.392526715914,-0.021053752127822234
2020-09-26,9904.383452278556,10117.392526715914,-0.021053752127822234
2020-09-27,9904.383452278556,10117.392526715914,-0.021053752127822234
2020-09-28,9904.383452278556,10117.392526715914,-0.021053752127822234
2020-09-29,9904.383452278556,10117.392526715914,-0.021053752127822234
2020-09-30,9904.383452278556,10117.392526715914,-0.021053752127822234
2020-10-01,9904.383452278556,10117.392526715914,-0.021053752127822234
2020-10-02,9904.383452278556,10117.392526715914,-0.021053752127822234
2020-10-03,9904.383452278556,10117.392526715914,-0.021053752127822234
2020-10-04,9904.383452278556,10117.392526715914,-0.021053752127822234
2020-10-05,9904.383452278556,10117.392526715914,-0.021053752127822234
2020-10-06,9904.383452278556,10117.392526715914,-0.021053752127822234
2020-10-07,9904.383452278556,10117.392526715914,-0.021053752127822234
2020-10-08,9904.383452278556,10117.392526715914,-0.021053752127822234
2020-10-09,9904.383452278556,10117.392526715914,-0.021053752127822234
2020-10-10,9979.092002502519,10117.392526715914,-0.013669581747293047
2020-10-11,9995.207903610613,10117.392526715914,-0.012076690983636396
2020-10-12,10029.061926479242,10117.392526715914,-0.008730569660456156
2020-10-13,10006.165865920788,10117.392526715914,-0.010993609321909958
2020-10-14,10005.598194997852,10117.392526715914,-0.011049717743268128
2020-10-15,10024.144237922115,10117.392526715914,-0.009216632501661604
2020-10-16,9984.64114523235,10117.392526715914,-0.013121106167722663
2020-10-17,9993.33267606743,10117.392526715914,-0.012262037903629008
2020-10-18,10023.723268473645,10117.392526715914,-0.009258240993905043
2020-10-19,10076.520916523425,10117.392526715914,-0.0040397375197773755
2020-10-20,10096.365180058712,10117.392526715914,-0.0020783365478483917
2020-10-21,10096.365180058712,10117.392526715914,-0.0020783365478483917
2020-10-22,10096.365180058712,10117.392526715914,-0.0020783365478483917
2020-10-23,10096.365180058712,10117.392526715914,-0.0020783365478483917
2020-10-24,10096.365180058712,10117.392526715914,-0.0020783365478483917
2020-10-25,10096.365180058712,10117.392526715914,-0.0020783365478483917
2020-10-26,10096.365180058712,10117.392526715914,-0.0020783365478483917
2020-10-27,10096.365180058712,10117.392526715914,-0.0020783365478483917
2020-10-28,10096.365180058712,10117.392526715914,-0.0020783365478483917
2020-10-29,10096.365180058712,10117.392526715914,-0.0020783365478483917
2020-10-30,10096.365180058712,10117.392526715914,-0.0020783365478483917
2020-10-31,10096.365180058712,10117.392526715914,-0.0020783365478483917
2020-11-01,10096.365180058712,10117.392526715914,-0.0020783365478483917
2020-11-02,10096.365180058712,10117.392526715914,-0.0020783365478483917
2020-11-03,10096.365180058712,10117.392526715914,-0.0020783365478483917
2020-11-04,10096.365180058712,10117.392526715914,-0.0020783365478483917
2020-11-05,10096.365180058712,10117.392526715914,-0.0020783365478483917
2020-11-06,10096.365180058712,10117.392526715914,-0.0020783365478483917
2020-11-07,10096.365180058712,10117.392526715914,-0.0020783365478483917
2020-11-08,10096.365180058712,10117.392526715914,-0.0020783365478483917
2020-11-09,10096.365180058712,10117.392526715914,-0.0020783365478483917
2020-11-10,10096.365180058712,10117.392526715914,-0.0020783365478483917
2020-11-11,10096.365180058712,10117.392526715914,-0.0020783365478483917
2020-11-12,10096.365180058712,10117.392526715914,-0.0020783365478483917
2020-11-13,10096.365180058712,10117.392526715914,-0.0020783365478483917
2020-11-14,10096.365180058712,10117.392526715914,-0.0020783365478483917
2020-11-15,10096.365180058712,10117.392526715914,-0.0020783365478483917
2020-11-16,10096.365180058712,10117.392526715914,-0.0020783365478483917
2020-11-17,10096.365180058712,10117.392526715914,-0.0020783365478483917
2020-11-18,10096.365180058712,10117.392526715914,-0.0020783365478483917
2020-11-19,10096.365180058712,10117.392526715914,-0.0020783365478483917
2020-11-20,10096.365180058712,10117.392526715914,-0.0020783365478483917
2020-11-21,10096.365180058712,10117.392526715914,-0.0020783365478483917
2020-11-22,10096.365180058712,10117.392526715914,-0.0020783365478483917
2020-11-23,10096.365180058712,10117.392526715914,-0.0020783365478483917
2020-11-24,10096.365180058712,10117.392526715914,-0.0020783365478483917
2020-11-25,10096.365180058712,10117.392526715914,-0.0020783365478483917
2020-11-26,10096.365180058712,10117.392526715914,-0.0020783365478483917
2020-11-27,10096.365180058712,10117.392526715914,-0.0020783365478483917
2020-11-28,10096.365180058712,10117.392526715914,-0.0020783365478483917
2020-11-29,10096.365180058712,10117.392526715914,-0.0020783365478483917
2020-11-30,10096.365180058712,10117.392526715914,-0.0020783365478483917
2020-12-01,10096.365180058712,10117.392526715914,-0.0020783365478483917
2020-12-02,10096.365180058712,10117.392526715914,-0.0020783365478483917
2020-12-03,10096.365180058712,10117.392526715914,-0.0020783365478483917
2020-12-04,10096.365180058712,10117.392526715914,-0.0020783365478483917
2020-12-05,10096.365180058712,10117.392526715914,-0.0020783365478483917
2020-12-06,10096.365180058712,10117.392526715914,-0.0020783365478483917
2020-12-07,10096.365180058712,10117.392526715914,-0.0020783365478483917
2020-12-08,10096.365180058712,10117.392526715914,-0.0020783365478483917
2020-12-09,10096.365180058712,10117.392526715914,-0.0020783365478483917
2020-12-10,10096.365180058712,10117.392526715914,-0.0020783365478483917
2020-12-11,10096.365180058712,10117.392526715914,-0.0020783365478483917
2020-12-12,10096.365180058712,10117.392526715914,-0.0020783365478483917
2020-12-13,10096.365180058712,10117.392526715914,-0.0020783365478483917
2020-12-14,10096.365180058712,10117.392526715914,-0.0020783365478483917
2020-12-15,10096.365180058712,10117.392526715914,-0.0020783365478483917
2020-12-16,10096.365180058712,10117.392526715914,-0.0020783365478483917
2020-12-17,10096.365180058712,10117.392526715914,-0.0020783365478483917
2020-12-18,10096.365180058712,10117.392526715914,-0.0020783365478483917
2020-12-19,10096.365180058712,10117.392526715914,-0.0020783365478483917
2020-12-20,10096.365180058712,10117.392526715914,-0.0020783365478483917
2020-12-21,10096.365180058712,10117.392526715914,-0.0020783365478483917
2020-12-22,10096.365180058712,10117.392526715914,-0.0020783365478483917
2020-12-23,10096.365180058712,10117.392526715914,-0.0020783365478483917
2020-12-24,10096.365180058712,10117.392526715914,-0.0020783365478483917
2020-12-25,10096.365180058712,10117.392526715914,-0.0020783365478483917
2020-12-26,10096.365180058712,10117.392526715914,-0.0020783365478483917
2020-12-27,10096.365180058712,10117.392526715914,-0.0020783365478483917
2020-12-28,10096.365180058712,10117.392526715914,-0.0020783365478483917
2020-12-29,10096.365180058712,10117.392526715914,-0.0020783365478483917
2020-12-30,10096.365180058712,10117.392526715914,-0.0020783365478483917
2020-12-31,10096.365180058712,10117.392526715914,-0.0020783365478483917
2021-01-01,10096.365180058712,10117.392526715914,-0.0020783365478483917
2021-01-02,10096.365180058712,10117.392526715914,-0.0020783365478483917
2021-01-03,10096.365180058712,10117.392526715914,-0.0020783365478483917
2021-01-04,10096.365180058712,10117.392526715914,-0.0020783365478483917
2021-01-05,10096.365180058712,10117.392526715914,-0.0020783365478483917
2021-01-06,10096.365180058712,10117.392526715914,-0.0020783365478483917
2021-01-07,10096.365180058712,10117.392526715914,-0.0020783365478483917
2021-01-08,10096.365180058712,10117.392526715914,-0.0020783365478483917
2021-01-09,10096.365180058712,10117.392526715914,-0.0020783365478483917
2021-01-10,10096.365180058712,10117.392526715914,-0.0020783365478483917
2021-01-11,10096.365180058712,10117.392526715914,-0.0020783365478483917
2021-01-12,10096.365180058712,10117.392526715914,-0.0020783365478483917
2021-01-13,10096.365180058712,10117.392526715914,-0.0020783365478483917
2021-01-14,10096.365180058712,10117.392526715914,-0.0020783365478483917
2021-01-15,10096.365180058712,10117.392526715914,-0.0020783365478483917
2021-01-16,10096.365180058712,10117.392526715914,-0.0020783365478483917
2021-01-17,10096.365180058712,10117.392526715914,-0.0020783365478483917
2021-01-18,10096.365180058712,10117.392526715914,-0.0020783365478483917
2021-01-19,10096.365180058712,10117.392526715914,-0.0020783365478483917
2021-01-20,10096.365180058712,10117.392526715914,-0.0020783365478483917
2021-01-21,10096.365180058712,10117.392526715914,-0.0020783365478483917
2021-01-22,10096.365180058712,10117.392526715914,-0.0020783365478483917
2021-01-23,10096.365180058712,10117.392526715914,-0.0020783365478483917
2021-01-24,10096.365180058712,10117.392526715914,-0.0020783365478483917
2021-01-25,10096.365180058712,10117.392526715914,-0.0020783365478483917
2021-01-26,10096.365180058712,10117.392526715914,-0.0020783365478483917
2021-01-27,10096.365180058712,10117.392526715914,-0.0020783365478483917
2021-01-28,10096.365180058712,10117.392526715914,-0.0020783365478483917
2021-01-29,10096.365180058712,10117.392526715914,-0.0020783365478483917
2021-01-30,10096.365180058712,10117.392526715914,-0.0020783365478483917
2021-01-31,10096.365180058712,10117.392526715914,-0.0020783365478483917
2021-02-01,10096.365180058712,10117.392526715914,-0.0020783365478483917
2021-02-02,10096.365180058712,10117.392526715914,-0.0020783365478483917
2021-02-03,10096.365180058712,10117.392526715914,-0.0020783365478483917
2021-02-04,10096.365180058712,10117.392526715914,-0.0020783365478483917
2021-02-05,10096.365180058712,10117.392526715914,-0.0020783365478483917
2021-02-06,10096.365180058712,10117.392526715914,-0.0020783365478483917
2021-02-07,10096.365180058712,10117.392526715914,-0.0020783365478483917
2021-02-08,10096.365180058712,10117.392526715914,-0.0020783365478483917
2021-02-09,10096.365180058712,10117.392526715914,-0.0020783365478483917
2021-02-10,10096.365180058712,10117.392526715914,-0.0020783365478483917
2021-02-11,10096.365180058712,10117.392526715914,-0.0020783365478483917
2021-02-12,10096.365180058712,10117.392526715914,-0.0020783365478483917
2021-02-13,10096.365180058712,10117.392526715914,-0.0020783365478483917
2021-02-14,10096.365180058712,10117.392526715914,-0.0020783365478483917
2021-02-15,10096.365180058712,10117.392526715914,-0.0020783365478483917
2021-02-16,10096.365180058712,10117.392526715914,-0.0020783365478483917
2021-02-17,10096.365180058712,10117.392526715914,-0.0020783365478483917
2021-02-18,10096.365180058712,10117.392526715914,-0.0020783365478483917
2021-02-19,10096.365180058712,10117.392526715914,-0.0020783365478483917
2021-02-20,10096.365180058712,10117.392526715914,-0.0020783365478483917
2021-02-21,10096.365180058712,10117.392526715914,-0.0020783365478483917
2021-02-22,10096.365180058712,10117.392526715914,-0.0020783365478483917
2021-02-23,10096.365180058712,10117.392526715914,-0.0020783365478483917
2021-02-24,10096.365180058712,10117.392526715914,-0.0020783365478483917
2021-02-25,10096.365180058712,10117.392526715914,-0.0020783365478483917
2021-02-26,10096.365180058712,10117.392526715914,-0.0020783365478483917
2021-02-27,10096.365180058712,10117.392526715914,-0.0020783365478483917
2021-02-28,10096.365180058712,10117.392526715914,-0.0020783365478483917
2021-03-01,10096.365180058712,10117.392526715914,-0.0020783365478483917
2021-03-02,10096.365180058712,10117.392526715914,-0.0020783365478483917
2021-03-03,10096.365180058712,10117.392526715914,-0.0020783365478483917
2021-03-04,10096.365180058712,10117.392526715914,-0.0020783365478483917
2021-03-05,10096.365180058712,10117.392526715914,-0.0020783365478483917
2021-03-06,10096.365180058712,10117.392526715914,-0.0020783365478483917
2021-03-07,10096.365180058712,10117.392526715914,-0.0020783365478483917
2021-03-08,10096.365180058712,10117.392526715914,-0.0020783365478483917
2021-03-09,10096.365180058712,10117.392526715914,-0.0020783365478483917
2021-03-10,10096.365180058712,10117.392526715914,-0.0020783365478483917
2021-03-11,10096.365180058712,10117.392526715914,-0.0020783365478483917
2021-03-12,10096.365180058712,10117.392526715914,-0.0020783365478483917
2021-03-13,10096.365180058712,10117.392526715914,-0.0020783365478483917
2021-03-14,10096.365180058712,10117.392526715914,-0.0020783365478483917
2021-03-15,10096.365180058712,10117.392526715914,-0.0020783365478483917
2021-03-16,10096.365180058712,10117.392526715914,-0.0020783365478483917
2021-03-17,10096.365180058712,10117.392526715914,-0.0020783365478483917
2021-03-18,10096.365180058712,10117.392526715914,-0.0020783365478483917
2021-03-19,10096.365180058712,10117.392526715914,-0.0020783365478483917
2021-03-20,10096.365180058712,10117.392526715914,-0.0020783365478483917
2021-03-21,10096.365180058712,10117.392526715914,-0.0020783365478483917
2021-03-22,10096.365180058712,10117.392526715914,-0.0020783365478483917
2021-03-23,10096.365180058712,10117.392526715914,-0.0020783365478483917
2021-03-24,10096.365180058712,10117.392526715914,-0.0020783365478483917
2021-03-25,10096.365180058712,10117.392526715914,-0.0020783365478483917
2021-03-26,10096.365180058712,10117.392526715914,-0.0020783365478483917
2021-03-27,10096.365180058712,10117.392526715914,-0.0020783365478483917
2021-03-28,10096.365180058712,10117.392526715914,-0.0020783365478483917
2021-03-29,10096.365180058712,10117.392526715914,-0.0020783365478483917
2021-03-30,10096.365180058712,10117.392526715914,-0.0020783365478483917
2021-03-31,10096.365180058712,10117.392526715914,-0.0020783365478483917
2021-04-01,10096.365180058712,10117.392526715914,-0.0020783365478483917
2021-04-02,10096.365180058712,10117.392526715914,-0.0020783365478483917
2021-04-03,10096.365180058712,10117.392526715914,-0.0020783365478483917
2021-04-04,10096.365180058712,10117.392526715914,-0.0020783365478483917
2021-04-05,10096.365180058712,10117.392526715914,-0.0020783365478483917
2021-04-06,10096.365180058712,10117.392526715914,-0.0020783365478483917
2021-04-07,10096.365180058712,10117.392526715914,-0.0020783365478483917
2021-04-08,10096.365180058712,10117.392526715914,-0.0020783365478483917
2021-04-09,10096.365180058712,10117.392526715914,-0.0020783365478483917
2021-04-10,10096.365180058712,10117.392526715914,-0.0020783365478483917
2021-04-11,10096.365180058712,10117.392526715914,-0.0020783365478483917
2021-04-12,10096.365180058712,10117.392526715914,-0.0020783365478483917
2021-04-13,10096.365180058712,10117.392526715914,-0.0020783365478483917
2021-04-14,10096.365180058712,10117.392526715914,-0.0020783365478483917
2021-04-15,10096.365180058712,10117.392526715914,-0.0020783365478483917
2021-04-16,10096.365180058712,10117.392526715914,-0.0020783365478483917
2021-04-17,10096.365180058712,10117.392526715914,-0.0020783365478483917
2021-04-18,10096.365180058712,10117.392526715914,-0.0020783365478483917
2021-04-19,10096.365180058712,10117.392526715914,-0.0020783365478483917
2021-04-20,10096.365180058712,10117.392526715914,-0.0020783365478483917
2021-04-21,10096.365180058712,10117.392526715914,-0.0020783365478483917
2021-04-22,10096.365180058712,10117.392526715914,-0.0020783365478483917
2021-04-23,10096.365180058712,10117.392526715914,-0.0020783365478483917
2021-04-24,10096.365180058712,10117.392526715914,-0.0020783365478483917
2021-04-25,10096.365180058712,10117.392526715914,-0.0020783365478483917
2021-04-26,10096.365180058712,10117.392526715914,-0.0020783365478483917
2021-04-27,10096.365180058712,10117.392526715914,-0.0020783365478483917
2021-04-28,10096.365180058712,10117.392526715914,-0.0020783365478483917
2021-04-29,10096.365180058712,10117.392526715914,-0.0020783365478483917
2021-04-30,10096.365180058712,10117.392526715914,-0.0020783365478483917
2021-05-01,10096.365180058712,10117.392526715914,-0.0020783365478483917
2021-05-02,10071.839248332135,10117.392526715914,-0.004502472179812256
2021-05-03,10071.839248332135,10117.392526715914,-0.004502472179812256
2021-05-04,10071.839248332135,10117.392526715914,-0.004502472179812256
2021-05-05,10075.595534710932,10117.392526715914,-0.00413120197665684
2021-05-06,10052.199003407199,10117.392526715914,-0.0064437080143491254
2021-05-07,10052.199003407199,10117.392526715914,-0.0064437080143491254
2021-05-08,10052.199003407199,10117.392526715914,-0.0064437080143491254
2021-05-09,10068.676771763003,10117.392526715914,-0.004815050401995591
2021-05-10,10019.43287301528,10117.392526715914,-0.009682302376028518
2021-05-11,10019.43287301528,10117.392526715914,-0.009682302376028518
2021-05-12,10019.43287301528,10117.392526715914,-0.009682302376028518
2021-05-13,10019.43287301528,10117.392526715914,-0.009682302376028518
2021-05-14,10019.43287301528,10117.392526715914,-0.009682302376028518
2021-05-15,10019.43287301528,10117.392526715914,-0.009682302376028518
2021-05-16,10019.43287301528,10117.392526715914,-0.009682302376028518
2021-05-17,10019.43287301528,10117.392526715914,-0.009682302376028518
2021-05-18,10019.43287301528,10117.392526715914,-0.009682302376028518
2021-05-19,10019.43287301528,10117.392526715914,-0.009682302376028518
2021-05-20,10019.43287301528,10117.392526715914,-0.009682302376028518
2021-05-21,10019.43287301528,10117.392526715914,-0.009682302376028518
2021-05-22,10019.43287301528,10117.392526715914,-0.009682302376028518
2021-05-23,10019.43287301528,10117.392526715914,-0.009682302376028518
2021-05-24,10019.43287301528,10117.392526715914,-0.009682302376028518
2021-05-25,10019.43287301528,10117.392526715914,-0.009682302376028518
2021-05-26,10019.43287301528,10117.392526715914,-0.009682302376028518
2021-05-27,10019.43287301528,10117.392526715914,-0.009682302376028518
2021-05-28,10019.43287301528,10117.392526715914,-0.009682302376028518
2021-05-29,10019.43287301528,10117.392526715914,-0.009682302376028518
2021-05-30,10019.43287301528,10117.392526715914,-0.009682302376028518
2021-05-31,10019.43287301528,10117.392526715914,-0.009682302376028518
2021-06-01,10019.43287301528,10117.392526715914,-0.009682302376028518
2021-06-02,10019.43287301528,10117.392526715914,-0.009682302376028518
2021-06-03,10019.43287301528,10117.392526715914,-0.009682302376028518
2021-06-04,10019.43287301528,10117.392526715914,-0.009682302376028518
2021-06-05,10019.43287301528,10117.392526715914,-0.009682302376028518
2021-06-06,10019.43287301528,10117.392526715914,-0.009682302376028518
2021-06-07,10019.43287301528,10117.392526715914,-0.009682302376028518
2021-06-08,10019.43287301528,10117.392526715914,-0.009682302376028518
2021-06-09,10019.43287301528,10117.392526715914,-0.009682302376028518
2021-06-10,10019.43287301528,10117.392526715914,-0.009682302376028518
2021-06-11,10019.43287301528,10117.392526715914,-0.009682302376028518
2021-06-12,10019.43287301528,10117.392526715914,-0.009682302376028518
2021-06-13,10019.43287301528,10117.392526715914,-0.009682302376028518
2021-06-14,10019.43287301528,10117.392526715914,-0.009682302376028518
2021-06-15,10019.43287301528,10117.392526715914,-0.009682302376028518
2021-06-16,10019.43287301528,10117.392526715914,-0.009682302376028518
2021-06-17,10019.43287301528,10117.392526715914,-0.009682302376028518
2021-06-18,10019.43287301528,10117.392526715914,-0.009682302376028518
2021-06-19,10019.43287301528,10117.392526715914,-0.009682302376028518
2021-06-20,10019.43287301528,10117.392526715914,-0.009682302376028518
2021-06-21,10019.43287301528,10117.392526715914,-0.009682302376028518
2021-06-22,10019.43287301528,10117.392526715914,-0.009682302376028518
2021-06-23,10019.43287301528,10117.392526715914,-0.009682302376028518
2021-06-24,10019.43287301528,10117.392526715914,-0.009682302376028518
2021-06-25,10019.43287301528,10117.392526715914,-0.009682302376028518
2021-06-26,10019.43287301528,10117.392526715914,-0.009682302376028518
2021-06-27,10019.43287301528,10117.392526715914,-0.009682302376028518
2021-06-28,10019.43287301528,10117.392526715914,-0.009682302376028518
2021-06-29,10019.43287301528,10117.392526715914,-0.009682302376028518
2021-06-30,10019.43287301528,10117.392526715914,-0.009682302376028518
2021-07-01,10019.43287301528,10117.392526715914,-0.009682302376028518
2021-07-02,10019.43287301528,10117.392526715914,-0.009682302376028518
2021-07-03,10019.43287301528,10117.392526715914,-0.009682302376028518
2021-07-04,10019.43287301528,10117.392526715914,-0.009682302376028518
2021-07-05,10019.43287301528,10117.392526715914,-0.009682302376028518
2021-07-06,10019.43287301528,10117.392526715914,-0.009682302376028518
2021-07-07,10019.43287301528,10117.392526715914,-0.009682302376028518
2021-07-08,10019.43287301528,10117.392526715914,-0.009682302376028518
2021-07-09,10019.43287301528,10117.392526715914,-0.009682302376028518
2021-07-10,10019.43287301528,10117.392526715914,-0.009682302376028518
2021-07-11,10019.43287301528,10117.392526715914,-0.009682302376028518
2021-07-12,10019.43287301528,10117.392526715914,-0.009682302376028518
2021-07-13,10019.43287301528,10117.392526715914,-0.009682302376028518
2021-07-14,10019.43287301528,10117.392526715914,-0.009682302376028518
2021-07-15,10019.43287301528,10117.392526715914,-0.009682302376028518
2021-07-16,10019.43287301528,10117.392526715914,-0.009682302376028518
2021-07-17,10019.43287301528,10117.392526715914,-0.009682302376028518
2021-07-18,10019.43287301528,10117.392526715914,-0.009682302376028518
2021-07-19,10019.43287301528,10117.392526715914,-0.009682302376028518
2021-07-20,10019.43287301528,10117.392526715914,-0.009682302376028518
2021-07-21,10019.43287301528,10117.392526715914,-0.009682302376028518
2021-07-22,10019.43287301528,10117.392526715914,-0.009682302376028518
2021-07-23,10019.43287301528,10117.392526715914,-0.009682302376028518
2021-07-24,10019.43287301528,10117.392526715914,-0.009682302376028518
2021-07-25,10019.43287301528,10117.392526715914,-0.009682302376028518
2021-07-26,10019.43287301528,10117.392526715914,-0.009682302376028518
2021-07-27,10019.43287301528,10117.392526715914,-0.009682302376028518
2021-07-28,10019.43287301528,10117.392526715914,-0.009682302376028518
2021-07-29,10019.43287301528,10117.392526715914,-0.009682302376028518
2021-07-30,10019.43287301528,10117.392526715914,-0.009682302376028518
2021-07-31,10019.43287301528,10117.392526715914,-0.009682302376028518
2021-08-01,10019.43287301528,10117.392526715914,-0.009682302376028518
2021-08-02,10019.43287301528,10117.392526715914,-0.009682302376028518
2021-08-03,10019.43287301528,10117.392526715914,-0.009682302376028518
2021-08-04,10019.43287301528,10117.392526715914,-0.009682302376028518
2021-08-05,10019.43287301528,10117.392526715914,-0.009682302376028518
2021-08-06,10019.43287301528,10117.392526715914,-0.009682302376028518
2021-08-07,10019.43287301528,10117.392526715914,-0.009682302376028518
2021-08-08,10019.43287301528,10117.392526715914,-0.009682302376028518
2021-08-09,10019.43287301528,10117.392526715914,-0.009682302376028518
2021-08-10,10019.43287301528,10117.392526715914,-0.009682302376028518
2021-08-11,10019.43287301528,10117.392526715914,-0.009682302376028518
2021-08-12,10019.43287301528,10117.392526715914,-0.009682302376028518
2021-08-13,10019.43287301528,10117.392526715914,-0.009682302376028518
2021-08-14,10019.43287301528,10117.392526715914,-0.009682302376028518
2021-08-15,10019.43287301528,10117.392526715914,-0.009682302376028518
2021-08-16,10019.43287301528,10117.392526715914,-0.009682302376028518
2021-08-17,10019.43287301528,10117.392526715914,-0.009682302376028518
2021-08-18,10019.43287301528,10117.392526715914,-0.009682302376028518
2021-08-19,10019.43287301528,10117.392526715914,-0.009682302376028518
2021-08-20,10019.43287301528,10117.392526715914,-0.009682302376028518
2021-08-21,10019.43287301528,10117.392526715914,-0.009682302376028518
2021-08-22,10019.43287301528,10117.392526715914,-0.009682302376028518
2021-08-23,10019.43287301528,10117.392526715914,-0.009682302376028518
2021-08-24,10019.43287301528,10117.392526715914,-0.009682302376028518
2021-08-25,10019.43287301528,10117.392526715914,-0.009682302376028518
2021-08-26,10019.43287301528,10117.392526715914,-0.009682302376028518
2021-08-27,10019.43287301528,10117.392526715914,-0.009682302376028518
2021-08-28,10019.43287301528,10117.392526715914,-0.009682302376028518
2021-08-29,10019.43287301528,10117.392526715914,-0.009682302376028518
2021-08-30,10019.43287301528,10117.392526715914,-0.009682302376028518
2021-08-31,10019.43287301528,10117.392526715914,-0.009682302376028518
2021-09-01,10019.43287301528,10117.392526715914,-0.009682302376028518
2021-09-02,10019.43287301528,10117.392526715914,-0.009682302376028518
2021-09-03,10019.43287301528,10117.392526715914,-0.009682302376028518
2021-09-04,10019.43287301528,10117.392526715914,-0.009682302376028518
2021-09-05,10019.43287301528,10117.392526715914,-0.009682302376028518
2021-09-06,10019.43287301528,10117.392526715914,-0.009682302376028518
2021-09-07,10019.43287301528,10117.392526715914,-0.009682302376028518
2021-09-08,10019.43287301528,10117.392526715914,-0.009682302376028518
2021-09-09,10019.43287301528,10117.392526715914,-0.009682302376028518
2021-09-10,10019.43287301528,10117.392526715914,-0.009682302376028518
2021-09-11,10019.43287301528,10117.392526715914,-0.009682302376028518
2021-09-12,10019.43287301528,10117.392526715914,-0.009682302376028518
2021-09-13,10019.43287301528,10117.392526715914,-0.009682302376028518
2021-09-14,10019.43287301528,10117.392526715914,-0.009682302376028518
2021-09-15,10019.43287301528,10117.392526715914,-0.009682302376028518
2021-09-16,10019.43287301528,10117.392526715914,-0.009682302376028518
2021-09-17,10019.43287301528,10117.392526715914,-0.009682302376028518
2021-09-18,10019.43287301528,10117.392526715914,-0.009682302376028518
2021-09-19,10019.43287301528,10117.392526715914,-0.009682302376028518
2021-09-20,10019.43287301528,10117.392526715914,-0.009682302376028518
2021-09-21,10019.43287301528,10117.392526715914,-0.009682302376028518
2021-09-22,10019.43287301528,10117.392526715914,-0.009682302376028518
2021-09-23,10019.43287301528,10117.392526715914,-0.009682302376028518
2021-09-24,10019.43287301528,10117.392526715914,-0.009682302376028518
2021-09-25,10019.43287301528,10117.392526715914,-0.009682302376028518
2021-09-26,10019.43287301528,10117.392526715914,-0.009682302376028518
2021-09-27,10019.43287301528,10117.392526715914,-0.009682302376028518
2021-09-28,10019.43287301528,10117.392526715914,-0.009682302376028518
2021-09-29,10019.43287301528,10117.392526715914,-0.009682302376028518
2021-09-30,10019.43287301528,10117.392526715914,-0.009682302376028518
2021-10-01,10019.43287301528,10117.392526715914,-0.009682302376028518
2021-10-02,10019.43287301528,10117.392526715914,-0.009682302376028518
2021-10-03,10019.095745275612,10117.392526715914,-0.009715623979275279
2021-10-04,10044.086383827915,10117.392526715914,-0.0072455568660034775
2021-10-05,10098.875700521687,10117.392526715914,-0.001830197468896455
2021-10-06,10192.578952317299,10192.578952317299,0.0
2021-10-07,10155.278669327692,10192.578952317299,-0.0036595530104897023
2021-10-08,10159.331330517995,10192.578952317299,-0.003261944004048667
2021-10-09,10183.672411919044,10192.578952317299,-0.0008738259904506052
2021-10-10,10216.58560299136,10216.58560299136,0.0
2021-10-11,10216.58560299136,10216.58560299136,0.0
2021-10-12,10216.58560299136,10216.58560299136,0.0
2021-10-13,10216.58560299136,10216.58560299136,0.0
2021-10-14,10216.58560299136,10216.58560299136,0.0
2021-10-15,10216.58560299136,10216.58560299136,0.0
2021-10-16,10216.58560299136,10216.58560299136,0.0
2021-10-17,10216.58560299136,10216.58560299136,0.0
2021-10-18,10216.58560299136,10216.58560299136,0.0
2021-10-19,10216.58560299136,10216.58560299136,0.0
2021-10-20,10216.58560299136,10216.58560299136,0.0
2021-10-21,10216.58560299136,10216.58560299136,0.0
2021-10-22,10216.58560299136,10216.58560299136,0.0
2021-10-23,10216.58560299136,10216.58560299136,0.0
2021-10-24,10216.58560299136,10216.58560299136,0.0
2021-10-25,10216.58560299136,10216.58560299136,0.0
2021-10-26,10216.58560299136,10216.58560299136,0.0
2021-10-27,10216.58560299136,10216.58560299136,0.0
2021-10-28,10216.58560299136,10216.58560299136,0.0
2021-10-29,10216.58560299136,10216.58560299136,0.0
2021-10-30,10216.58560299136,10216.58560299136,0.0
2021-10-31,10216.58560299136,10216.58560299136,0.0
2021-11-01,10216.58560299136,10216.58560299136,0.0
2021-11-02,10216.58560299136,10216.58560299136,0.0
2021-11-03,10216.58560299136,10216.58560299136,0.0
2021-11-04,10216.58560299136,10216.58560299136,0.0
2021-11-05,10216.58560299136,10216.58560299136,0.0
2021-11-06,10216.58560299136,10216.58560299136,0.0
2021-11-07,10216.58560299136,10216.58560299136,0.0
2021-11-08,10216.58560299136,10216.58560299136,0.0
2021-11-09,10216.58560299136,10216.58560299136,0.0
2021-11-10,10216.58560299136,10216.58560299136,0.0
2021-11-11,10216.58560299136,10216.58560299136,0.0
2021-11-12,10216.58560299136,10216.58560299136,0.0
2021-11-13,10216.58560299136,10216.58560299136,0.0
2021-11-14,10216.58560299136,10216.58560299136,0.0
2021-11-15,10216.58560299136,10216.58560299136,0.0
2021-11-16,10216.58560299136,10216.58560299136,0.0
2021-11-17,10216.58560299136,10216.58560299136,0.0
2021-11-18,10216.58560299136,10216.58560299136,0.0
2021-11-19,10216.58560299136,10216.58560299136,0.0
2021-11-20,10216.58560299136,10216.58560299136,0.0
2021-11-21,10216.58560299136,10216.58560299136,0.0
2021-11-22,10216.58560299136,10216.58560299136,0.0
2021-11-23,10216.58560299136,10216.58560299136,0.0
2021-11-24,10216.58560299136,10216.58560299136,0.0
2021-11-25,10216.58560299136,10216.58560299136,0.0
2021-11-26,10216.58560299136,10216.58560299136,0.0
2021-11-27,10216.58560299136,10216.58560299136,0.0
2021-11-28,10216.58560299136,10216.58560299136,0.0
2021-11-29,10216.58560299136,10216.58560299136,0.0
2021-11-30,10216.58560299136,10216.58560299136,0.0
2021-12-01,10216.58560299136,10216.58560299136,0.0
2021-12-02,10216.58560299136,10216.58560299136,0.0
2021-12-03,10216.58560299136,10216.58560299136,0.0
2021-12-04,10216.58560299136,10216.58560299136,0.0
2021-12-05,10216.58560299136,10216.58560299136,0.0
2021-12-06,10216.58560299136,10216.58560299136,0.0
2021-12-07,10216.58560299136,10216.58560299136,0.0
2021-12-08,10216.58560299136,10216.58560299136,0.0
2021-12-09,10216.58560299136,10216.58560299136,0.0
2021-12-10,10216.58560299136,10216.58560299136,0.0
2021-12-11,10216.58560299136,10216.58560299136,0.0
2021-12-12,10216.58560299136,10216.58560299136,0.0
2021-12-13,10216.58560299136,10216.58560299136,0.0
2021-12-14,10216.58560299136,10216.58560299136,0.0
2021-12-15,10216.58560299136,10216.58560299136,0.0
2021-12-16,10216.58560299136,10216.58560299136,0.0
2021-12-17,10216.58560299136,10216.58560299136,0.0
2021-12-18,10216.58560299136,10216.58560299136,0.0
2021-12-19,10216.58560299136,10216.58560299136,0.0
2021-12-20,10216.58560299136,10216.58560299136,0.0
2021-12-21,10216.58560299136,10216.58560299136,0.0
2021-12-22,10216.58560299136,10216.58560299136,0.0
2021-12-23,10216.58560299136,10216.58560299136,0.0
2021-12-24,10216.58560299136,10216.58560299136,0.0
2021-12-25,10216.58560299136,10216.58560299136,0.0
2021-12-26,10216.58560299136,10216.58560299136,0.0
2021-12-27,10216.58560299136,10216.58560299136,0.0
2021-12-28,10216.58560299136,10216.58560299136,0.0
2021-12-29,10216.58560299136,10216.58560299136,0.0
2021-12-30,10216.58560299136,10216.58560299136,0.0
2021-12-31,10216.58560299136,10216.58560299136,0.0
2022-01-01,10216.58560299136,10216.58560299136,0.0
2022-01-02,10216.58560299136,10216.58560299136,0.0
2022-01-03,10216.58560299136,10216.58560299136,0.0
2022-01-04,10216.58560299136,10216.58560299136,0.0
2022-01-05,10216.58560299136,10216.58560299136,0.0
2022-01-06,10216.58560299136,10216.58560299136,0.0
2022-01-07,10216.58560299136,10216.58560299136,0.0
2022-01-08,10216.58560299136,10216.58560299136,0.0
2022-01-09,10216.58560299136,10216.58560299136,0.0
2022-01-10,10216.58560299136,10216.58560299136,0.0
2022-01-11,10216.58560299136,10216.58560299136,0.0
2022-01-12,10216.58560299136,10216.58560299136,0.0
2022-01-13,10216.58560299136,10216.58560299136,0.0
2022-01-14,10216.58560299136,10216.58560299136,0.0
2022-01-15,10216.58560299136,10216.58560299136,0.0
2022-01-16,10216.58560299136,10216.58560299136,0.0
2022-01-17,10216.58560299136,10216.58560299136,0.0
2022-01-18,10216.58560299136,10216.58560299136,0.0
2022-01-19,10216.58560299136,10216.58560299136,0.0
2022-01-20,10216.58560299136,10216.58560299136,0.0
2022-01-21,10216.58560299136,10216.58560299136,0.0
2022-01-22,10216.58560299136,10216.58560299136,0.0
2022-01-23,10216.58560299136,10216.58560299136,0.0
2022-01-24,10216.58560299136,10216.58560299136,0.0
2022-01-25,10216.58560299136,10216.58560299136,0.0
2022-01-26,10216.58560299136,10216.58560299136,0.0
2022-01-27,10216.58560299136,10216.58560299136,0.0
2022-01-28,10216.58560299136,10216.58560299136,0.0
2022-01-29,10216.58560299136,10216.58560299136,0.0
2022-01-30,10216.58560299136,10216.58560299136,0.0
2022-01-31,10216.58560299136,10216.58560299136,0.0
2022-02-01,10216.58560299136,10216.58560299136,0.0
2022-02-02,10216.58560299136,10216.58560299136,0.0
2022-02-03,10216.58560299136,10216.58560299136,0.0
2022-02-04,10216.58560299136,10216.58560299136,0.0
2022-02-05,10216.58560299136,10216.58560299136,0.0
2022-02-06,10216.58560299136,10216.58560299136,0.0
2022-02-07,10216.58560299136,10216.58560299136,0.0
2022-02-08,10216.58560299136,10216.58560299136,0.0
2022-02-09,10216.58560299136,10216.58560299136,0.0
2022-02-10,10216.58560299136,10216.58560299136,0.0
2022-02-11,10216.58560299136,10216.58560299136,0.0
2022-02-12,10216.58560299136,10216.58560299136,0.0
2022-02-13,10216.58560299136,10216.58560299136,0.0
2022-02-14,10216.58560299136,10216.58560299136,0.0
2022-02-15,10216.58560299136,10216.58560299136,0.0
2022-02-16,10216.58560299136,10216.58560299136,0.0
2022-02-17,10216.58560299136,10216.58560299136,0.0
2022-02-18,10216.58560299136,10216.58560299136,0.0
2022-02-19,10216.58560299136,10216.58560299136,0.0
2022-02-20,10216.58560299136,10216.58560299136,0.0
2022-02-21,10216.58560299136,10216.58560299136,0.0
2022-02-22,10216.58560299136,10216.58560299136,0.0
2022-02-23,10216.58560299136,10216.58560299136,0.0
2022-02-24,10216.58560299136,10216.58560299136,0.0
2022-02-25,10216.58560299136,10216.58560299136,0.0
2022-02-26,10216.58560299136,10216.58560299136,0.0
2022-02-27,10216.58560299136,10216.58560299136,0.0
2022-02-28,10216.58560299136,10216.58560299136,0.0
2022-03-01,10216.58560299136,10216.58560299136,0.0
2022-03-02,10216.58560299136,10216.58560299136,0.0
2022-03-03,10216.58560299136,10216.58560299136,0.0
2022-03-04,10216.58560299136,10216.58560299136,0.0
2022-03-05,10216.58560299136,10216.58560299136,0.0
2022-03-06,10216.58560299136,10216.58560299136,0.0
2022-03-07,10216.58560299136,10216.58560299136,0.0
2022-03-08,10216.58560299136,10216.58560299136,0.0
2022-03-09,10216.58560299136,10216.58560299136,0.0
2022-03-10,10216.58560299136,10216.58560299136,0.0
2022-03-11,10216.58560299136,10216.58560299136,0.0
2022-03-12,10216.58560299136,10216.58560299136,0.0
2022-03-13,10216.58560299136,10216.58560299136,0.0
2022-03-14,10216.58560299136,10216.58560299136,0.0
2022-03-15,10216.58560299136,10216.58560299136,0.0
2022-03-16,10216.58560299136,10216.58560299136,0.0
2022-03-17,10216.58560299136,10216.58560299136,0.0
2022-03-18,10216.58560299136,10216.58560299136,0.0
2022-03-19,10216.58560299136,10216.58560299136,0.0
2022-03-20,10216.58560299136,10216.58560299136,0.0
2022-03-21,10216.58560299136,10216.58560299136,0.0
2022-03-22,10216.58560299136,10216.58560299136,0.0
2022-03-23,10216.58560299136,10216.58560299136,0.0
2022-03-24,10216.58560299136,10216.58560299136,0.0
2022-03-25,10216.58560299136,10216.58560299136,0.0
2022-03-26,10216.58560299136,10216.58560299136,0.0
2022-03-27,10216.58560299136,10216.58560299136,0.0
2022-03-28,10216.58560299136,10216.58560299136,0.0
2022-03-29,10216.58560299136,10216.58560299136,0.0
2022-03-30,10216.58560299136,10216.58560299136,0.0
2022-03-31,10216.58560299136,10216.58560299136,0.0
2022-04-01,10216.58560299136,10216.58560299136,0.0
2022-04-02,10216.58560299136,10216.58560299136,0.0
2022-04-03,10216.58560299136,10216.58560299136,0.0
2022-04-04,10216.58560299136,10216.58560299136,0.0
2022-04-05,10216.58560299136,10216.58560299136,0.0
2022-04-06,10216.58560299136,10216.58560299136,0.0
2022-04-07,10216.58560299136,10216.58560299136,0.0
2022-04-08,10216.58560299136,10216.58560299136,0.0
2022-04-09,10216.58560299136,10216.58560299136,0.0
2022-04-10,10216.58560299136,10216.58560299136,0.0
2022-04-11,10216.58560299136,10216.58560299136,0.0
2022-04-12,10216.58560299136,10216.58560299136,0.0
2022-04-13,10216.58560299136,10216.58560299136,0.0
2022-04-14,10216.58560299136,10216.58560299136,0.0
2022-04-15,10216.58560299136,10216.58560299136,0.0
2022-04-16,10216.58560299136,10216.58560299136,0.0
2022-04-17,10216.58560299136,10216.58560299136,0.0
2022-04-18,10216.58560299136,10216.58560299136,0.0
2022-04-19,10216.58560299136,10216.58560299136,0.0
2022-04-20,10216.58560299136,10216.58560299136,0.0
2022-04-21,10216.58560299136,10216.58560299136,0.0
2022-04-22,10216.58560299136,10216.58560299136,0.0
2022-04-23,10216.58560299136,10216.58560299136,0.0
2022-04-24,10216.58560299136,10216.58560299136,0.0
2022-04-25,10216.58560299136,10216.58560299136,0.0
2022-04-26,10216.58560299136,10216.58560299136,0.0
2022-04-27,10216.58560299136,10216.58560299136,0.0
2022-04-28,10216.58560299136,10216.58560299136,0.0
2022-04-29,10216.58560299136,10216.58560299136,0.0
2022-04-30,10216.58560299136,10216.58560299136,0.0
2022-05-01,10216.58560299136,10216.58560299136,0.0
2022-05-02,10216.58560299136,10216.58560299136,0.0
2022-05-03,10216.58560299136,10216.58560299136,0.0
2022-05-04,10216.58560299136,10216.58560299136,0.0
2022-05-05,10216.58560299136,10216.58560299136,0.0
2022-05-06,10216.58560299136,10216.58560299136,0.0
2022-05-07,10216.58560299136,10216.58560299136,0.0
2022-05-08,10216.58560299136,10216.58560299136,0.0
2022-05-09,10216.58560299136,10216.58560299136,0.0
2022-05-10,10216.58560299136,10216.58560299136,0.0
2022-05-11,10216.58560299136,10216.58560299136,0.0
2022-05-12,10216.58560299136,10216.58560299136,0.0
2022-05-13,10216.58560299136,10216.58560299136,0.0
2022-05-14,10216.58560299136,10216.58560299136,0.0
2022-05-15,10216.58560299136,10216.58560299136,0.0
2022-05-16,10216.58560299136,10216.58560299136,0.0
2022-05-17,10216.58560299136,10216.58560299136,0.0
2022-05-18,10216.58560299136,10216.58560299136,0.0
2022-05-19,10216.58560299136,10216.58560299136,0.0
2022-05-20,10216.58560299136,10216.58560299136,0.0
2022-05-21,10216.58560299136,10216.58560299136,0.0
2022-05-22,10216.58560299136,10216.58560299136,0.0
2022-05-23,10216.58560299136,10216.58560299136,0.0
2022-05-24,10216.58560299136,10216.58560299136,0.0
2022-05-25,10216.58560299136,10216.58560299136,0.0
2022-05-26,10216.58560299136,10216.58560299136,0.0
2022-05-27,10216.58560299136,10216.58560299136,0.0
2022-05-28,10216.58560299136,10216.58560299136,0.0
2022-05-29,10216.58560299136,10216.58560299136,0.0
2022-05-30,10216.58560299136,10216.58560299136,0.0
2022-05-31,10216.58560299136,10216.58560299136,0.0
2022-06-01,10216.58560299136,10216.58560299136,0.0
2022-06-02,10216.58560299136,10216.58560299136,0.0
2022-06-03,10216.58560299136,10216.58560299136,0.0
2022-06-04,10216.58560299136,10216.58560299136,0.0
2022-06-05,10216.58560299136,10216.58560299136,0.0
2022-06-06,10216.58560299136,10216.58560299136,0.0
2022-06-07,10216.58560299136,10216.58560299136,0.0
2022-06-08,10216.58560299136,10216.58560299136,0.0
2022-06-09,10216.58560299136,10216.58560299136,0.0
2022-06-10,10216.58560299136,10216.58560299136,0.0
2022-06-11,10216.58560299136,10216.58560299136,0.0
2022-06-12,10216.58560299136,10216.58560299136,0.0
2022-06-13,10216.58560299136,10216.58560299136,0.0
2022-06-14,10216.58560299136,10216.58560299136,0.0
2022-06-15,10216.58560299136,10216.58560299136,0.0
2022-06-16,10216.58560299136,10216.58560299136,0.0
2022-06-17,10216.58560299136,10216.58560299136,0.0
2022-06-18,10216.58560299136,10216.58560299136,0.0
2022-06-19,10216.58560299136,10216.58560299136,0.0
2022-06-20,10216.58560299136,10216.58560299136,0.0
2022-06-21,10216.58560299136,10216.58560299136,0.0
2022-06-22,10216.58560299136,10216.58560299136,0.0
2022-06-23,10216.58560299136,10216.58560299136,0.0
2022-06-24,10216.58560299136,10216.58560299136,0.0
2022-06-25,10216.58560299136,10216.58560299136,0.0
2022-06-26,10216.58560299136,10216.58560299136,0.0
2022-06-27,10216.58560299136,10216.58560299136,0.0
2022-06-28,10216.58560299136,10216.58560299136,0.0
2022-06-29,10216.58560299136,10216.58560299136,0.0
2022-06-30,10216.58560299136,10216.58560299136,0.0
2022-07-01,10216.58560299136,10216.58560299136,0.0
2022-07-02,10216.58560299136,10216.58560299136,0.0
2022-07-03,10216.58560299136,10216.58560299136,0.0
2022-07-04,10216.58560299136,10216.58560299136,0.0
2022-07-05,10216.58560299136,10216.58560299136,0.0
2022-07-06,10216.58560299136,10216.58560299136,0.0
2022-07-07,10216.58560299136,10216.58560299136,0.0
2022-07-08,10216.58560299136,10216.58560299136,0.0
2022-07-09,10216.58560299136,10216.58560299136,0.0
2022-07-10,10216.58560299136,10216.58560299136,0.0
2022-07-11,10216.58560299136,10216.58560299136,0.0
2022-07-12,10216.58560299136,10216.58560299136,0.0
2022-07-13,10216.58560299136,10216.58560299136,0.0
2022-07-14,10216.58560299136,10216.58560299136,0.0
2022-07-15,10216.58560299136,10216.58560299136,0.0
2022-07-16,10216.58560299136,10216.58560299136,0.0
2022-07-17,10216.58560299136,10216.58560299136,0.0
2022-07-18,10216.58560299136,10216.58560299136,0.0
2022-07-19,10216.58560299136,10216.58560299136,0.0
2022-07-20,10216.58560299136,10216.58560299136,0.0
2022-07-21,10216.58560299136,10216.58560299136,0.0
2022-07-22,10216.58560299136,10216.58560299136,0.0
2022-07-23,10216.58560299136,10216.58560299136,0.0
2022-07-24,10216.58560299136,10216.58560299136,0.0
2022-07-25,10216.58560299136,10216.58560299136,0.0
2022-07-26,10216.58560299136,10216.58560299136,0.0
2022-07-27,10216.58560299136,10216.58560299136,0.0
2022-07-28,10216.58560299136,10216.58560299136,0.0
2022-07-29,10216.58560299136,10216.58560299136,0.0
2022-07-30,10216.58560299136,10216.58560299136,0.0
2022-07-31,10216.58560299136,10216.58560299136,0.0
2022-08-01,10216.58560299136,10216.58560299136,0.0
2022-08-02,10216.58560299136,10216.58560299136,0.0
2022-08-03,10216.58560299136,10216.58560299136,0.0
2022-08-04,10216.58560299136,10216.58560299136,0.0
2022-08-05,10216.58560299136,10216.58560299136,0.0
2022-08-06,10216.58560299136,10216.58560299136,0.0
2022-08-07,10216.58560299136,10216.58560299136,0.0
2022-08-08,10216.58560299136,10216.58560299136,0.0
2022-08-09,10216.58560299136,10216.58560299136,0.0
2022-08-10,10216.58560299136,10216.58560299136,0.0
2022-08-11,10216.58560299136,10216.58560299136,0.0
2022-08-12,10216.58560299136,10216.58560299136,0.0
2022-08-13,10216.58560299136,10216.58560299136,0.0
2022-08-14,10216.58560299136,10216.58560299136,0.0
2022-08-15,10216.58560299136,10216.58560299136,0.0
2022-08-16,10216.58560299136,10216.58560299136,0.0
2022-08-17,10216.58560299136,10216.58560299136,0.0
2022-08-18,10216.58560299136,10216.58560299136,0.0
2022-08-19,10216.58560299136,10216.58560299136,0.0
2022-08-20,10216.58560299136,10216.58560299136,0.0
2022-08-21,10216.58560299136,10216.58560299136,0.0
2022-08-22,10216.58560299136,10216.58560299136,0.0
2022-08-23,10216.58560299136,10216.58560299136,0.0
2022-08-24,10216.58560299136,10216.58560299136,0.0
2022-08-25,10216.58560299136,10216.58560299136,0.0
2022-08-26,10216.58560299136,10216.58560299136,0.0
2022-08-27,10216.58560299136,10216.58560299136,0.0
2022-08-28,10216.58560299136,10216.58560299136,0.0
2022-08-29,10216.58560299136,10216.58560299136,0.0
2022-08-30,10216.58560299136,10216.58560299136,0.0
2022-08-31,10216.58560299136,10216.58560299136,0.0
2022-09-01,10216.58560299136,10216.58560299136,0.0
2022-09-02,10216.58560299136,10216.58560299136,0.0
2022-09-03,10216.58560299136,10216.58560299136,0.0
2022-09-04,10216.58560299136,10216.58560299136,0.0
2022-09-05,10216.58560299136,10216.58560299136,0.0
2022-09-06,10216.58560299136,10216.58560299136,0.0
2022-09-07,10216.58560299136,10216.58560299136,0.0
2022-09-08,10216.58560299136,10216.58560299136,0.0
2022-09-09,10216.58560299136,10216.58560299136,0.0
2022-09-10,10216.58560299136,10216.58560299136,0.0
2022-09-11,10216.58560299136,10216.58560299136,0.0
2022-09-12,10216.58560299136,10216.58560299136,0.0
2022-09-13,10216.58560299136,10216.58560299136,0.0
2022-09-14,10216.58560299136,10216.58560299136,0.0
2022-09-15,10216.58560299136,10216.58560299136,0.0
2022-09-16,10216.58560299136,10216.58560299136,0.0
2022-09-17,10216.58560299136,10216.58560299136,0.0
2022-09-18,10216.58560299136,10216.58560299136,0.0
2022-09-19,10216.58560299136,10216.58560299136,0.0
2022-09-20,10216.58560299136,10216.58560299136,0.0
2022-09-21,10216.58560299136,10216.58560299136,0.0
2022-09-22,10216.58560299136,10216.58560299136,0.0
2022-09-23,10216.58560299136,10216.58560299136,0.0
2022-09-24,10216.58560299136,10216.58560299136,0.0
2022-09-25,10216.58560299136,10216.58560299136,0.0
2022-09-26,10216.58560299136,10216.58560299136,0.0
2022-09-27,10216.58560299136,10216.58560299136,0.0
2022-09-28,10216.58560299136,10216.58560299136,0.0
2022-09-29,10216.58560299136,10216.58560299136,0.0
2022-09-30,10216.58560299136,10216.58560299136,0.0
2022-10-01,10216.58560299136,10216.58560299136,0.0
2022-10-02,10216.58560299136,10216.58560299136,0.0
2022-10-03,10216.58560299136,10216.58560299136,0.0
2022-10-04,10216.58560299136,10216.58560299136,0.0
2022-10-05,10216.58560299136,10216.58560299136,0.0
2022-10-06,10216.58560299136,10216.58560299136,0.0
2022-10-07,10216.58560299136,10216.58560299136,0.0
2022-10-08,10216.58560299136,10216.58560299136,0.0
2022-10-09,10216.58560299136,10216.58560299136,0.0
2022-10-10,10216.58560299136,10216.58560299136,0.0
2022-10-11,10216.58560299136,10216.58560299136,0.0
2022-10-12,10216.58560299136,10216.58560299136,0.0
2022-10-13,10216.58560299136,10216.58560299136,0.0
2022-10-14,10216.58560299136,10216.58560299136,0.0
2022-10-15,10216.58560299136,10216.58560299136,0.0
2022-10-16,10216.58560299136,10216.58560299136,0.0
2022-10-17,10216.58560299136,10216.58560299136,0.0
2022-10-18,10216.58560299136,10216.58560299136,0.0
2022-10-19,10216.58560299136,10216.58560299136,0.0
2022-10-20,10216.58560299136,10216.58560299136,0.0
2022-10-21,10216.58560299136,10216.58560299136,0.0
2022-10-22,10216.58560299136,10216.58560299136,0.0
2022-10-23,10216.58560299136,10216.58560299136,0.0
2022-10-24,10216.58560299136,10216.58560299136,0.0
2022-10-25,10216.58560299136,10216.58560299136,0.0
2022-10-26,10216.58560299136,10216.58560299136,0.0
2022-10-27,10216.58560299136,10216.58560299136,0.0
2022-10-28,10216.58560299136,10216.58560299136,0.0
2022-10-29,10216.58560299136,10216.58560299136,0.0
2022-10-30,10216.58560299136,10216.58560299136,0.0
2022-10-31,10216.58560299136,10216.58560299136,0.0
2022-11-01,10216.58560299136,10216.58560299136,0.0
2022-11-02,10216.58560299136,10216.58560299136,0.0
2022-11-03,10216.58560299136,10216.58560299136,0.0
2022-11-04,10216.58560299136,10216.58560299136,0.0
2022-11-05,10216.58560299136,10216.58560299136,0.0
2022-11-06,10216.58560299136,10216.58560299136,0.0
2022-11-07,10216.58560299136,10216.58560299136,0.0
2022-11-08,10216.58560299136,10216.58560299136,0.0
2022-11-09,10216.58560299136,10216.58560299136,0.0
2022-11-10,10216.58560299136,10216.58560299136,0.0
2022-11-11,10216.58560299136,10216.58560299136,0.0
2022-11-12,10216.58560299136,10216.58560299136,0.0
2022-11-13,10216.58560299136,10216.58560299136,0.0
2022-11-14,10216.58560299136,10216.58560299136,0.0
2022-11-15,10216.58560299136,10216.58560299136,0.0
2022-11-16,10216.58560299136,10216.58560299136,0.0
2022-11-17,10216.58560299136,10216.58560299136,0.0
2022-11-18,10216.58560299136,10216.58560299136,0.0
2022-11-19,10216.58560299136,10216.58560299136,0.0
2022-11-20,10216.58560299136,10216.58560299136,0.0
2022-11-21,10216.58560299136,10216.58560299136,0.0
2022-11-22,10216.58560299136,10216.58560299136,0.0
2022-11-23,10216.58560299136,10216.58560299136,0.0
2022-11-24,10216.58560299136,10216.58560299136,0.0
2022-11-25,10216.58560299136,10216.58560299136,0.0
2022-11-26,10216.58560299136,10216.58560299136,0.0
2022-11-27,10216.58560299136,10216.58560299136,0.0
2022-11-28,10216.58560299136,10216.58560299136,0.0
2022-11-29,10216.58560299136,10216.58560299136,0.0
2022-11-30,10216.58560299136,10216.58560299136,0.0
2022-12-01,10216.58560299136,10216.58560299136,0.0
2022-12-02,10216.58560299136,10216.58560299136,0.0
2022-12-03,10216.58560299136,10216.58560299136,0.0
2022-12-04,10216.58560299136,10216.58560299136,0.0
2022-12-05,10216.58560299136,10216.58560299136,0.0
2022-12-06,10216.58560299136,10216.58560299136,0.0
2022-12-07,10216.58560299136,10216.58560299136,0.0
2022-12-08,10216.58560299136,10216.58560299136,0.0
2022-12-09,10216.58560299136,10216.58560299136,0.0
2022-12-10,10216.58560299136,10216.58560299136,0.0
2022-12-11,10216.58560299136,10216.58560299136,0.0
2022-12-12,10216.58560299136,10216.58560299136,0.0
2022-12-13,10216.58560299136,10216.58560299136,0.0
2022-12-14,10216.58560299136,10216.58560299136,0.0
2022-12-15,10216.58560299136,10216.58560299136,0.0
2022-12-16,10216.58560299136,10216.58560299136,0.0
2022-12-17,10216.58560299136,10216.58560299136,0.0
2022-12-18,10216.58560299136,10216.58560299136,0.0
2022-12-19,10216.58560299136,10216.58560299136,0.0
2022-12-20,10216.58560299136,10216.58560299136,0.0
2022-12-21,10216.58560299136,10216.58560299136,0.0
2022-12-22,10216.58560299136,10216.58560299136,0.0
2022-12-23,10216.58560299136,10216.58560299136,0.0
2022-12-24,10216.58560299136,10216.58560299136,0.0
2022-12-25,10216.58560299136,10216.58560299136,0.0
2022-12-26,10216.58560299136,10216.58560299136,0.0
2022-12-27,10216.58560299136,10216.58560299136,0.0
2022-12-28,10216.58560299136,10216.58560299136,0.0
2022-12-29,10216.58560299136,10216.58560299136,0.0
2022-12-30,10216.58560299136,10216.58560299136,0.0
2022-12-31,10216.58560299136,10216.58560299136,0.0
2023-01-01,10216.58560299136,10216.58560299136,0.0
2023-01-02,10216.58560299136,10216.58560299136,0.0
2023-01-03,10216.58560299136,10216.58560299136,0.0
2023-01-04,10216.58560299136,10216.58560299136,0.0
2023-01-05,10216.58560299136,10216.58560299136,0.0
2023-01-06,10216.58560299136,10216.58560299136,0.0
2023-01-07,10216.58560299136,10216.58560299136,0.0
2023-01-08,10216.58560299136,10216.58560299136,0.0
2023-01-09,10216.58560299136,10216.58560299136,0.0
2023-01-10,10216.58560299136,10216.58560299136,0.0
2023-01-11,10216.58560299136,10216.58560299136,0.0
2023-01-12,10216.58560299136,10216.58560299136,0.0
2023-01-13,10216.58560299136,10216.58560299136,0.0
2023-01-14,10216.58560299136,10216.58560299136,0.0
2023-01-15,10216.58560299136,10216.58560299136,0.0
2023-01-16,10216.58560299136,10216.58560299136,0.0
2023-01-17,10216.58560299136,10216.58560299136,0.0
2023-01-18,10216.58560299136,10216.58560299136,0.0
2023-01-19,10216.58560299136,10216.58560299136,0.0
2023-01-20,10216.58560299136,10216.58560299136,0.0
2023-01-21,10216.58560299136,10216.58560299136,0.0
2023-01-22,10216.58560299136,10216.58560299136,0.0
2023-01-23,10216.58560299136,10216.58560299136,0.0
2023-01-24,10216.58560299136,10216.58560299136,0.0
2023-01-25,10216.58560299136,10216.58560299136,0.0
2023-01-26,10216.58560299136,10216.58560299136,0.0
2023-01-27,10216.58560299136,10216.58560299136,0.0
2023-01-28,10216.58560299136,10216.58560299136,0.0
2023-01-29,10216.58560299136,10216.58560299136,0.0
2023-01-30,10216.58560299136,10216.58560299136,0.0
2023-01-31,10216.58560299136,10216.58560299136,0.0
2023-02-01,10216.58560299136,10216.58560299136,0.0
2023-02-02,10216.58560299136,10216.58560299136,0.0
2023-02-03,10216.58560299136,10216.58560299136,0.0
2023-02-04,10216.58560299136,10216.58560299136,0.0
2023-02-05,10216.58560299136,10216.58560299136,0.0
2023-02-06,10216.58560299136,10216.58560299136,0.0
2023-02-07,10216.58560299136,10216.58560299136,0.0
2023-02-08,10216.58560299136,10216.58560299136,0.0
2023-02-09,10216.58560299136,10216.58560299136,0.0
2023-02-10,10216.58560299136,10216.58560299136,0.0
2023-02-11,10216.58560299136,10216.58560299136,0.0
2023-02-12,10216.58560299136,10216.58560299136,0.0
2023-02-13,10216.58560299136,10216.58560299136,0.0
2023-02-14,10216.58560299136,10216.58560299136,0.0
2023-02-15,10216.58560299136,10216.58560299136,0.0
2023-02-16,10216.58560299136,10216.58560299136,0.0
2023-02-17,10216.58560299136,10216.58560299136,0.0
2023-02-18,10216.58560299136,10216.58560299136,0.0
2023-02-19,10216.58560299136,10216.58560299136,0.0
2023-02-20,10216.58560299136,10216.58560299136,0.0
2023-02-21,10216.58560299136,10216.58560299136,0.0
2023-02-22,10216.58560299136,10216.58560299136,0.0
2023-02-23,10216.58560299136,10216.58560299136,0.0
2023-02-24,10216.58560299136,10216.58560299136,0.0
2023-02-25,10216.58560299136,10216.58560299136,0.0
2023-02-26,10216.58560299136,10216.58560299136,0.0
2023-02-27,10216.58560299136,10216.58560299136,0.0
2023-02-28,10216.58560299136,10216.58560299136,0.0
2023-03-01,10216.58560299136,10216.58560299136,0.0
2023-03-02,10216.58560299136,10216.58560299136,0.0
2023-03-03,10216.58560299136,10216.58560299136,0.0
2023-03-04,10216.58560299136,10216.58560299136,0.0
2023-03-05,10216.58560299136,10216.58560299136,0.0
2023-03-06,10216.58560299136,10216.58560299136,0.0
2023-03-07,10216.58560299136,10216.58560299136,0.0
2023-03-08,10216.58560299136,10216.58560299136,0.0
2023-03-09,10216.58560299136,10216.58560299136,0.0
2023-03-10,10216.58560299136,10216.58560299136,0.0
2023-03-11,10216.58560299136,10216.58560299136,0.0
2023-03-12,10216.58560299136,10216.58560299136,0.0
2023-03-13,10216.58560299136,10216.58560299136,0.0
2023-03-14,10216.58560299136,10216.58560299136,0.0
2023-03-15,10225.421332916514,10225.421332916514,0.0
2023-03-16,10271.343327672472,10271.343327672472,0.0
2023-03-17,10416.727927968637,10416.727927968637,0.0
2023-03-18,10416.727927968637,10416.727927968637,0.0
2023-03-19,10416.727927968637,10416.727927968637,0.0
2023-03-20,10416.727927968637,10416.727927968637,0.0
2023-03-21,10416.727927968637,10416.727927968637,0.0
2023-03-22,10416.727927968637,10416.727927968637,0.0
2023-03-23,10416.727927968637,10416.727927968637,0.0
2023-03-24,10416.727927968637,10416.727927968637,0.0
2023-03-25,10416.727927968637,10416.727927968637,0.0
2023-03-26,10416.727927968637,10416.727927968637,0.0
2023-03-27,10416.727927968637,10416.727927968637,0.0
2023-03-28,10416.727927968637,10416.727927968637,0.0
2023-03-29,10416.727927968637,10416.727927968637,0.0
2023-03-30,10416.727927968637,10416.727927968637,0.0
2023-03-31,10416.727927968637,10416.727927968637,0.0
2023-04-01,10416.727927968637,10416.727927968637,0.0
2023-04-02,10416.727927968637,10416.727927968637,0.0
2023-04-03,10416.727927968637,10416.727927968637,0.0
2023-04-04,10416.727927968637,10416.727927968637,0.0
2023-04-05,10416.727927968637,10416.727927968637,0.0
2023-04-06,10416.727927968637,10416.727927968637,0.0
2023-04-07,10416.727927968637,10416.727927968637,0.0
2023-04-08,10416.727927968637,10416.727927968637,0.0
2023-04-09,10416.727927968637,10416.727927968637,0.0
2023-04-10,10416.727927968637,10416.727927968637,0.0
2023-04-11,10416.727927968637,10416.727927968637,0.0
2023-04-12,10416.727927968637,10416.727927968637,0.0
2023-04-13,10416.727927968637,10416.727927968637,0.0
2023-04-14,10416.727927968637,10416.727927968637,0.0
2023-04-15,10416.727927968637,10416.727927968637,0.0
2023-04-16,10416.727927968637,10416.727927968637,0.0
2023-04-17,10416.727927968637,10416.727927968637,0.0
2023-04-18,10416.727927968637,10416.727927968637,0.0
2023-04-19,10416.727927968637,10416.727927968637,0.0
2023-04-20,10416.727927968637,10416.727927968637,0.0
2023-04-21,10416.727927968637,10416.727927968637,0.0
2023-04-22,10416.727927968637,10416.727927968637,0.0
2023-04-23,10416.727927968637,10416.727927968637,0.0
2023-04-24,10416.727927968637,10416.727927968637,0.0
2023-04-25,10416.727927968637,10416.727927968637,0.0
2023-04-26,10416.727927968637,10416.727927968637,0.0
2023-04-27,10416.727927968637,10416.727927968637,0.0
2023-04-28,10416.727927968637,10416.727927968637,0.0
2023-04-29,10416.727927968637,10416.727927968637,0.0
2023-04-30,10416.727927968637,10416.727927968637,0.0
2023-05-01,10416.727927968637,10416.727927968637,0.0
2023-05-02,10416.727927968637,10416.727927968637,0.0
2023-05-03,10416.727927968637,10416.727927968637,0.0
2023-05-04,10424.633407987309,10424.633407987309,0.0
2023-05-05,10466.747504513425,10466.747504513425,0.0
2023-05-06,10425.266901925614,10466.747504513425,-0.003963084288593377
2023-05-07,10396.196159447447,10466.747504513425,-0.006740522309872765
2023-05-08,10396.196159447447,10466.747504513425,-0.006740522309872765
2023-05-09,10396.196159447447,10466.747504513425,-0.006740522309872765
2023-05-10,10396.196159447447,10466.747504513425,-0.006740522309872765
2023-05-11,10396.196159447447,10466.747504513425,-0.006740522309872765
2023-05-12,10396.196159447447,10466.747504513425,-0.006740522309872765
2023-05-13,10396.196159447447,10466.747504513425,-0.006740522309872765
2023-05-14,10396.196159447447,10466.747504513425,-0.006740522309872765
2023-05-15,10396.196159447447,10466.747504513425,-0.006740522309872765
2023-05-16,10396.196159447447,10466.747504513425,-0.006740522309872765
2023-05-17,10396.196159447447,10466.747504513425,-0.006740522309872765
2023-05-18,10396.196159447447,10466.747504513425,-0.006740522309872765
2023-05-19,10396.196159447447,10466.747504513425,-0.006740522309872765
2023-05-20,10396.196159447447,10466.747504513425,-0.006740522309872765
2023-05-21,10396.196159447447,10466.747504513425,-0.006740522309872765
2023-05-22,10396.196159447447,10466.747504513425,-0.006740522309872765
2023-05-23,10396.196159447447,10466.747504513425,-0.006740522309872765
2023-05-24,10396.196159447447,10466.747504513425,-0.006740522309872765
2023-05-25,10396.196159447447,10466.747504513425,-0.006740522309872765
2023-05-26,10396.196159447447,10466.747504513425,-0.006740522309872765
2023-05-27,10396.196159447447,10466.747504513425,-0.006740522309872765
2023-05-28,10396.196159447447,10466.747504513425,-0.006740522309872765
2023-05-29,10396.196159447447,10466.747504513425,-0.006740522309872765
2023-05-30,10396.196159447447,10466.747504513425,-0.006740522309872765
2023-05-31,10396.196159447447,10466.747504513425,-0.006740522309872765
2023-06-01,10396.196159447447,10466.747504513425,-0.006740522309872765
2023-06-02,10396.196159447447,10466.747504513425,-0.006740522309872765
2023-06-03,10396.196159447447,10466.747504513425,-0.006740522309872765
2023-06-04,10396.196159447447,10466.747504513425,-0.006740522309872765
2023-06-05,10396.196159447447,10466.747504513425,-0.006740522309872765
2023-06-06,10396.196159447447,10466.747504513425,-0.006740522309872765
2023-06-07,10396.196159447447,10466.747504513425,-0.006740522309872765
2023-06-08,10396.196159447447,10466.747504513425,-0.006740522309872765
2023-06-09,10396.196159447447,10466.747504513425,-0.006740522309872765
2023-06-10,10396.196159447447,10466.747504513425,-0.006740522309872765
2023-06-11,10396.196159447447,10466.747504513425,-0.006740522309872765
2023-06-12,10396.196159447447,10466.747504513425,-0.006740522309872765
2023-06-13,10396.196159447447,10466.747504513425,-0.006740522309872765
2023-06-14,10396.196159447447,10466.747504513425,-0.006740522309872765
2023-06-15,10396.196159447447,10466.747504513425,-0.006740522309872765
2023-06-16,10396.196159447447,10466.747504513425,-0.006740522309872765
2023-06-17,10396.196159447447,10466.747504513425,-0.006740522309872765
2023-06-18,10396.196159447447,10466.747504513425,-0.006740522309872765
2023-06-19,10396.196159447447,10466.747504513425,-0.006740522309872765
2023-06-20,10396.196159447447,10466.747504513425,-0.006740522309872765
2023-06-21,10396.196159447447,10466.747504513425,-0.006740522309872765
2023-06-22,10510.344879233902,10510.344879233902,0.0
2023-06-23,10598.542075035788,10598.542075035788,0.0
2023-06-24,10598.542075035788,10598.542075035788,0.0
2023-06-25,10598.542075035788,10598.542075035788,0.0
2023-06-26,10598.542075035788,10598.542075035788,0.0
2023-06-27,10598.542075035788,10598.542075035788,0.0
2023-06-28,10598.542075035788,10598.542075035788,0.0
2023-06-29,10598.542075035788,10598.542075035788,0.0
2023-06-30,10598.542075035788,10598.542075035788,0.0
2023-07-01,10598.542075035788,10598.542075035788,0.0
2023-07-02,10598.542075035788,10598.542075035788,0.0
2023-07-03,10598.542075035788,10598.542075035788,0.0
2023-07-04,10598.542075035788,10598.542075035788,0.0
2023-07-05,10598.542075035788,10598.542075035788,0.0
2023-07-06,10598.542075035788,10598.542075035788,0.0
2023-07-07,10598.542075035788,10598.542075035788,0.0
2023-07-08,10598.542075035788,10598.542075035788,0.0
2023-07-09,10598.542075035788,10598.542075035788,0.0
2023-07-10,10598.542075035788,10598.542075035788,0.0
2023-07-11,10598.542075035788,10598.542075035788,0.0
2023-07-12,10598.542075035788,10598.542075035788,0.0
2023-07-13,10598.542075035788,10598.542075035788,0.0
2023-07-14,10598.542075035788,10598.542075035788,0.0
2023-07-15,10598.542075035788,10598.542075035788,0.0
2023-07-16,10598.542075035788,10598.542075035788,0.0
2023-07-17,10598.542075035788,10598.542075035788,0.0
2023-07-18,10598.542075035788,10598.542075035788,0.0
2023-07-19,10598.542075035788,10598.542075035788,0.0
2023-07-20,10598.542075035788,10598.542075035788,0.0
2023-07-21,10598.542075035788,10598.542075035788,0.0
2023-07-22,10598.542075035788,10598.542075035788,0.0
2023-07-23,10598.542075035788,10598.542075035788,0.0
2023-07-24,10598.542075035788,10598.542075035788,0.0
2023-07-25,10598.542075035788,10598.542075035788,0.0
2023-07-26,10598.542075035788,10598.542075035788,0.0
2023-07-27,10598.542075035788,10598.542075035788,0.0
2023-07-28,10598.542075035788,10598.542075035788,0.0
2023-07-29,10598.542075035788,10598.542075035788,0.0
2023-07-30,10598.542075035788,10598.542075035788,0.0
2023-07-31,10598.542075035788,10598.542075035788,0.0
2023-08-01,10598.542075035788,10598.542075035788,0.0
2023-08-02,10598.542075035788,10598.542075035788,0.0
2023-08-03,10534.508154097191,10598.542075035788,-0.006041766922775582
2023-08-04,10534.508154097191,10598.542075035788,-0.006041766922775582
2023-08-05,10534.508154097191,10598.542075035788,-0.006041766922775582
2023-08-06,10534.508154097191,10598.542075035788,-0.006041766922775582
2023-08-07,10534.508154097191,10598.542075035788,-0.006041766922775582
2023-08-08,10534.508154097191,10598.542075035788,-0.006041766922775582
2023-08-09,10534.508154097191,10598.542075035788,-0.006041766922775582
2023-08-10,10534.508154097191,10598.542075035788,-0.006041766922775582
2023-08-11,10534.508154097191,10598.542075035788,-0.006041766922775582
2023-08-12,10534.508154097191,10598.542075035788,-0.006041766922775582
2023-08-13,10534.508154097191,10598.542075035788,-0.006041766922775582
2023-08-14,10534.508154097191,10598.542075035788,-0.006041766922775582
2023-08-15,10534.508154097191,10598.542075035788,-0.006041766922775582
2023-08-16,10534.508154097191,10598.542075035788,-0.006041766922775582
2023-08-17,10534.508154097191,10598.542075035788,-0.006041766922775582
2023-08-18,10534.508154097191,10598.542075035788,-0.006041766922775582
2023-08-19,10534.508154097191,10598.542075035788,-0.006041766922775582
2023-08-20,10534.508154097191,10598.542075035788,-0.006041766922775582
2023-08-21,10534.508154097191,10598.542075035788,-0.006041766922775582
2023-08-22,10534.508154097191,10598.542075035788,-0.006041766922775582
2023-08-23,10534.508154097191,10598.542075035788,-0.006041766922775582
2023-08-24,10534.508154097191,10598.542075035788,-0.006041766922775582
2023-08-25,10534.508154097191,10598.542075035788,-0.006041766922775582
2023-08-26,10534.508154097191,10598.542075035788,-0.006041766922775582
2023-08-27,10534.508154097191,10598.542075035788,-0.006041766922775582
2023-08-28,10534.508154097191,10598.542075035788,-0.006041766922775582
2023-08-29,10534.508154097191,10598.542075035788,-0.006041766922775582
2023-08-30,10534.508154097191,10598.542075035788,-0.006041766922775582
2023-08-31,10534.508154097191,10598.542075035788,-0.006041766922775582
2023-09-01,10534.508154097191,10598.542075035788,-0.006041766922775582
2023-09-02,10534.508154097191,10598.542075035788,-0.006041766922775582
2023-09-03,10534.508154097191,10598.542075035788,-0.006041766922775582
2023-09-04,10534.508154097191,10598.542075035788,-0.006041766922775582
2023-09-05,10534.508154097191,10598.542075035788,-0.006041766922775582
2023-09-06,10534.508154097191,10598.542075035788,-0.006041766922775582
2023-09-07,10534.508154097191,10598.542075035788,-0.006041766922775582
2023-09-08,10534.508154097191,10598.542075035788,-0.006041766922775582
2023-09-09,10534.508154097191,10598.542075035788,-0.006041766922775582
2023-09-10,10534.508154097191,10598.542075035788,-0.006041766922775582
2023-09-11,10534.508154097191,10598.542075035788,-0.006041766922775582
2023-09-12,10534.508154097191,10598.542075035788,-0.006041766922775582
2023-09-13,10534.508154097191,10598.542075035788,-0.006041766922775582
2023-09-14,10534.508154097191,10598.542075035788,-0.006041766922775582
2023-09-15,10534.508154097191,10598.542075035788,-0.006041766922775582
2023-09-16,10534.508154097191,10598.542075035788,-0.006041766922775582
2023-09-17,10534.508154097191,10598.542075035788,-0.006041766922775582
2023-09-18,10534.508154097191,10598.542075035788,-0.006041766922775582
2023-09-19,10534.508154097191,10598.542075035788,-0.006041766922775582
2023-09-20,10534.508154097191,10598.542075035788,-0.006041766922775582
2023-09-21,10534.508154097191,10598.542075035788,-0.006041766922775582
2023-09-22,10534.508154097191,10598.542075035788,-0.006041766922775582
2023-09-23,10534.508154097191,10598.542075035788,-0.006041766922775582
2023-09-24,10534.508154097191,10598.542075035788,-0.006041766922775582
2023-09-25,10534.508154097191,10598.542075035788,-0.006041766922775582
2023-09-26,10534.508154097191,10598.542075035788,-0.006041766922775582
2023-09-27,10534.508154097191,10598.542075035788,-0.006041766922775582
2023-09-28,10534.508154097191,10598.542075035788,-0.006041766922775582
2023-09-29,10534.508154097191,10598.542075035788,-0.006041766922775582
2023-09-30,10534.508154097191,10598.542075035788,-0.006041766922775582
2023-10-01,10534.508154097191,10598.542075035788,-0.006041766922775582
2023-10-02,10534.508154097191,10598.542075035788,-0.006041766922775582
2023-10-03,10534.508154097191,10598.542075035788,-0.006041766922775582
2023-10-04,10534.508154097191,10598.542075035788,-0.006041766922775582
2023-10-05,10534.508154097191,10598.542075035788,-0.006041766922775582
2023-10-06,10534.508154097191,10598.542075035788,-0.006041766922775582
2023-10-07,10534.508154097191,10598.542075035788,-0.006041766922775582
2023-10-08,10534.508154097191,10598.542075035788,-0.006041766922775582
2023-10-09,10534.508154097191,10598.542075035788,-0.006041766922775582
2023-10-10,10534.508154097191,10598.542075035788,-0.006041766922775582
2023-10-11,10534.508154097191,10598.542075035788,-0.006041766922775582
2023-10-12,10534.508154097191,10598.542075035788,-0.006041766922775582
2023-10-13,10534.508154097191,10598.542075035788,-0.006041766922775582
2023-10-14,10534.508154097191,10598.542075035788,-0.006041766922775582
2023-10-15,10534.508154097191,10598.542075035788,-0.006041766922775582
2023-10-16,10534.508154097191,10598.542075035788,-0.006041766922775582
2023-10-17,10534.508154097191,10598.542075035788,-0.006041766922775582
2023-10-18,10534.508154097191,10598.542075035788,-0.006041766922775582
2023-10-19,10534.508154097191,10598.542075035788,-0.006041766922775582
2023-10-20,10534.508154097191,10598.542075035788,-0.006041766922775582
2023-10-21,10534.508154097191,10598.542075035788,-0.006041766922775582
2023-10-22,10534.508154097191,10598.542075035788,-0.006041766922775582
2023-10-23,10534.508154097191,10598.542075035788,-0.006041766922775582
2023-10-24,10534.508154097191,10598.542075035788,-0.006041766922775582
2023-10-25,10534.508154097191,10598.542075035788,-0.006041766922775582
2023-10-26,10534.508154097191,10598.542075035788,-0.006041766922775582
2023-10-27,10534.508154097191,10598.542075035788,-0.006041766922775582
2023-10-28,10534.508154097191,10598.542075035788,-0.006041766922775582
2023-10-29,10534.508154097191,10598.542075035788,-0.006041766922775582
2023-10-30,10534.508154097191,10598.542075035788,-0.006041766922775582
2023-10-31,10534.508154097191,10598.542075035788,-0.006041766922775582
2023-11-01,10534.508154097191,10598.542075035788,-0.006041766922775582
2023-11-02,10534.508154097191,10598.542075035788,-0.006041766922775582
2023-11-03,10534.508154097191,10598.542075035788,-0.006041766922775582
2023-11-04,10534.508154097191,10598.542075035788,-0.006041766922775582
2023-11-05,10534.508154097191,10598.542075035788,-0.006041766922775582
2023-11-06,10534.508154097191,10598.542075035788,-0.006041766922775582
2023-11-07,10534.508154097191,10598.542075035788,-0.006041766922775582
2023-11-08,10534.508154097191,10598.542075035788,-0.006041766922775582
2023-11-09,10534.508154097191,10598.542075035788,-0.006041766922775582
2023-11-10,10534.508154097191,10598.542075035788,-0.006041766922775582
2023-11-11,10534.508154097191,10598.542075035788,-0.006041766922775582
2023-11-12,10534.508154097191,10598.542075035788,-0.006041766922775582
2023-11-13,10534.508154097191,10598.542075035788,-0.006041766922775582
2023-11-14,10534.508154097191,10598.542075035788,-0.006041766922775582
2023-11-15,10534.508154097191,10598.542075035788,-0.006041766922775582
2023-11-16,10534.508154097191,10598.542075035788,-0.006041766922775582
2023-11-17,10534.508154097191,10598.542075035788,-0.006041766922775582
2023-11-18,10534.508154097191,10598.542075035788,-0.006041766922775582
2023-11-19,10534.508154097191,10598.542075035788,-0.006041766922775582
2023-11-20,10534.508154097191,10598.542075035788,-0.006041766922775582
2023-11-21,10534.508154097191,10598.542075035788,-0.006041766922775582
2023-11-22,10534.508154097191,10598.542075035788,-0.006041766922775582
2023-11-23,10534.508154097191,10598.542075035788,-0.006041766922775582
2023-11-24,10534.508154097191,10598.542075035788,-0.006041766922775582
2023-11-25,10534.508154097191,10598.542075035788,-0.006041766922775582
2023-11-26,10534.508154097191,10598.542075035788,-0.006041766922775582
2023-11-27,10534.508154097191,10598.542075035788,-0.006041766922775582
2023-11-28,10534.508154097191,10598.542075035788,-0.006041766922775582
2023-11-29,10534.508154097191,10598.542075035788,-0.006041766922775582
2023-11-30,10534.508154097191,10598.542075035788,-0.006041766922775582
2023-12-01,10534.508154097191,10598.542075035788,-0.006041766922775582
2023-12-02,10534.508154097191,10598.542075035788,-0.006041766922775582
2023-12-03,10534.508154097191,10598.542075035788,-0.006041766922775582
2023-12-04,10534.508154097191,10598.542075035788,-0.006041766922775582
2023-12-05,10534.508154097191,10598.542075035788,-0.006041766922775582
2023-12-06,10534.508154097191,10598.542075035788,-0.006041766922775582
2023-12-07,10534.508154097191,10598.542075035788,-0.006041766922775582
2023-12-08,10534.508154097191,10598.542075035788,-0.006041766922775582
2023-12-09,10534.508154097191,10598.542075035788,-0.006041766922775582
2023-12-10,10534.508154097191,10598.542075035788,-0.006041766922775582
2023-12-11,10534.508154097191,10598.542075035788,-0.006041766922775582
2023-12-12,10534.508154097191,10598.542075035788,-0.006041766922775582
2023-12-13,10534.508154097191,10598.542075035788,-0.006041766922775582
2023-12-14,10534.508154097191,10598.542075035788,-0.006041766922775582
2023-12-15,10534.508154097191,10598.542075035788,-0.006041766922775582
2023-12-16,10534.508154097191,10598.542075035788,-0.006041766922775582
2023-12-17,10534.508154097191,10598.542075035788,-0.006041766922775582
2023-12-18,10534.508154097191,10598.542075035788,-0.006041766922775582
2023-12-19,10534.508154097191,10598.542075035788,-0.006041766922775582
2023-12-20,10534.508154097191,10598.542075035788,-0.006041766922775582
2023-12-21,10534.508154097191,10598.542075035788,-0.006041766922775582
2023-12-22,10534.508154097191,10598.542075035788,-0.006041766922775582
2023-12-23,10534.508154097191,10598.542075035788,-0.006041766922775582
2023-12-24,10534.508154097191,10598.542075035788,-0.006041766922775582
2023-12-25,10534.508154097191,10598.542075035788,-0.006041766922775582
2023-12-26,10534.508154097191,10598.542075035788,-0.006041766922775582
2023-12-27,10534.508154097191,10598.542075035788,-0.006041766922775582
2023-12-28,10534.508154097191,10598.542075035788,-0.006041766922775582
2023-12-29,10534.508154097191,10598.542075035788,-0.006041766922775582
2023-12-30,10534.508154097191,10598.542075035788,-0.006041766922775582
2023-12-31,10534.508154097191,10598.542075035788,-0.006041766922775582
2024-01-01,10534.508154097191,10598.542075035788,-0.006041766922775582
2024-01-02,10534.508154097191,10598.542075035788,-0.006041766922775582
2024-01-03,10534.508154097191,10598.542075035788,-0.006041766922775582
2024-01-04,10534.508154097191,10598.542075035788,-0.006041766922775582
2024-01-05,10534.508154097191,10598.542075035788,-0.006041766922775582
2024-01-06,10534.508154097191,10598.542075035788,-0.006041766922775582
2024-01-07,10534.508154097191,10598.542075035788,-0.006041766922775582
2024-01-08,10534.508154097191,10598.542075035788,-0.006041766922775582
2024-01-09,10534.508154097191,10598.542075035788,-0.006041766922775582
2024-01-10,10534.508154097191,10598.542075035788,-0.006041766922775582
2024-01-11,10534.508154097191,10598.542075035788,-0.006041766922775582
2024-01-12,10534.508154097191,10598.542075035788,-0.006041766922775582
2024-01-13,10534.508154097191,10598.542075035788,-0.006041766922775582
2024-01-14,10534.508154097191,10598.542075035788,-0.006041766922775582
2024-01-15,10534.508154097191,10598.542075035788,-0.006041766922775582
2024-01-16,10534.508154097191,10598.542075035788,-0.006041766922775582
2024-01-17,10534.508154097191,10598.542075035788,-0.006041766922775582
2024-01-18,10534.508154097191,10598.542075035788,-0.006041766922775582
2024-01-19,10534.508154097191,10598.542075035788,-0.006041766922775582
2024-01-20,10534.508154097191,10598.542075035788,-0.006041766922775582
2024-01-21,10534.508154097191,10598.542075035788,-0.006041766922775582
2024-01-22,10534.508154097191,10598.542075035788,-0.006041766922775582
2024-01-23,10534.508154097191,10598.542075035788,-0.006041766922775582
2024-01-24,10534.508154097191,10598.542075035788,-0.006041766922775582
2024-01-25,10534.508154097191,10598.542075035788,-0.006041766922775582
2024-01-26,10534.508154097191,10598.542075035788,-0.006041766922775582
2024-01-27,10534.508154097191,10598.542075035788,-0.006041766922775582
2024-01-28,10534.508154097191,10598.542075035788,-0.006041766922775582
2024-01-29,10534.508154097191,10598.542075035788,-0.006041766922775582
2024-01-30,10534.508154097191,10598.542075035788,-0.006041766922775582
2024-01-31,10497.82073026023,10598.542075035788,-0.009503320745671395
2024-02-01,10497.82073026023,10598.542075035788,-0.009503320745671395
2024-02-02,10497.82073026023,10598.542075035788,-0.009503320745671395
2024-02-03,10491.760378449395,10598.542075035788,-0.010075130695372803
2024-02-04,10469.914629555149,10598.542075035788,-0.012136333900453433
2024-02-05,10469.914629555149,10598.542075035788,-0.012136333900453433
2024-02-06,10469.914629555149,10598.542075035788,-0.012136333900453433
2024-02-07,10469.914629555149,10598.542075035788,-0.012136333900453433
2024-02-08,10578.33183889096,10598.542075035788,-0.0019068883249926394
2024-02-09,10673.500074950129,10673.500074950129,0.0
2024-02-10,10673.500074950129,10673.500074950129,0.0
2024-02-11,10673.500074950129,10673.500074950129,0.0
2024-02-12,10673.500074950129,10673.500074950129,0.0
2024-02-13,10673.500074950129,10673.500074950129,0.0
2024-02-14,10673.500074950129,10673.500074950129,0.0
2024-02-15,10673.500074950129,10673.500074950129,0.0
2024-02-16,10673.500074950129,10673.500074950129,0.0
2024-02-17,10673.500074950129,10673.500074950129,0.0
2024-02-18,10673.500074950129,10673.500074950129,0.0
2024-02-19,10673.500074950129,10673.500074950129,0.0
2024-02-20,10673.500074950129,10673.500074950129,0.0
2024-02-21,10673.500074950129,10673.500074950129,0.0
2024-02-22,10673.500074950129,10673.500074950129,0.0
2024-02-23,10673.500074950129,10673.500074950129,0.0
2024-02-24,10673.500074950129,10673.500074950129,0.0
2024-02-25,10673.500074950129,10673.500074950129,0.0
2024-02-26,10673.500074950129,10673.500074950129,0.0
2024-02-27,10673.500074950129,10673.500074950129,0.0
2024-02-28,10673.500074950129,10673.500074950129,0.0
2024-02-29,10673.500074950129,10673.500074950129,0.0
2024-03-01,10673.500074950129,10673.500074950129,0.0
2024-03-02,10673.500074950129,10673.500074950129,0.0
2024-03-03,10673.500074950129,10673.500074950129,0.0
2024-03-04,10673.500074950129,10673.500074950129,0.0
2024-03-05,10673.500074950129,10673.500074950129,0.0
2024-03-06,10673.500074950129,10673.500074950129,0.0
2024-03-07,10673.500074950129,10673.500074950129,0.0
2024-03-08,10673.500074950129,10673.500074950129,0.0
2024-03-09,10673.500074950129,10673.500074950129,0.0
2024-03-10,10673.500074950129,10673.500074950129,0.0
2024-03-11,10673.500074950129,10673.500074950129,0.0
2024-03-12,10673.500074950129,10673.500074950129,0.0
2024-03-13,10673.500074950129,10673.500074950129,0.0
2024-03-14,10673.500074950129,10673.500074950129,0.0
2024-03-15,10673.500074950129,10673.500074950129,0.0
2024-03-16,10673.500074950129,10673.500074950129,0.0
2024-03-17,10673.500074950129,10673.500074950129,0.0
2024-03-18,10673.500074950129,10673.500074950129,0.0
2024-03-19,10673.500074950129,10673.500074950129,0.0
2024-03-20,10673.500074950129,10673.500074950129,0.0
2024-03-21,10673.500074950129,10673.500074950129,0.0
2024-03-22,10673.500074950129,10673.500074950129,0.0
2024-03-23,10673.500074950129,10673.500074950129,0.0
2024-03-24,10673.500074950129,10673.500074950129,0.0
2024-03-25,10673.500074950129,10673.500074950129,0.0
2024-03-26,10673.500074950129,10673.500074950129,0.0
2024-03-27,10673.500074950129,10673.500074950129,0.0
2024-03-28,10673.500074950129,10673.500074950129,0.0
2024-03-29,10673.500074950129,10673.500074950129,0.0
2024-03-30,10673.500074950129,10673.500074950129,0.0
2024-03-31,10673.500074950129,10673.500074950129,0.0
2024-04-01,10673.500074950129,10673.500074950129,0.0
2024-04-02,10673.500074950129,10673.500074950129,0.0
2024-04-03,10673.500074950129,10673.500074950129,0.0
2024-04-04,10673.500074950129,10673.500074950129,0.0
2024-04-05,10673.500074950129,10673.500074950129,0.0
2024-04-06,10673.500074950129,10673.500074950129,0.0
2024-04-07,10673.500074950129,10673.500074950129,0.0
2024-04-08,10673.500074950129,10673.500074950129,0.0
2024-04-09,10673.500074950129,10673.500074950129,0.0
2024-04-10,10673.500074950129,10673.500074950129,0.0
2024-04-11,10673.500074950129,10673.500074950129,0.0
2024-04-12,10673.500074950129,10673.500074950129,0.0
2024-04-13,10673.500074950129,10673.500074950129,0.0
2024-04-14,10673.500074950129,10673.500074950129,0.0
2024-04-15,10673.500074950129,10673.500074950129,0.0
2024-04-16,10673.500074950129,10673.500074950129,0.0
2024-04-17,10673.500074950129,10673.500074950129,0.0
2024-04-18,10673.500074950129,10673.500074950129,0.0
2024-04-19,10673.500074950129,10673.500074950129,0.0
2024-04-20,10673.500074950129,10673.500074950129,0.0
2024-04-21,10673.500074950129,10673.500074950129,0.0
2024-04-22,10673.500074950129,10673.500074950129,0.0
2024-04-23,10673.500074950129,10673.500074950129,0.0
2024-04-24,10673.500074950129,10673.500074950129,0.0
2024-04-25,10673.500074950129,10673.500074950129,0.0
2024-04-26,10673.500074950129,10673.500074950129,0.0
2024-04-27,10673.500074950129,10673.500074950129,0.0
2024-04-28,10673.500074950129,10673.500074950129,0.0
2024-04-29,10673.500074950129,10673.500074950129,0.0
2024-04-30,10673.500074950129,10673.500074950129,0.0
2024-05-01,10673.500074950129,10673.500074950129,0.0
2024-05-02,10673.500074950129,10673.500074950129,0.0
2024-05-03,10673.500074950129,10673.500074950129,0.0
2024-05-04,10673.500074950129,10673.500074950129,0.0
2024-05-05,10673.500074950129,10673.500074950129,0.0
2024-05-06,10673.500074950129,10673.500074950129,0.0
2024-05-07,10673.500074950129,10673.500074950129,0.0
2024-05-08,10673.500074950129,10673.500074950129,0.0
2024-05-09,10673.500074950129,10673.500074950129,0.0
2024-05-10,10673.500074950129,10673.500074950129,0.0
2024-05-11,10673.500074950129,10673.500074950129,0.0
2024-05-12,10673.500074950129,10673.500074950129,0.0
2024-05-13,10673.500074950129,10673.500074950129,0.0
2024-05-14,10673.500074950129,10673.500074950129,0.0
2024-05-15,10673.500074950129,10673.500074950129,0.0
2024-05-16,10673.500074950129,10673.500074950129,0.0
2024-05-17,10691.58294054468,10691.58294054468,0.0
2024-05-18,10688.84336854095,10691.58294054468,-0.00025623633272675583
2024-05-19,10672.698275038456,10691.58294054468,-0.0017663114630678267
2024-05-20,10802.944024507315,10802.944024507315,0.0
2024-05-21,10770.253477255457,10802.944024507315,-0.0030260776301067605
2024-05-22,10745.533875899746,10802.944024507315,-0.005314305848232559
2024-05-23,10715.394303277464,10802.944024507315,-0.008104246493477851
2024-05-24,10730.00720048927,10802.944024507315,-0.006751569188230722
2024-05-25,10748.65492323304,10802.944024507315,-0.005025398738632392
2024-05-26,10728.941587555466,10802.944024507315,-0.006850210163448778
2024-05-27,10752.32766195054,10802.944024507315,-0.004685423014499368
2024-05-28,10726.189929204662,10802.944024507315,-0.007104923910420169
2024-05-29,10707.406486855192,10802.944024507315,-0.008843657565510643
2024-05-30,10725.026114700871,10802.944024507315,-0.007212655145641844
2024-05-31,10704.576015449502,10802.944024507315,-0.00910566682884384
2024-06-01,10710.28782163816,10802.944024507315,-0.008576940013662715
2024-06-02,10710.257102172676,10802.944024507315,-0.008579783633458682
2024-06-03,10736.551705631635,10802.944024507315,-0.006145761629891222
2024-06-04,10780.06104430925,10802.944024507315,-0.0021182170477004325
2024-06-05,10794.417610243501,10802.944024507315,-0.000789267651898462
2024-06-06,10786.638535107175,10802.944024507315,-0.0015093560943340023
2024-06-07,10750.292371462841,10802.944024507315,-0.004873824480162936
2024-06-08,10749.15575123997,10802.944024507315,-0.004979038412614267
2024-06-09,10757.658496407428,10802.944024507315,-0.004191961746460304
2024-06-10,10754.935543130927,10802.944024507315,-0.004444018340507672
2024-06-11,10698.891151742866,10802.944024507315,-0.009631899649613751
2024-06-12,10722.805752023583,10802.944024507315,-0.007418188255158165
2024-06-13,10685.263040018797,10802.944024507315,-0.010893417962876462
2024-06-14,10666.906396800425,10802.944024507315,-0.01259264394948989
2024-06-15,10671.546043283946,10802.944024507315,-0.01216316412686036
2024-06-16,10682.842245419179,10802.944024507315,-0.011117504526143573
2024-06-17,10678.49770724341,10802.944024507315,-0.011519666952044538
2024-06-18,10642.572541476455,10802.944024507315,-0.014845164676133171
2024-06-19,10642.572541476455,10802.944024507315,-0.014845164676133171
2024-06-20,10642.572541476455,10802.944024507315,-0.014845164676133171
2024-06-21,10642.572541476455,10802.944024507315,-0.014845164676133171
2024-06-22,10642.572541476455,10802.944024507315,-0.014845164676133171
2024-06-23,10642.572541476455,10802.944024507315,-0.014845164676133171
2024-06-24,10642.572541476455,10802.944024507315,-0.014845164676133171
2024-06-25,10642.572541476455,10802.944024507315,-0.014845164676133171
2024-06-26,10642.572541476455,10802.944024507315,-0.014845164676133171
2024-06-27,10642.572541476455,10802.944024507315,-0.014845164676133171
2024-06-28,10642.572541476455,10802.944024507315,-0.014845164676133171
2024-06-29,10642.572541476455,10802.944024507315,-0.014845164676133171
2024-06-30,10642.572541476455,10802.944024507315,-0.014845164676133171
2024-07-01,10642.572541476455,10802.944024507315,-0.014845164676133171
2024-07-02,10642.572541476455,10802.944024507315,-0.014845164676133171
2024-07-03,10642.572541476455,10802.944024507315,-0.014845164676133171
2024-07-04,10642.572541476455,10802.944024507315,-0.014845164676133171
2024-07-05,10642.572541476455,10802.944024507315,-0.014845164676133171
2024-07-06,10642.572541476455,10802.944024507315,-0.014845164676133171
2024-07-07,10642.572541476455,10802.944024507315,-0.014845164676133171
2024-07-08,10642.572541476455,10802.944024507315,-0.014845164676133171
2024-07-09,10642.572541476455,10802.944024507315,-0.014845164676133171
2024-07-10,10642.572541476455,10802.944024507315,-0.014845164676133171
2024-07-11,10642.572541476455,10802.944024507315,-0.014845164676133171
2024-07-12,10642.572541476455,10802.944024507315,-0.014845164676133171
2024-07-13,10642.572541476455,10802.944024507315,-0.014845164676133171
2024-07-14,10642.572541476455,10802.944024507315,-0.014845164676133171
2024-07-15,10642.572541476455,10802.944024507315,-0.014845164676133171
2024-07-16,10642.572541476455,10802.944024507315,-0.014845164676133171
2024-07-17,10621.489857005368,10802.944024507315,-0.016796733102597217
2024-07-18,10618.612364555534,10802.944024507315,-0.017063094979813842
2024-07-19,10695.44748022808,10802.944024507315,-0.009950671227710761
2024-07-20,10709.248632183933,10802.944024507315,-0.008673135037155277
2024-07-21,10738.733225051032,10802.944024507315,-0.005943824138180842
2024-07-22,10720.521950011027,10802.944024507315,-0.0076295937764101485
2024-07-23,10674.62929536993,10802.944024507315,-0.011877755623494135
2024-07-24,10658.526321982987,10802.944024507315,-0.013368365345289734
2024-07-25,10670.71691780698,10802.944024507315,-0.012239914082713743
2024-07-26,10731.333178264134,10802.944024507315,-0.006628826927245535
2024-07-27,10731.002785656474,10802.944024507315,-0.006659410498437879
2024-07-28,10741.164155516795,10802.944024507315,-0.005718799324551438
2024-07-29,10699.032915758908,10802.944024507315,-0.009618776929018247
2024-07-30,10681.87521644951,10802.944024507315,-0.01120701984414152
2024-07-31,10637.017734469491,10802.944024507315,-0.015359358491667363
2024-08-01,10657.894291563807,10802.944024507315,-0.013426870732131113
2024-08-02,10544.373037903493,10802.944024507315,-0.02393523339723258
2024-08-03,10544.373037903493,10802.944024507315,-0.02393523339723258
2024-08-04,10544.373037903493,10802.944024507315,-0.02393523339723258
2024-08-05,10544.373037903493,10802.944024507315,-0.02393523339723258
2024-08-06,10544.373037903493,10802.944024507315,-0.02393523339723258
2024-08-07,10544.373037903493,10802.944024507315,-0.02393523339723258
2024-08-08,10544.373037903493,10802.944024507315,-0.02393523339723258
2024-08-09,10544.373037903493,10802.944024507315,-0.02393523339723258
2024-08-10,10544.373037903493,10802.944024507315,-0.02393523339723258
2024-08-11,10544.373037903493,10802.944024507315,-0.02393523339723258
2024-08-12,10544.373037903493,10802.944024507315,-0.02393523339723258
2024-08-13,10544.373037903493,10802.944024507315,-0.02393523339723258
2024-08-14,10544.373037903493,10802.944024507315,-0.02393523339723258
2024-08-15,10544.373037903493,10802.944024507315,-0.02393523339723258
2024-08-16,10544.373037903493,10802.944024507315,-0.02393523339723258
2024-08-17,10544.373037903493,10802.944024507315,-0.02393523339723258
2024-08-18,10544.373037903493,10802.944024507315,-0.02393523339723258
2024-08-19,10544.373037903493,10802.944024507315,-0.02393523339723258
2024-08-20,10544.373037903493,10802.944024507315,-0.02393523339723258
2024-08-21,10544.373037903493,10802.944024507315,-0.02393523339723258
2024-08-22,10544.373037903493,10802.944024507315,-0.02393523339723258
2024-08-23,10544.373037903493,10802.944024507315,-0.02393523339723258
2024-08-24,10544.373037903493,10802.944024507315,-0.02393523339723258
2024-08-25,10544.373037903493,10802.944024507315,-0.02393523339723258
2024-08-26,10544.373037903493,10802.944024507315,-0.02393523339723258
2024-08-27,10544.373037903493,10802.944024507315,-0.02393523339723258
2024-08-28,10544.373037903493,10802.944024507315,-0.02393523339723258
2024-08-29,10544.373037903493,10802.944024507315,-0.02393523339723258
2024-08-30,10544.373037903493,10802.944024507315,-0.02393523339723258
2024-08-31,10544.373037903493,10802.944024507315,-0.02393523339723258
2024-09-01,10544.373037903493,10802.944024507315,-0.02393523339723258
2024-09-02,10544.373037903493,10802.944024507315,-0.02393523339723258
2024-09-03,10544.373037903493,10802.944024507315,-0.02393523339723258
2024-09-04,10544.373037903493,10802.944024507315,-0.02393523339723258
2024-09-05,10544.373037903493,10802.944024507315,-0.02393523339723258
2024-09-06,10544.373037903493,10802.944024507315,-0.02393523339723258
2024-09-07,10544.373037903493,10802.944024507315,-0.02393523339723258
2024-09-08,10544.373037903493,10802.944024507315,-0.02393523339723258
2024-09-09,10544.373037903493,10802.944024507315,-0.02393523339723258
2024-09-10,10544.373037903493,10802.944024507315,-0.02393523339723258
2024-09-11,10544.373037903493,10802.944024507315,-0.02393523339723258
2024-09-12,10544.373037903493,10802.944024507315,-0.02393523339723258
2024-09-13,10544.373037903493,10802.944024507315,-0.02393523339723258
2024-09-14,10544.373037903493,10802.944024507315,-0.02393523339723258
2024-09-15,10544.373037903493,10802.944024507315,-0.02393523339723258
2024-09-16,10544.373037903493,10802.944024507315,-0.02393523339723258
2024-09-17,10544.373037903493,10802.944024507315,-0.02393523339723258
2024-09-18,10544.373037903493,10802.944024507315,-0.02393523339723258
2024-09-19,10544.373037903493,10802.944024507315,-0.02393523339723258
2024-09-20,10544.373037903493,10802.944024507315,-0.02393523339723258
2024-09-21,10544.373037903493,10802.944024507315,-0.02393523339723258
2024-09-22,10544.373037903493,10802.944024507315,-0.02393523339723258
2024-09-23,10544.373037903493,10802.944024507315,-0.02393523339723258
2024-09-24,10544.373037903493,10802.944024507315,-0.02393523339723258
2024-09-25,10544.373037903493,10802.944024507315,-0.02393523339723258
2024-09-26,10544.373037903493,10802.944024507315,-0.02393523339723258
2024-09-27,10544.373037903493,10802.944024507315,-0.02393523339723258
2024-09-28,10544.373037903493,10802.944024507315,-0.02393523339723258
2024-09-29,10544.373037903493,10802.944024507315,-0.02393523339723258
2024-09-30,10544.373037903493,10802.944024507315,-0.02393523339723258
2024-10-01,10544.373037903493,10802.944024507315,-0.02393523339723258
2024-10-02,10544.373037903493,10802.944024507315,-0.02393523339723258
2024-10-03,10544.373037903493,10802.944024507315,-0.02393523339723258
2024-10-04,10544.373037903493,10802.944024507315,-0.02393523339723258
2024-10-05,10544.373037903493,10802.944024507315,-0.02393523339723258
2024-10-06,10544.373037903493,10802.944024507315,-0.02393523339723258
2024-10-07,10544.373037903493,10802.944024507315,-0.02393523339723258
2024-10-08,10544.373037903493,10802.944024507315,-0.02393523339723258
2024-10-09,10544.373037903493,10802.944024507315,-0.02393523339723258
2024-10-10,10544.373037903493,10802.944024507315,-0.02393523339723258
2024-10-11,10544.373037903493,10802.944024507315,-0.02393523339723258
2024-10-12,10544.373037903493,10802.944024507315,-0.02393523339723258
2024-10-13,10544.373037903493,10802.944024507315,-0.02393523339723258
2024-10-14,10544.373037903493,10802.944024507315,-0.02393523339723258
2024-10-15,10544.373037903493,10802.944024507315,-0.02393523339723258
2024-10-16,10544.373037903493,10802.944024507315,-0.02393523339723258
2024-10-17,10544.373037903493,10802.944024507315,-0.02393523339723258
2024-10-18,10544.373037903493,10802.944024507315,-0.02393523339723258
2024-10-19,10544.373037903493,10802.944024507315,-0.02393523339723258
2024-10-20,10544.373037903493,10802.944024507315,-0.02393523339723258
2024-10-21,10544.373037903493,10802.944024507315,-0.02393523339723258
2024-10-22,10544.373037903493,10802.944024507315,-0.02393523339723258
2024-10-23,10544.373037903493,10802.944024507315,-0.02393523339723258
2024-10-24,10544.373037903493,10802.944024507315,-0.02393523339723258
2024-10-25,10544.373037903493,10802.944024507315,-0.02393523339723258
2024-10-26,10544.373037903493,10802.944024507315,-0.02393523339723258
2024-10-27,10544.373037903493,10802.944024507315,-0.02393523339723258
2024-10-28,10544.373037903493,10802.944024507315,-0.02393523339723258
2024-10-29,10544.373037903493,10802.944024507315,-0.02393523339723258
2024-10-30,10544.373037903493,10802.944024507315,-0.02393523339723258
2024-10-31,10544.373037903493,10802.944024507315,-0.02393523339723258
2024-11-01,10544.373037903493,10802.944024507315,-0.02393523339723258
2024-11-02,10544.373037903493,10802.944024507315,-0.02393523339723258
2024-11-03,10544.373037903493,10802.944024507315,-0.02393523339723258
2024-11-04,10544.373037903493,10802.944024507315,-0.02393523339723258
2024-11-05,10544.373037903493,10802.944024507315,-0.02393523339723258
2024-11-06,10544.373037903493,10802.944024507315,-0.02393523339723258
2024-11-07,10544.373037903493,10802.944024507315,-0.02393523339723258
2024-11-08,10544.373037903493,10802.944024507315,-0.02393523339723258
2024-11-09,10544.373037903493,10802.944024507315,-0.02393523339723258
2024-11-10,10544.373037903493,10802.944024507315,-0.02393523339723258
2024-11-11,10544.373037903493,10802.944024507315,-0.02393523339723258
2024-11-12,10544.373037903493,10802.944024507315,-0.02393523339723258
2024-11-13,10544.373037903493,10802.944024507315,-0.02393523339723258
2024-11-14,10544.373037903493,10802.944024507315,-0.02393523339723258
2024-11-15,10544.373037903493,10802.944024507315,-0.02393523339723258
2024-11-16,10544.373037903493,10802.944024507315,-0.02393523339723258
2024-11-17,10544.373037903493,10802.944024507315,-0.02393523339723258
2024-11-18,10544.373037903493,10802.944024507315,-0.02393523339723258
2024-11-19,10544.373037903493,10802.944024507315,-0.02393523339723258
2024-11-20,10544.373037903493,10802.944024507315,-0.02393523339723258
2024-11-21,10544.373037903493,10802.944024507315,-0.02393523339723258
2024-11-22,10544.373037903493,10802.944024507315,-0.02393523339723258
2024-11-23,10544.373037903493,10802.944024507315,-0.02393523339723258
2024-11-24,10544.373037903493,10802.944024507315,-0.02393523339723258
2024-11-25,10544.373037903493,10802.944024507315,-0.02393523339723258
2024-11-26,10544.373037903493,10802.944024507315,-0.02393523339723258
2024-11-27,10544.373037903493,10802.944024507315,-0.02393523339723258
2024-11-28,10544.373037903493,10802.944024507315,-0.02393523339723258
2024-11-29,10544.373037903493,10802.944024507315,-0.02393523339723258
2024-11-30,10544.373037903493,10802.944024507315,-0.02393523339723258
2024-12-01,10544.373037903493,10802.944024507315,-0.02393523339723258
2024-12-02,10544.373037903493,10802.944024507315,-0.02393523339723258
2024-12-03,10544.373037903493,10802.944024507315,-0.02393523339723258
2024-12-04,10544.373037903493,10802.944024507315,-0.02393523339723258
2024-12-05,10544.373037903493,10802.944024507315,-0.02393523339723258
2024-12-06,10544.373037903493,10802.944024507315,-0.02393523339723258
2024-12-07,10544.373037903493,10802.944024507315,-0.02393523339723258
2024-12-08,10544.373037903493,10802.944024507315,-0.02393523339723258
2024-12-09,10544.373037903493,10802.944024507315,-0.02393523339723258
2024-12-10,10544.373037903493,10802.944024507315,-0.02393523339723258
2024-12-11,10544.373037903493,10802.944024507315,-0.02393523339723258
2024-12-12,10544.373037903493,10802.944024507315,-0.02393523339723258
2024-12-13,10544.373037903493,10802.944024507315,-0.02393523339723258
2024-12-14,10544.373037903493,10802.944024507315,-0.02393523339723258
2024-12-15,10544.373037903493,10802.944024507315,-0.02393523339723258
2024-12-16,10544.373037903493,10802.944024507315,-0.02393523339723258
2024-12-17,10544.373037903493,10802.944024507315,-0.02393523339723258
2024-12-18,10544.373037903493,10802.944024507315,-0.02393523339723258
2024-12-19,10544.373037903493,10802.944024507315,-0.02393523339723258
2024-12-20,10544.373037903493,10802.944024507315,-0.02393523339723258
2024-12-21,10544.373037903493,10802.944024507315,-0.02393523339723258
2024-12-22,10544.373037903493,10802.944024507315,-0.02393523339723258
2024-12-23,10544.373037903493,10802.944024507315,-0.02393523339723258
2024-12-24,10544.373037903493,10802.944024507315,-0.02393523339723258
2024-12-25,10544.373037903493,10802.944024507315,-0.02393523339723258
2024-12-26,10544.373037903493,10802.944024507315,-0.02393523339723258
2024-12-27,10544.373037903493,10802.944024507315,-0.02393523339723258
2024-12-28,10544.373037903493,10802.944024507315,-0.02393523339723258
2024-12-29,10544.373037903493,10802.944024507315,-0.02393523339723258
2024-12-30,10544.373037903493,10802.944024507315,-0.02393523339723258
2024-12-31,10544.373037903493,10802.944024507315,-0.02393523339723258
2025-01-01,10544.373037903493,10802.944024507315,-0.02393523339723258
2025-01-02,10544.373037903493,10802.944024507315,-0.02393523339723258
2025-01-03,10544.373037903493,10802.944024507315,-0.02393523339723258
2025-01-04,10564.697428840529,10802.944024507315,-0.0220538582007187
2025-01-05,10567.365439677493,10802.944024507315,-0.021806887483207693
2025-01-06,10639.551249757978,10802.944024507315,-0.015124837671903757
2025-01-07,10538.386948610701,10802.944024507315,-0.024489349875038258
2025-01-08,10538.386948610701,10802.944024507315,-0.024489349875038258
2025-01-09,10538.386948610701,10802.944024507315,-0.024489349875038258
2025-01-10,10538.386948610701,10802.944024507315,-0.024489349875038258
2025-01-11,10538.386948610701,10802.944024507315,-0.024489349875038258
2025-01-12,10538.386948610701,10802.944024507315,-0.024489349875038258
2025-01-13,10538.386948610701,10802.944024507315,-0.024489349875038258
2025-01-14,10538.386948610701,10802.944024507315,-0.024489349875038258
2025-01-15,10538.386948610701,10802.944024507315,-0.024489349875038258
2025-01-16,10538.386948610701,10802.944024507315,-0.024489349875038258
2025-01-17,10603.679495367813,10802.944024507315,-0.018445391245891396
2025-01-18,10612.79462071126,10802.944024507315,-0.017601628164015892
2025-01-19,10551.398944283055,10802.944024507315,-0.02328486379764716
2025-01-20,10569.075909241532,10802.944024507315,-0.021648553832662176
2025-01-21,10643.021423518581,10802.944024507315,-0.014803612850898484
2025-01-22,10596.619295305447,10802.944024507315,-0.019098935321131383
2025-01-23,10600.497245655219,10802.944024507315,-0.018739963698120587
2025-01-24,10618.778141216088,10802.944024507315,-0.017047749472128393
2025-01-25,10616.423916153492,10802.944024507315,-0.017265673869149678
2025-01-26,10575.929912317015,10802.944024507315,-0.021014096867974175
2025-01-27,10565.702503688839,10802.944024507315,-0.021960821076206116
2025-01-28,10551.474150016958,10802.944024507315,-0.02327790220146264
2025-01-29,10597.12536325663,10802.944024507315,-0.019052089947311557
2025-01-30,10615.968683470543,10802.944024507315,-0.017307813556434626
2025-01-31,10572.304043971519,10802.944024507315,-0.021349733925545844
2025-02-01,10538.149026728981,10802.944024507315,-0.02451137367532641
2025-02-02,10479.477853465383,10802.944024507315,-0.029942409245861445
2025-02-03,10479.477853465383,10802.944024507315,-0.029942409245861445
2025-02-04,10479.477853465383,10802.944024507315,-0.029942409245861445
2025-02-05,10403.850982531789,10802.944024507315,-0.03694298897320514
2025-02-06,10403.850982531789,10802.944024507315,-0.03694298897320514
2025-02-07,10403.850982531789,10802.944024507315,-0.03694298897320514
2025-02-08,10403.850982531789,10802.944024507315,-0.03694298897320514
2025-02-09,10403.850982531789,10802.944024507315,-0.03694298897320514
2025-02-10,10403.850982531789,10802.944024507315,-0.03694298897320514
2025-02-11,10403.850982531789,10802.944024507315,-0.03694298897320514
2025-02-12,10403.850982531789,10802.944024507315,-0.03694298897320514
2025-02-13,10403.850982531789,10802.944024507315,-0.03694298897320514
2025-02-14,10403.850982531789,10802.944024507315,-0.03694298897320514
2025-02-15,10403.850982531789,10802.944024507315,-0.03694298897320514
2025-02-16,10403.850982531789,10802.944024507315,-0.03694298897320514
2025-02-17,10403.850982531789,10802.944024507315,-0.03694298897320514
2025-02-18,10403.850982531789,10802.944024507315,-0.03694298897320514
2025-02-19,10403.850982531789,10802.944024507315,-0.03694298897320514
2025-02-20,10403.850982531789,10802.944024507315,-0.03694298897320514
2025-02-21,10403.850982531789,10802.944024507315,-0.03694298897320514
2025-02-22,10403.850982531789,10802.944024507315,-0.03694298897320514
2025-02-23,10403.850982531789,10802.944024507315,-0.03694298897320514
2025-02-24,10403.850982531789,10802.944024507315,-0.03694298897320514
2025-02-25,10403.850982531789,10802.944024507315,-0.03694298897320514
2025-02-26,10403.850982531789,10802.944024507315,-0.03694298897320514
2025-02-27,10403.850982531789,10802.944024507315,-0.03694298897320514
2025-02-28,10403.850982531789,10802.944024507315,-0.03694298897320514
2025-03-01,10403.850982531789,10802.944024507315,-0.03694298897320514
2025-03-02,10403.850982531789,10802.944024507315,-0.03694298897320514
2025-03-03,10403.850982531789,10802.944024507315,-0.03694298897320514
2025-03-04,10403.850982531789,10802.944024507315,-0.03694298897320514
2025-03-05,10403.850982531789,10802.944024507315,-0.03694298897320514
2025-03-06,10403.850982531789,10802.944024507315,-0.03694298897320514
2025-03-07,10403.850982531789,10802.944024507315,-0.03694298897320514
2025-03-08,10403.850982531789,10802.944024507315,-0.03694298897320514
2025-03-09,10403.850982531789,10802.944024507315,-0.03694298897320514
2025-03-10,10403.850982531789,10802.944024507315,-0.03694298897320514
2025-03-11,10403.850982531789,10802.944024507315,-0.03694298897320514
2025-03-12,10403.850982531789,10802.944024507315,-0.03694298897320514
2025-03-13,10403.850982531789,10802.944024507315,-0.03694298897320514
2025-03-14,10403.850982531789,10802.944024507315,-0.03694298897320514
2025-03-15,10403.850982531789,10802.944024507315,-0.03694298897320514
2025-03-16,10403.850982531789,10802.944024507315,-0.03694298897320514
2025-03-17,10403.850982531789,10802.944024507315,-0.03694298897320514
2025-03-18,10403.850982531789,10802.944024507315,-0.03694298897320514
2025-03-19,10403.850982531789,10802.944024507315,-0.03694298897320514
2025-03-20,10403.850982531789,10802.944024507315,-0.03694298897320514
2025-03-21,10403.850982531789,10802.944024507315,-0.03694298897320514
2025-03-22,10403.850982531789,10802.944024507315,-0.03694298897320514
2025-03-23,10403.850982531789,10802.944024507315,-0.03694298897320514
2025-03-24,10403.850982531789,10802.944024507315,-0.03694298897320514
2025-03-25,10403.850982531789,10802.944024507315,-0.03694298897320514
2025-03-26,10403.850982531789,10802.944024507315,-0.03694298897320514
2025-03-27,10403.850982531789,10802.944024507315,-0.03694298897320514
2025-03-28,10403.850982531789,10802.944024507315,-0.03694298897320514
2025-03-29,10403.850982531789,10802.944024507315,-0.03694298897320514
2025-03-30,10403.850982531789,10802.944024507315,-0.03694298897320514
2025-03-31,10403.850982531789,10802.944024507315,-0.03694298897320514
2025-04-01,10403.850982531789,10802.944024507315,-0.03694298897320514
2025-04-02,10403.850982531789,10802.944024507315,-0.03694298897320514
2025-04-03,10403.850982531789,10802.944024507315,-0.03694298897320514
2025-04-04,10403.850982531789,10802.944024507315,-0.03694298897320514
2025-04-05,10403.850982531789,10802.944024507315,-0.03694298897320514
2025-04-06,10403.850982531789,10802.944024507315,-0.03694298897320514
2025-04-07,10403.850982531789,10802.944024507315,-0.03694298897320514
2025-04-08,10403.850982531789,10802.944024507315,-0.03694298897320514
2025-04-09,10403.850982531789,10802.944024507315,-0.03694298897320514
2025-04-10,10403.850982531789,10802.944024507315,-0.03694298897320514
2025-04-11,10403.850982531789,10802.944024507315,-0.03694298897320514
2025-04-12,10403.850982531789,10802.944024507315,-0.03694298897320514
2025-04-13,10403.850982531789,10802.944024507315,-0.03694298897320514
2025-04-14,10403.850982531789,10802.944024507315,-0.03694298897320514
2025-04-15,10403.850982531789,10802.944024507315,-0.03694298897320514
2025-04-16,10403.850982531789,10802.944024507315,-0.03694298897320514
2025-04-17,10403.850982531789,10802.944024507315,-0.03694298897320514
2025-04-18,10403.850982531789,10802.944024507315,-0.03694298897320514
2025-04-19,10403.850982531789,10802.944024507315,-0.03694298897320514
2025-04-20,10403.850982531789,10802.944024507315,-0.03694298897320514
2025-04-21,10403.850982531789,10802.944024507315,-0.03694298897320514
2025-04-22,10403.850982531789,10802.944024507315,-0.03694298897320514
2025-04-23,10403.850982531789,10802.944024507315,-0.03694298897320514
2025-04-24,10403.850982531789,10802.944024507315,-0.03694298897320514
2025-04-25,10403.850982531789,10802.944024507315,-0.03694298897320514
2025-04-26,10403.850982531789,10802.944024507315,-0.03694298897320514
2025-04-27,10403.850982531789,10802.944024507315,-0.03694298897320514
2025-04-28,10403.850982531789,10802.944024507315,-0.03694298897320514
2025-04-29,10403.850982531789,10802.944024507315,-0.03694298897320514
2025-04-30,10403.850982531789,10802.944024507315,-0.03694298897320514
2025-05-01,10403.850982531789,10802.944024507315,-0.03694298897320514
2025-05-02,10403.850982531789,10802.944024507315,-0.03694298897320514
2025-05-03,10403.850982531789,10802.944024507315,-0.03694298897320514
2025-05-04,10403.850982531789,10802.944024507315,-0.03694298897320514
2025-05-05,10403.850982531789,10802.944024507315,-0.03694298897320514
2025-05-06,10403.850982531789,10802.944024507315,-0.03694298897320514
2025-05-07,10403.850982531789,10802.944024507315,-0.03694298897320514
2025-05-08,10403.850982531789,10802.944024507315,-0.03694298897320514
2025-05-09,10403.850982531789,10802.944024507315,-0.03694298897320514
2025-05-10,10403.850982531789,10802.944024507315,-0.03694298897320514
2025-05-11,10403.850982531789,10802.944024507315,-0.03694298897320514
2025-05-12,10403.850982531789,10802.944024507315,-0.03694298897320514
2025-05-13,10403.850982531789,10802.944024507315,-0.03694298897320514
2025-05-14,10403.850982531789,10802.944024507315,-0.03694298897320514
2025-05-15,10403.850982531789,10802.944024507315,-0.03694298897320514
2025-05-16,10403.850982531789,10802.944024507315,-0.03694298897320514
2025-05-17,10403.850982531789,10802.944024507315,-0.03694298897320514
2025-05-18,10403.850982531789,10802.944024507315,-0.03694298897320514
2025-05-19,10403.850982531789,10802.944024507315,-0.03694298897320514
2025-05-20,10403.850982531789,10802.944024507315,-0.03694298897320514
2025-05-21,10403.850982531789,10802.944024507315,-0.03694298897320514
2025-05-22,10403.850982531789,10802.944024507315,-0.03694298897320514
2025-05-23,10403.850982531789,10802.944024507315,-0.03694298897320514
2025-05-24,10403.850982531789,10802.944024507315,-0.03694298897320514
2025-05-25,10403.850982531789,10802.944024507315,-0.03694298897320514
2025-05-26,10403.850982531789,10802.944024507315,-0.03694298897320514
2025-05-27,10403.850982531789,10802.944024507315,-0.03694298897320514
2025-05-28,10403.850982531789,10802.944024507315,-0.03694298897320514
2025-05-29,10403.850982531789,10802.944024507315,-0.03694298897320514
2025-05-30,10403.850982531789,10802.944024507315,-0.03694298897320514
2025-05-31,10403.850982531789,10802.944024507315,-0.03694298897320514
2025-06-01,10403.850982531789,10802.944024507315,-0.03694298897320514
2025-06-02,10403.850982531789,10802.944024507315,-0.03694298897320514
2025-06-03,10403.850982531789,10802.944024507315,-0.03694298897320514
2025-06-04,10403.850982531789,10802.944024507315,-0.03694298897320514
2025-06-05,10403.850982531789,10802.944024507315,-0.03694298897320514
2025-06-06,10403.850982531789,10802.944024507315,-0.03694298897320514
2025-06-07,10403.850982531789,10802.944024507315,-0.03694298897320514
2025-06-08,10403.850982531789,10802.944024507315,-0.03694298897320514
2025-06-09,10403.850982531789,10802.944024507315,-0.03694298897320514
2025-06-10,10403.850982531789,10802.944024507315,-0.03694298897320514
2025-06-11,10403.850982531789,10802.944024507315,-0.03694298897320514
2025-06-12,10403.850982531789,10802.944024507315,-0.03694298897320514
2025-06-13,10403.850982531789,10802.944024507315,-0.03694298897320514
2025-06-14,10403.850982531789,10802.944024507315,-0.03694298897320514
2025-06-15,10403.850982531789,10802.944024507315,-0.03694298897320514
2025-06-16,10403.850982531789,10802.944024507315,-0.03694298897320514
2025-06-17,10403.850982531789,10802.944024507315,-0.03694298897320514
2025-06-18,10403.850982531789,10802.944024507315,-0.03694298897320514
2025-06-19,10403.850982531789,10802.944024507315,-0.03694298897320514
2025-06-20,10403.850982531789,10802.944024507315,-0.03694298897320514
2025-06-21,10403.850982531789,10802.944024507315,-0.03694298897320514
2025-06-22,10403.850982531789,10802.944024507315,-0.03694298897320514
2025-06-23,10403.850982531789,10802.944024507315,-0.03694298897320514
2025-06-24,10403.850982531789,10802.944024507315,-0.03694298897320514
2025-06-25,10442.50490603096,10802.944024507315,-0.033364897351932155
2025-06-26,10434.276406791816,10802.944024507315,-0.03412658779672906
2025-06-27,10436.378488079961,10802.944024507315,-0.03393200368304894
2025-06-28,10441.589257571715,10802.944024507315,-0.03344965651176546
2025-06-29,10463.756774301197,10802.944024507315,-0.03139766802796029
2025-06-30,10438.446695184413,10802.944024507315,-0.03374055521309849
2025-07-01,10404.49244986879,10802.944024507315,-0.03688361003580187
2025-07-02,10404.49244986879,10802.944024507315,-0.03688361003580187
2025-07-03,10404.49244986879,10802.944024507315,-0.03688361003580187
2025-07-04,10378.461084883274,10802.944024507315,-0.03929326474904138
2025-07-05,10383.873452951993,10802.944024507315,-0.038792256129868585
2025-07-06,10409.323830799722,10802.944024507315,-0.036436381861706835
2025-07-07,10385.513763865656,10802.944024507315,-0.038640416880313944
2025-07-08,10402.216491657304,10802.944024507315,-0.03709428947710269
2025-07-09,10460.698054825856,10802.944024507315,-0.031680805612344876
2025-07-10,10581.557995072175,10802.944024507315,-0.020493120109935647
2025-07-11,10605.381934416475,10802.944024507315,-0.01828780095894733
2025-07-12,10605.381934416475,10802.944024507315,-0.01828780095894733
2025-07-13,10605.381934416475,10802.944024507315,-0.01828780095894733
2025-07-14,10605.381934416475,10802.944024507315,-0.01828780095894733
2025-07-15,10605.381934416475,10802.944024507315,-0.01828780095894733
2025-07-16,10605.381934416475,10802.944024507315,-0.01828780095894733
2025-07-17,10605.381934416475,10802.944024507315,-0.01828780095894733
2025-07-18,10605.381934416475,10802.944024507315,-0.01828780095894733
2025-07-19,10605.381934416475,10802.944024507315,-0.01828780095894733
2025-07-20,10605.381934416475,10802.944024507315,-0.01828780095894733
2025-07-21,10605.381934416475,10802.944024507315,-0.01828780095894733
2025-07-22,10605.381934416475,10802.944024507315,-0.01828780095894733
2025-07-23,10605.381934416475,10802.944024507315,-0.01828780095894733
2025-07-24,10605.381934416475,10802.944024507315,-0.01828780095894733
2025-07-25,10605.381934416475,10802.944024507315,-0.01828780095894733
2025-07-26,10605.381934416475,10802.944024507315,-0.01828780095894733
2025-07-27,10605.381934416475,10802.944024507315,-0.01828780095894733
2025-07-28,10605.381934416475,10802.944024507315,-0.01828780095894733
2025-07-29,10605.381934416475,10802.944024507315,-0.01828780095894733
2025-07-30,10605.381934416475,10802.944024507315,-0.01828780095894733
2025-07-31,10605.381934416475,10802.944024507315,-0.01828780095894733
2025-08-01,10605.381934416475,10802.944024507315,-0.01828780095894733
2025-08-02,10605.381934416475,10802.944024507315,-0.01828780095894733
2025-08-03,10605.381934416475,10802.944024507315,-0.01828780095894733
2025-08-04,10605.381934416475,10802.944024507315,-0.01828780095894733
2025-08-05,10605.381934416475,10802.944024507315,-0.01828780095894733
2025-08-06,10605.381934416475,10802.944024507315,-0.01828780095894733
2025-08-07,10605.381934416475,10802.944024507315,-0.01828780095894733
2025-08-08,10605.381934416475,10802.944024507315,-0.01828780095894733
2025-08-09,10605.381934416475,10802.944024507315,-0.01828780095894733
2025-08-10,10605.381934416475,10802.944024507315,-0.01828780095894733
2025-08-11,10605.381934416475,10802.944024507315,-0.01828780095894733
2025-08-12,10605.381934416475,10802.944024507315,-0.01828780095894733
2025-08-13,10605.381934416475,10802.944024507315,-0.01828780095894733
2025-08-14,10605.381934416475,10802.944024507315,-0.01828780095894733
2025-08-15,10605.381934416475,10802.944024507315,-0.01828780095894733
2025-08-16,10605.381934416475,10802.944024507315,-0.01828780095894733
2025-08-17,10605.381934416475,10802.944024507315,-0.01828780095894733
2025-08-18,10605.381934416475,10802.944024507315,-0.01828780095894733
2025-08-19,10605.381934416475,10802.944024507315,-0.01828780095894733
2025-08-20,10605.381934416475,10802.944024507315,-0.01828780095894733
2025-08-21,10605.381934416475,10802.944024507315,-0.01828780095894733
2025-08-22,10605.381934416475,10802.944024507315,-0.01828780095894733
2025-08-23,10605.381934416475,10802.944024507315,-0.01828780095894733
2025-08-24,10492.72512988745,10802.944024507315,-0.02871614385079735
2025-08-25,10492.72512988745,10802.944024507315,-0.02871614385079735
2025-08-26,10492.72512988745,10802.944024507315,-0.02871614385079735
2025-08-27,10492.72512988745,10802.944024507315,-0.02871614385079735
2025-08-28,10492.72512988745,10802.944024507315,-0.02871614385079735
2025-08-29,10492.72512988745,10802.944024507315,-0.02871614385079735
2025-08-30,10492.72512988745,10802.944024507315,-0.02871614385079735
2025-08-31,10492.72512988745,10802.944024507315,-0.02871614385079735
2025-09-01,10492.72512988745,10802.944024507315,-0.02871614385079735
2025-09-02,10492.72512988745,10802.944024507315,-0.02871614385079735
2025-09-03,10492.72512988745,10802.944024507315,-0.02871614385079735
2025-09-04,10492.72512988745,10802.944024507315,-0.02871614385079735
2025-09-05,10492.72512988745,10802.944024507315,-0.02871614385079735
2025-09-06,10492.72512988745,10802.944024507315,-0.02871614385079735
2025-09-07,10492.72512988745,10802.944024507315,-0.02871614385079735
2025-09-08,10492.72512988745,10802.944024507315,-0.02871614385079735
2025-09-09,10492.72512988745,10802.944024507315,-0.02871614385079735
2025-09-10,10492.72512988745,10802.944024507315,-0.02871614385079735
2025-09-11,10492.72512988745,10802.944024507315,-0.02871614385079735
2025-09-12,10492.72512988745,10802.944024507315,-0.02871614385079735
2025-09-13,10499.482725258491,10802.944024507315,-0.028090611092716822
2025-09-14,10482.73082347808,10802.944024507315,-0.02964129040220953
2025-09-15,10484.83550204033,10802.944024507315,-0.029446465865724192
2025-09-16,10521.912106945074,10802.944024507315,-0.026014382461364116
2025-09-17,10513.118054058965,10802.944024507315,-0.02682842471375002
2025-09-18,10529.242931650819,10802.944024507315,-0.02533578737755038
2025-09-19,10492.117380732998,10802.944024507315,-0.028772401585084872
2025-09-20,10493.489157152091,10802.944024507315,-0.02864541986454816
2025-09-21,10481.81063843226,10802.944024507315,-0.029726469501881958
2025-09-22,10410.96205322814,10802.944024507315,-0.03628473593771597
2025-09-23,10410.96205322814,10802.944024507315,-0.03628473593771597
2025-09-24,10410.96205322814,10802.944024507315,-0.03628473593771597
2025-09-25,10410.96205322814,10802.944024507315,-0.03628473593771597
2025-09-26,10410.96205322814,10802.944024507315,-0.03628473593771597
2025-09-27,10410.96205322814,10802.944024507315,-0.03628473593771597
2025-09-28,10410.96205322814,10802.944024507315,-0.03628473593771597
2025-09-29,10410.96205322814,10802.944024507315,-0.03628473593771597
2025-09-30,10410.96205322814,10802.944024507315,-0.03628473593771597
2025-10-01,10531.009138616366,10802.944024507315,-0.02517229426293832
2025-10-02,10587.488420814185,10802.944024507315,-0.019944156260029877
2025-10-03,10610.522388669538,10802.944024507315,-0.017811962683621507
2025-10-04,10610.522388669538,10802.944024507315,-0.017811962683621507
2025-10-05,10610.522388669538,10802.944024507315,-0.017811962683621507
2025-10-06,10610.522388669538,10802.944024507315,-0.017811962683621507
2025-10-07,10610.522388669538,10802.944024507315,-0.017811962683621507
2025-10-08,10610.522388669538,10802.944024507315,-0.017811962683621507
2025-10-09,10610.522388669538,10802.944024507315,-0.017811962683621507
2025-10-10,10610.522388669538,10802.944024507315,-0.017811962683621507
2025-10-11,10610.522388669538,10802.944024507315,-0.017811962683621507
2025-10-12,10610.522388669538,10802.944024507315,-0.017811962683621507
2025-10-13,10610.522388669538,10802.944024507315,-0.017811962683621507
2025-10-14,10610.522388669538,10802.944024507315,-0.017811962683621507
2025-10-15,10610.522388669538,10802.944024507315,-0.017811962683621507
2025-10-16,10610.522388669538,10802.944024507315,-0.017811962683621507
2025-10-17,10610.522388669538,10802.944024507315,-0.017811962683621507
2025-10-18,10610.522388669538,10802.944024507315,-0.017811962683621507
2025-10-19,10610.522388669538,10802.944024507315,-0.017811962683621507
2025-10-20,10610.522388669538,10802.944024507315,-0.017811962683621507
2025-10-21,10610.522388669538,10802.944024507315,-0.017811962683621507
2025-10-22,10610.522388669538,10802.944024507315,-0.017811962683621507
2025-10-23,10610.522388669538,10802.944024507315,-0.017811962683621507
2025-10-24,10610.522388669538,10802.944024507315,-0.017811962683621507
2025-10-25,10610.522388669538,10802.944024507315,-0.017811962683621507
2025-10-26,10610.522388669538,10802.944024507315,-0.017811962683621507
2025-10-27,10610.522388669538,10802.944024507315,-0.017811962683621507
2025-10-28,10573.426278742492,10802.944024507315,-0.02124585161638748
2025-10-29,10573.426278742492,10802.944024507315,-0.02124585161638748
2025-10-30,10573.426278742492,10802.944024507315,-0.02124585161638748
2025-10-31,10573.426278742492,10802.944024507315,-0.02124585161638748
2025-11-01,10573.426278742492,10802.944024507315,-0.02124585161638748
2025-11-02,10573.426278742492,10802.944024507315,-0.02124585161638748
2025-11-03,10573.426278742492,10802.944024507315,-0.02124585161638748
2025-11-04,10573.426278742492,10802.944024507315,-0.02124585161638748
2025-11-05,10573.426278742492,10802.944024507315,-0.02124585161638748
2025-11-06,10573.426278742492,10802.944024507315,-0.02124585161638748
2025-11-07,10573.426278742492,10802.944024507315,-0.02124585161638748
2025-11-08,10573.426278742492,10802.944024507315,-0.02124585161638748
2025-11-09,10573.426278742492,10802.944024507315,-0.02124585161638748
2025-11-10,10573.426278742492,10802.944024507315,-0.02124585161638748
2025-11-11,10573.426278742492,10802.944024507315,-0.02124585161638748
2025-11-12,10573.426278742492,10802.944024507315,-0.02124585161638748
2025-11-13,10573.426278742492,10802.944024507315,-0.02124585161638748
2025-11-14,10573.426278742492,10802.944024507315,-0.02124585161638748
2025-11-15,10573.426278742492,10802.944024507315,-0.02124585161638748
2025-11-16,10573.426278742492,10802.944024507315,-0.02124585161638748
2025-11-17,10573.426278742492,10802.944024507315,-0.02124585161638748
2025-11-18,10573.426278742492,10802.944024507315,-0.02124585161638748
2025-11-19,10573.426278742492,10802.944024507315,-0.02124585161638748
2025-11-20,10573.426278742492,10802.944024507315,-0.02124585161638748
2025-11-21,10573.426278742492,10802.944024507315,-0.02124585161638748
2025-11-22,10573.426278742492,10802.944024507315,-0.02124585161638748
2025-11-23,10573.426278742492,10802.944024507315,-0.02124585161638748
2025-11-24,10573.426278742492,10802.944024507315,-0.02124585161638748
2025-11-25,10573.426278742492,10802.944024507315,-0.02124585161638748
2025-11-26,10573.426278742492,10802.944024507315,-0.02124585161638748
2025-11-27,10573.426278742492,10802.944024507315,-0.02124585161638748
2025-11-28,10573.426278742492,10802.944024507315,-0.02124585161638748
2025-11-29,10573.426278742492,10802.944024507315,-0.02124585161638748
2025-11-30,10573.426278742492,10802.944024507315,-0.02124585161638748
2025-12-01,10573.426278742492,10802.944024507315,-0.02124585161638748
2025-12-02,10573.426278742492,10802.944024507315,-0.02124585161638748
2025-12-03,10573.426278742492,10802.944024507315,-0.02124585161638748
2025-12-04,10573.426278742492,10802.944024507315,-0.02124585161638748
2025-12-05,10573.426278742492,10802.944024507315,-0.02124585161638748
2025-12-06,10573.426278742492,10802.944024507315,-0.02124585161638748
2025-12-07,10573.426278742492,10802.944024507315,-0.02124585161638748
2025-12-08,10573.426278742492,10802.944024507315,-0.02124585161638748
2025-12-09,10573.426278742492,10802.944024507315,-0.02124585161638748
2025-12-10,10573.426278742492,10802.944024507315,-0.02124585161638748
2025-12-11,10573.426278742492,10802.944024507315,-0.02124585161638748
2025-12-12,10573.426278742492,10802.944024507315,-0.02124585161638748
2025-12-13,10573.426278742492,10802.944024507315,-0.02124585161638748
2025-12-14,10573.426278742492,10802.944024507315,-0.02124585161638748
2025-12-15,10573.426278742492,10802.944024507315,-0.02124585161638748
2025-12-16,10573.426278742492,10802.944024507315,-0.02124585161638748
2025-12-17,10573.426278742492,10802.944024507315,-0.02124585161638748
2025-12-18,10573.426278742492,10802.944024507315,-0.02124585161638748
2025-12-19,10573.426278742492,10802.944024507315,-0.02124585161638748
2025-12-20,10573.426278742492,10802.944024507315,-0.02124585161638748
2025-12-21,10573.426278742492,10802.944024507315,-0.02124585161638748
2025-12-22,10573.426278742492,10802.944024507315,-0.02124585161638748
2025-12-23,10573.426278742492,10802.944024507315,-0.02124585161638748
2025-12-24,10573.426278742492,10802.944024507315,-0.02124585161638748
2025-12-25,10573.426278742492,10802.944024507315,-0.02124585161638748
2025-12-26,10573.426278742492,10802.944024507315,-0.02124585161638748
2025-12-27,10573.426278742492,10802.944024507315,-0.02124585161638748
2025-12-28,10573.426278742492,10802.944024507315,-0.02124585161638748
2025-12-29,10573.426278742492,10802.944024507315,-0.02124585161638748
2025-12-30,10573.426278742492,10802.944024507315,-0.02124585161638748
2025-12-31,10573.426278742492,10802.944024507315,-0.02124585161638748
2026-01-01,10573.426278742492,10802.944024507315,-0.02124585161638748
2026-01-02,10573.426278742492,10802.944024507315,-0.02124585161638748
2026-01-03,10573.426278742492,10802.944024507315,-0.02124585161638748
2026-01-04,10573.426278742492,10802.944024507315,-0.02124585161638748
2026-01-05,10573.426278742492,10802.944024507315,-0.02124585161638748
2026-01-06,10573.426278742492,10802.944024507315,-0.02124585161638748
2026-01-07,10573.426278742492,10802.944024507315,-0.02124585161638748
2026-01-09,10573.426278742492,10802.944024507315,-0.02124585161638748
2026-01-10,10573.426278742492,10802.944024507315,-0.02124585161638748
2026-01-11,10573.426278742492,10802.944024507315,-0.02124585161638748
2026-01-12,10573.426278742492,10802.944024507315,-0.02124585161638748
2026-01-13,10573.426278742492,10802.944024507315,-0.02124585161638748
2026-01-14,10573.426278742492,10802.944024507315,-0.02124585161638748
2026-01-15,10573.426278742492,10802.944024507315,-0.02124585161638748
2026-01-16,10573.426278742492,10802.944024507315,-0.02124585161638748
2026-01-17,10573.426278742492,10802.944024507315,-0.02124585161638748
2026-01-18,10573.426278742492,10802.944024507315,-0.02124585161638748
2026-01-19,10573.426278742492,10802.944024507315,-0.02124585161638748
2026-01-21,10573.426278742492,10802.944024507315,-0.02124585161638748
2026-01-22,10573.426278742492,10802.944024507315,-0.02124585161638748
2026-01-23,10573.426278742492,10802.944024507315,-0.02124585161638748
2026-01-24,10573.426278742492,10802.944024507315,-0.02124585161638748
2026-01-25,10573.426278742492,10802.944024507315,-0.02124585161638748
2026-01-26,10573.426278742492,10802.944024507315,-0.02124585161638748
2026-01-27,10573.426278742492,10802.944024507315,-0.02124585161638748
2026-01-28,10573.426278742492,10802.944024507315,-0.02124585161638748
2026-01-29,10573.426278742492,10802.944024507315,-0.02124585161638748
2026-01-30,10573.426278742492,10802.944024507315,-0.02124585161638748
2026-01-31,10573.426278742492,10802.944024507315,-0.02124585161638748
2026-02-01,10573.426278742492,10802.944024507315,-0.02124585161638748
2026-02-02,10573.426278742492,10802.944024507315,-0.02124585161638748
2026-02-03,10573.426278742492,10802.944024507315,-0.02124585161638748
2026-02-04,10573.426278742492,10802.944024507315,-0.02124585161638748
2026-02-05,10573.426278742492,10802.944024507315,-0.02124585161638748
2026-02-06,10573.426278742492,10802.944024507315,-0.02124585161638748
2026-02-07,10573.426278742492,10802.944024507315,-0.02124585161638748
2026-02-08,10573.426278742492,10802.944024507315,-0.02124585161638748
2026-02-09,10573.426278742492,10802.944024507315,-0.02124585161638748
2026-02-10,10573.426278742492,10802.944024507315,-0.02124585161638748
2026-02-11,10573.426278742492,10802.944024507315,-0.02124585161638748
2026-02-12,10573.426278742492,10802.944024507315,-0.02124585161638748
2026-02-13,10573.426278742492,10802.944024507315,-0.02124585161638748
2026-02-14,10573.426278742492,10802.944024507315,-0.02124585161638748
2026-02-15,10573.426278742492,10802.944024507315,-0.02124585161638748
2026-02-16,10573.426278742492,10802.944024507315,-0.02124585161638748
2026-02-17,10573.426278742492,10802.944024507315,-0.02124585161638748
2026-02-18,10573.426278742492,10802.944024507315,-0.02124585161638748
2026-02-19,10573.426278742492,10802.944024507315,-0.02124585161638748
2026-02-20,10573.426278742492,10802.944024507315,-0.02124585161638748
2026-02-21,10573.426278742492,10802.944024507315,-0.02124585161638748
2026-02-22,10573.426278742492,10802.944024507315,-0.02124585161638748
2026-02-23,10573.426278742492,10802.944024507315,-0.02124585161638748
2026-02-24,10573.426278742492,10802.944024507315,-0.02124585161638748
2026-02-25,10573.426278742492,10802.944024507315,-0.02124585161638748
2026-02-26,10573.426278742492,10802.944024507315,-0.02124585161638748
2026-02-27,10573.426278742492,10802.944024507315,-0.02124585161638748
2026-02-28,10573.426278742492,10802.944024507315,-0.02124585161638748
2026-03-01,10573.426278742492,10802.944024507315,-0.02124585161638748
2026-03-02,10573.426278742492,10802.944024507315,-0.02124585161638748
2026-03-03,10573.426278742492,10802.944024507315,-0.02124585161638748
2026-03-04,10573.426278742492,10802.944024507315,-0.02124585161638748
2026-03-05,10573.426278742492,10802.944024507315,-0.02124585161638748
2026-03-06,10573.426278742492,10802.944024507315,-0.02124585161638748
2026-03-07,10573.426278742492,10802.944024507315,-0.02124585161638748
2026-03-08,10573.426278742492,10802.944024507315,-0.02124585161638748
2026-03-09,10573.426278742492,10802.944024507315,-0.02124585161638748
2026-03-10,10573.426278742492,10802.944024507315,-0.02124585161638748
2026-03-11,10573.426278742492,10802.944024507315,-0.02124585161638748
2026-03-12,10573.426278742492,10802.944024507315,-0.02124585161638748
2026-03-13,10573.426278742492,10802.944024507315,-0.02124585161638748
2026-03-14,10573.426278742492,10802.944024507315,-0.02124585161638748
2026-03-15,10573.426278742492,10802.944024507315,-0.02124585161638748
2026-03-16,10573.426278742492,10802.944024507315,-0.02124585161638748
2026-03-17,10573.426278742492,10802.944024507315,-0.02124585161638748
2026-03-18,10573.426278742492,10802.944024507315,-0.02124585161638748
2026-03-19,10573.426278742492,10802.944024507315,-0.02124585161638748
2026-03-23,10573.426278742492,10802.944024507315,-0.02124585161638748
2026-03-24,10573.426278742492,10802.944024507315,-0.02124585161638748
2026-03-26,10573.426278742492,10802.944024507315,-0.02124585161638748
2026-03-27,10573.426278742492,10802.944024507315,-0.02124585161638748
2026-03-28,10573.426278742492,10802.944024507315,-0.02124585161638748
2026-03-29,10573.426278742492,10802.944024507315,-0.02124585161638748
2026-03-30,10573.426278742492,10802.944024507315,-0.02124585161638748
2026-03-31,10573.426278742492,10802.944024507315,-0.02124585161638748
2026-04-01,10573.426278742492,10802.944024507315,-0.02124585161638748
2026-04-02,10573.426278742492,10802.944024507315,-0.02124585161638748
2026-04-03,10573.426278742492,10802.944024507315,-0.02124585161638748
2026-04-04,10573.426278742492,10802.944024507315,-0.02124585161638748
2026-04-05,10573.426278742492,10802.944024507315,-0.02124585161638748
2026-04-06,10573.426278742492,10802.944024507315,-0.02124585161638748
2026-04-07,10573.426278742492,10802.944024507315,-0.02124585161638748
2026-04-08,10573.426278742492,10802.944024507315,-0.02124585161638748
2026-04-09,10573.426278742492,10802.944024507315,-0.02124585161638748
2026-04-10,10573.426278742492,10802.944024507315,-0.02124585161638748
2026-04-11,10573.426278742492,10802.944024507315,-0.02124585161638748
2026-04-12,10573.426278742492,10802.944024507315,-0.02124585161638748
2026-04-13,10573.426278742492,10802.944024507315,-0.02124585161638748
2026-04-16,10573.426278742492,10802.944024507315,-0.02124585161638748
2026-04-17,10573.426278742492,10802.944024507315,-0.02124585161638748
2026-04-18,10573.426278742492,10802.944024507315,-0.02124585161638748
2026-04-19,10573.426278742492,10802.944024507315,-0.02124585161638748
2026-04-20,10573.426278742492,10802.944024507315,-0.02124585161638748
2026-04-21,10573.426278742492,10802.944024507315,-0.02124585161638748
2026-04-22,10573.426278742492,10802.944024507315,-0.02124585161638748
2026-04-23,10573.426278742492,10802.944024507315,-0.02124585161638748
2026-04-24,10573.426278742492,10802.944024507315,-0.02124585161638748
2026-04-25,10573.426278742492,10802.944024507315,-0.02124585161638748
2026-04-26,10573.426278742492,10802.944024507315,-0.02124585161638748
2026-04-27,10573.426278742492,10802.944024507315,-0.02124585161638748
2026-04-28,10573.426278742492,10802.944024507315,-0.02124585161638748
2026-04-29,10573.426278742492,10802.944024507315,-0.02124585161638748
2026-04-30,10573.426278742492,10802.944024507315,-0.02124585161638748
2026-05-01,10573.426278742492,10802.944024507315,-0.02124585161638748
2026-05-02,10573.426278742492,10802.944024507315,-0.02124585161638748
2026-05-03,10573.426278742492,10802.944024507315,-0.02124585161638748
2026-05-04,10573.426278742492,10802.944024507315,-0.02124585161638748
2026-05-05,10573.426278742492,10802.944024507315,-0.02124585161638748
2026-05-06,10573.426278742492,10802.944024507315,-0.02124585161638748
2026-05-07,10573.426278742492,10802.944024507315,-0.02124585161638748
2026-05-08,10573.426278742492,10802.944024507315,-0.02124585161638748
2026-05-09,10573.426278742492,10802.944024507315,-0.02124585161638748
2026-05-10,10573.426278742492,10802.944024507315,-0.02124585161638748
2026-05-11,10573.426278742492,10802.944024507315,-0.02124585161638748
2026-05-12,10573.426278742492,10802.944024507315,-0.02124585161638748
2026-05-13,10573.426278742492,10802.944024507315,-0.02124585161638748
2026-05-14,10573.426278742492,10802.944024507315,-0.02124585161638748
2026-05-15,10573.426278742492,10802.944024507315,-0.02124585161638748
2026-05-16,10573.426278742492,10802.944024507315,-0.02124585161638748
2026-05-17,10573.426278742492,10802.944024507315,-0.02124585161638748
2026-05-18,10573.426278742492,10802.944024507315,-0.02124585161638748
2026-05-19,10573.426278742492,10802.944024507315,-0.02124585161638748
2026-05-20,10573.426278742492,10802.944024507315,-0.02124585161638748
2026-05-27,10573.426278742492,10802.944024507315,-0.02124585161638748
2026-05-30,10573.426278742492,10802.944024507315,-0.02124585161638748
2026-05-31,10573.426278742492,10802.944024507315,-0.02124585161638748
2026-06-01,10573.426278742492,10802.944024507315,-0.02124585161638748
2026-06-08,10573.426278742492,10802.944024507315,-0.02124585161638748
2026-06-10,10573.426278742492,10802.944024507315,-0.02124585161638748
2026-06-11,10573.426278742492,10802.944024507315,-0.02124585161638748
2026-06-12,10573.426278742492,10802.944024507315,-0.02124585161638748
2026-06-13,10573.426278742492,10802.944024507315,-0.02124585161638748
2026-06-14,10573.426278742492,10802.944024507315,-0.02124585161638748
2026-06-15,10573.426278742492,10802.944024507315,-0.02124585161638748
2026-06-16,10573.426278742492,10802.944024507315,-0.02124585161638748
2026-06-17,10573.426278742492,10802.944024507315,-0.02124585161638748
2026-06-18,10573.426278742492,10802.944024507315,-0.02124585161638748
2026-06-19,10573.426278742492,10802.944024507315,-0.02124585161638748
2026-06-20,10573.426278742492,10802.944024507315,-0.02124585161638748
2026-06-21,10573.426278742492,10802.944024507315,-0.02124585161638748
2026-06-22,10573.426278742492,10802.944024507315,-0.02124585161638748
2026-06-23,10573.426278742492,10802.944024507315,-0.02124585161638748
2026-06-24,10573.426278742492,10802.944024507315,-0.02124585161638748
2026-06-25,10573.426278742492,10802.944024507315,-0.02124585161638748
2026-06-26,10573.426278742492,10802.944024507315,-0.02124585161638748
2026-06-27,10573.426278742492,10802.944024507315,-0.02124585161638748
2026-06-28,10573.426278742492,10802.944024507315,-0.02124585161638748
2026-06-29,10573.426278742492,10802.944024507315,-0.02124585161638748
2026-06-30,10573.426278742492,10802.944024507315,-0.02124585161638748
2026-07-01,10573.426278742492,10802.944024507315,-0.02124585161638748
2026-07-02,10573.426278742492,10802.944024507315,-0.02124585161638748
2026-07-03,10573.426278742492,10802.944024507315,-0.02124585161638748
2026-07-04,10573.426278742492,10802.944024507315,-0.02124585161638748
2026-07-05,10573.426278742492,10802.944024507315,-0.02124585161638748
2026-07-06,10573.426278742492,10802.944024507315,-0.02124585161638748
2026-07-07,10573.426278742492,10802.944024507315,-0.02124585161638748
2026-07-08,10573.426278742492,10802.944024507315,-0.02124585161638748
2026-07-09,10573.426278742492,10802.944024507315,-0.02124585161638748
2026-07-10,10573.426278742492,10802.944024507315,-0.02124585161638748
2026-07-11,10573.426278742492,10802.944024507315,-0.02124585161638748
2026-07-13,10573.426278742492,10802.944024507315,-0.02124585161638748
2026-07-14,10573.426278742492,10802.944024507315,-0.02124585161638748
2026-07-15,10573.426278742492,10802.944024507315,-0.02124585161638748
2026-07-16,10573.426278742492,10802.944024507315,-0.02124585161638748
2026-07-17,10573.426278742492,10802.944024507315,-0.02124585161638748
2026-07-18,10573.426278742492,10802.944024507315,-0.02124585161638748
2026-07-19,10573.426278742492,10802.944024507315,-0.02124585161638748
2026-07-20,10573.426278742492,10802.944024507315,-0.02124585161638748
2026-07-24,10573.426278742492,10802.944024507315,-0.02124585161638748
2026-07-25,10573.426278742492,10802.944024507315,-0.02124585161638748
2026-07-26,10573.426278742492,10802.944024507315,-0.02124585161638748
2026-07-27,10573.426278742492,10802.944024507315,-0.02124585161638748
2026-07-28,10573.426278742492,10802.944024507315,-0.02124585161638748
2026-07-29,10573.426278742492,10802.944024507315,-0.02124585161638748
2026-07-30,10573.426278742492,10802.944024507315,-0.02124585161638748
2026-07-31,10573.426278742492,10802.944024507315,-0.02124585161638748
2026-08-01,10573.426278742492,10802.944024507315,-0.02124585161638748
2026-08-02,10573.426278742492,10802.944024507315,-0.02124585161638748
2026-08-03,10573.426278742492,10802.944024507315,-0.02124585161638748
2026-08-04,10573.426278742492,10802.944024507315,-0.02124585161638748
2026-08-05,10573.426278742492,10802.944024507315,-0.02124585161638748
2026-08-06,10573.426278742492,10802.944024507315,-0.02124585161638748
2026-08-07,10573.426278742492,10802.944024507315,-0.02124585161638748
2026-08-08,10573.426278742492,10802.944024507315,-0.02124585161638748
2026-08-09,10573.426278742492,10802.944024507315,-0.02124585161638748
2026-08-10,10573.426278742492,10802.944024507315,-0.02124585161638748
2026-08-11,10573.426278742492,10802.944024507315,-0.02124585161638748
2026-08-12,10573.426278742492,10802.944024507315,-0.02124585161638748
2026-08-13,10573.426278742492,10802.944024507315,-0.02124585161638748
2026-08-14,10573.426278742492,10802.944024507315,-0.02124585161638748
2026-08-15,10573.426278742492,10802.944024507315,-0.02124585161638748
2026-08-16,10573.426278742492,10802.944024507315,-0.02124585161638748
2026-08-17,10573.426278742492,10802.944024507315,-0.02124585161638748
2026-08-18,10573.426278742492,10802.944024507315,-0.02124585161638748
2026-08-19,10573.426278742492,10802.944024507315,-0.02124585161638748
2026-08-20,10573.426278742492,10802.944024507315,-0.02124585161638748
2026-08-21,10573.426278742492,10802.944024507315,-0.02124585161638748
2026-08-22,10573.426278742492,10802.944024507315,-0.02124585161638748
2026-08-23,10573.426278742492,10802.944024507315,-0.02124585161638748
2026-08-24,10573.426278742492,10802.944024507315,-0.02124585161638748
2026-08-25,10573.426278742492,10802.944024507315,-0.02124585161638748
2026-08-26,10573.426278742492,10802.944024507315,-0.02124585161638748
2026-08-27,10573.426278742492,10802.944024507315,-0.02124585161638748
2026-08-28,10573.426278742492,10802.944024507315,-0.02124585161638748
2026-08-29,10573.426278742492,10802.944024507315,-0.02124585161638748
2026-08-30,10573.426278742492,10802.944024507315,-0.02124585161638748
2026-08-31,10573.426278742492,10802.944024507315,-0.02124585161638748
2026-09-01,10573.426278742492,10802.944024507315,-0.02124585161638748
2026-09-02,10573.426278742492,10802.944024507315,-0.02124585161638748
2026-09-03,10573.426278742492,10802.944024507315,-0.02124585161638748
2026-09-04,10573.426278742492,10802.944024507315,-0.02124585161638748
2026-09-05,10573.426278742492,10802.944024507315,-0.02124585161638748
2026-09-06,10573.426278742492,10802.944024507315,-0.02124585161638748
2026-09-07,10573.426278742492,10802.944024507315,-0.02124585161638748
2026-09-08,10573.426278742492,10802.944024507315,-0.02124585161638748
2026-09-09,10573.426278742492,10802.944024507315,-0.02124585161638748
2026-09-10,10573.426278742492,10802.944024507315,-0.02124585161638748
2026-09-11,10573.426278742492,10802.944024507315,-0.02124585161638748
2026-09-12,10573.426278742492,10802.944024507315,-0.02124585161638748
2026-09-13,10573.426278742492,10802.944024507315,-0.02124585161638748
