Unix,Date,Symbol,Open,High,Low,Close,Volume BTC,Volume USDT,tradecount,SMA50,SMA200,RSI14,ATR14,cross_above_50,entry_signal,exit_signal
1502928000000,2017-08-17,BTCUSDT,4261.48,4485.39,4200.74,4285.08,795.150377,3454770.05073206,3427,,,,,False,False,False
1503014400000,2017-08-18,BTCUSDT,4285.08,4371.52,3938.77,4108.37,1199.888264,5086958.30617151,5233,,,,,False,False,False
1503100800000,2017-08-19,BTCUSDT,4108.37,4184.69,3850.0,4139.98,381.309763,1549483.73542151,2153,,,,,False,False,False
1503187200000,2017-08-20,BTCUSDT,4120.98,4211.08,4032.62,4086.29,467.083022,1930364.39032646,2321,,,,,False,False,False
1503273600000,2017-08-21,BTCUSDT,4069.13,4119.62,3911.79,4016.0,691.74306,2797231.71402728,3972,,,,,False,False,False
1503360000000,2017-08-22,BTCUSDT,4016.0,4104.82,3400.0,4040.0,966.684858,3752505.77214051,6494,,,,,False,False,False
1503446400000,2017-08-23,BTCUSDT,4040.0,4265.8,4013.89,4114.01,1001.136565,4148686.46581968,8629,,,,,False,False,False
1503532800000,2017-08-24,BTCUSDT,4147.0,4371.68,4085.01,4316.01,787.418753,3296476.41316476,6247,,,,,False,False,False
1503619200000,2017-08-25,BTCUSDT,4316.01,4453.91,4247.48,4280.68,573.61274,2484637.34936327,6554,,,,,False,False,False
1503705600000,2017-08-26,BTCUSDT,4280.71,4367.0,4212.41,4337.44,228.108068,977865.7333321,2260,,,,,False,False,False
1503792000000,2017-08-27,BTCUSDT,4332.51,4400.0,4285.54,4310.01,350.692585,1521580.06202557,3670,,,,,False,False,False
1503878400000,2017-08-28,BTCUSDT,4310.01,4399.82,4124.54,4386.69,603.841616,2591660.52579953,4349,,,,,False,False,False
1503964800000,2017-08-29,BTCUSDT,4353.65,4625.85,4313.55,4587.48,603.545028,2682483.73582991,4159,,,,,False,False,False
1504051200000,2017-08-30,BTCUSDT,4564.52,4647.51,4416.01,4555.14,808.468771,3683714.68666123,5551,,,,276.40045068956204,False,False,False
1504137600000,2017-08-31,BTCUSDT,4555.14,4745.42,4555.14,4724.89,556.956802,2579878.72401184,4161,,,36.96084210305682,270.24898992602186,False,False,False
1504224000000,2017-09-01,BTCUSDT,4689.89,4885.55,4654.88,4834.91,560.666366,2665165.55924616,4000,,,41.05849261853065,267.42191921702033,False,False,False
1504310400000,2017-09-02,BTCUSDT,4796.16,4939.19,4286.87,4472.14,929.148595,4257723.944817,7475,,,33.35871427184162,294.9146392729474,False,False,False
1504396800000,2017-09-03,BTCUSDT,4508.5,4714.76,4298.33,4509.08,691.216198,3121052.75230181,6022,,,34.701566410176326,303.5943078963083,False,False,False
1504483200000,2017-09-04,BTCUSDT,4505.0,4527.49,3972.51,4100.11,1394.644614,5909947.49008974,9317,,,27.979484750355866,321.5504287608577,False,False,False
1504569600000,2017-09-05,BTCUSDT,4106.97,4484.99,3603.0,4366.47,1228.938157,5083453.18675071,10084,,,36.59428736313786,361.5818267065107,False,False,False
1504656000000,2017-09-06,BTCUSDT,4366.49,4662.87,4335.26,4619.77,807.363726,3626346.05544323,7956,,,43.513896896808326,359.1552676560457,False,False,False
1504742400000,2017-09-07,BTCUSDT,4619.77,4788.59,4438.19,4691.61,500.429975,2305795.13638315,3070,,,45.33598975803143,358.5298913948996,False,False,False
1504828800000,2017-09-08,BTCUSDT,4691.66,4735.39,4028.93,4282.8,1132.255046,4866527.22639337,4733,,,37.853087518393615,383.38204200954965,False,False,False
1504915200000,2017-09-09,BTCUSDT,4282.8,4426.62,4150.06,4258.81,658.782952,2815383.46568698,3777,,,37.46232302498828,375.7518961517247,False,False,False
1505001600000,2017-09-10,BTCUSDT,4258.81,4283.0,3801.0,4130.37,660.373275,2700371.80819211,3435,,,35.35779967225821,383.3410464266015,False,False,False
1505088000000,2017-09-11,BTCUSDT,4153.62,4334.43,4098.91,4208.47,699.989065,2956842.76250147,4228,,,37.65141746873531,372.7824002532729,False,False,False
1505174400000,2017-09-12,BTCUSDT,4208.6,4394.59,4040.8,4163.72,879.630319,3725190.62328952,6501,,,36.84472695387494,371.425800235182,False,False,False
1505260800000,2017-09-13,BTCUSDT,4159.72,4165.38,3760.0,3944.69,913.462545,3570365.92571669,5019,,,33.10597038716648,373.8511002183833,False,False,False
1505347200000,2017-09-14,BTCUSDT,3944.0,3993.0,3165.13,3189.02,1665.021543,5914261.40460825,9066,,,24.041738964039453,406.28102163135594,False,False,False
1505433600000,2017-09-15,BTCUSDT,3188.01,3856.0,2817.0,3700.0,1968.866492,6588767.18669446,10445,,,36.668715264457234,451.4752343719734,False,False,False
1505520000000,2017-09-16,BTCUSDT,3674.01,3950.0,3470.66,3714.95,1297.563953,4804878.24721283,8809,,,36.99870150120946,453.46557477397533,False,False,False
1505606400000,2017-09-17,BTCUSDT,3685.23,3748.21,3499.02,3699.99,682.17121,2466490.27859466,6355,,,36.7921124332794,438.87446229011994,False,False,False
1505692800000,2017-09-18,BTCUSDT,3690.0,4123.2,3690.0,4035.01,1030.006455,4069033.05715863,8220,,,44.293636191731586,438.4691435551114,False,False,False
1505779200000,2017-09-19,BTCUSDT,4060.0,4089.97,3830.91,3910.04,902.332129,3558315.19743872,7342,,,42.277999032465345,425.65420472974625,False,False,False
1505865600000,2017-09-20,BTCUSDT,3910.04,4046.08,3820.0,3900.0,720.935076,2839584.45308804,7231,,,42.112196354462384,411.39890439190725,False,False,False
1505952000000,2017-09-21,BTCUSDT,3889.99,3910.0,3567.0,3609.99,1001.654084,3757043.07821264,8714,,,37.53332821691593,406.5132683639139,False,False,False
1506038400000,2017-09-22,BTCUSDT,3592.84,3750.0,3505.55,3595.87,838.966425,3031771.43292849,8152,,,37.3205609504941,394.9373206236343,False,False,False
1506124800000,2017-09-23,BTCUSDT,3595.88,3817.19,3542.91,3780.0,752.792791,2799706.99951511,8402,,,41.942464452840845,386.31894057908903,False,False,False
1506211200000,2017-09-24,BTCUSDT,3779.54,3789.99,3622.76,3660.02,661.63639,2445788.43620041,8724,,,39.87894566055607,370.6697305377255,False,False,False
1506297600000,2017-09-25,BTCUSDT,3660.02,3979.87,3653.69,3920.75,727.994713,2784170.85318322,9740,,,46.086478341694026,367.49189264217364,False,False,False
1506384000000,2017-09-26,BTCUSDT,3928.0,3976.99,3850.05,3882.35,526.727987,2061195.57868009,7971,,,45.343910224768095,350.3096145963041,False,False,False
1506470400000,2017-09-27,BTCUSDT,3882.36,4249.94,3872.81,4193.0,628.170966,2554629.81447101,8373,,,52.071797871145336,352.22535641085375,False,False,False
1506556800000,2017-09-28,BTCUSDT,4192.11,4300.0,4101.0,4174.5,849.785325,3553178.87037354,11426,,,51.663936364851516,341.2806880957928,False,False,False
1506643200000,2017-09-29,BTCUSDT,4178.98,4263.86,3952.01,4174.69,1602.309565,6571746.35900076,14834,,,51.66812343618323,339.17849608895045,False,False,False
1506729600000,2017-09-30,BTCUSDT,4175.0,4380.0,4138.1,4378.51,720.353183,3088354.40084536,9324,,,56.064846464456494,332.23003208259684,False,False,False
1506816000000,2017-10-01,BTCUSDT,4378.49,4406.52,4240.04,4378.48,726.963685,3137143.89184457,9816,,,56.06403804088835,320.3907440766971,False,False,False
1506902400000,2017-10-02,BTCUSDT,4400.0,4561.63,4360.0,4380.0,655.756974,2905282.77570845,8185,,,56.098578962698014,311.90783378550447,False,False,False
1506988800000,2017-10-03,BTCUSDT,4380.0,4467.33,4180.8,4310.0,1082.323563,4627422.74283879,12379,,,53.993378658990856,310.0951313722541,False,False,False
1507075200000,2017-10-04,BTCUSDT,4314.9,4373.0,4142.0,4208.59,868.465101,3676415.10054891,11006,,,51.00703964216106,304.4454791313788,False,False,False
1507161600000,2017-10-05,BTCUSDT,4208.59,4355.0,4110.0,4292.43,779.138638,3295532.82397779,9158,4159.1842,,53.306420654339206,300.1993734791375,False,False,False
1507248000000,2017-10-06,BTCUSDT,4318.99,4417.0,4292.0,4369.0,506.529176,2212035.12414239,6546,4160.8626,,55.366710015391696,287.685132516342,False,False,False
1507334400000,2017-10-07,BTCUSDT,4369.0,4479.5,4312.56,4423.0,297.5975,1302533.21459281,4804,4167.155199999999,,56.81392994464857,279.0604801937461,False,False,False
1507420800000,2017-10-08,BTCUSDT,4425.0,4658.0,4425.0,4640.0,518.462004,2347356.46944654,7580,4177.1556,,62.12818517272411,275.91330303704996,False,False,False
1507507200000,2017-10-09,BTCUSDT,4640.0,4889.98,4550.0,4786.95,646.463145,3040508.90436387,10372,4191.1688,,65.24697346622571,280.4894956772606,False,False,False
1507593600000,2017-10-10,BTCUSDT,4786.95,4960.0,4680.59,4783.06,1043.221773,5044283.86347582,11967,4206.51,,65.09415477892567,280.41238884317056,False,False,False
1507680000000,2017-10-11,BTCUSDT,4783.06,4881.61,4710.0,4821.43,753.429396,3609240.90903919,5895,4222.1386,,65.94151543390231,272.64078964008695,False,False,False
1507766400000,2017-10-12,BTCUSDT,4821.43,5439.99,4810.16,5430.0,1276.701482,6659759.29119366,8030,4248.4583999999995,,75.92431274114065,298.15430466579505,False,False,False
1507852800000,2017-10-13,BTCUSDT,5439.99,5846.17,5379.84,5649.98,1879.82762,10597340.30104987,11663,4275.1378,,78.39000535303111,310.16685433252394,False,False,False
1507939200000,2017-10-14,BTCUSDT,5650.0,5900.0,5580.01,5869.99,970.759046,5533972.4859947,6259,4306.924,,80.53692416808494,310.8685075944865,False,False,False
1508025600000,2017-10-15,BTCUSDT,5855.03,5922.3,5400.01,5709.99,1343.523375,7553650.20132813,7452,4334.375,,74.7228988379638,325.9700427663089,False,False,False
1508112000000,2017-10-16,BTCUSDT,5710.0,5788.91,5585.19,5760.02,1528.996462,8701914.79553535,9153,4363.3752,,75.32279091314493,317.2378968544297,False,False,False
1508198400000,2017-10-17,BTCUSDT,5760.0,5774.98,5508.63,5595.0,1429.869376,8041662.31881055,9755,4387.5414,,69.466631858075,313.6030470791133,False,False,False
1508284800000,2017-10-18,BTCUSDT,5595.0,5596.0,5037.95,5512.06,2317.804373,12456909.97604373,14824,4406.032999999999,,66.66137359508598,331.0635437163195,False,False,False
1508371200000,2017-10-19,BTCUSDT,5513.0,5710.0,5490.26,5683.9,1881.722107,10609368.77338359,11553,4428.6082,,69.41700740079743,323.11186202229663,False,False,False
1508457600000,2017-10-20,BTCUSDT,5683.31,6110.0,5600.0,6010.01,1972.97722,11486552.1888066,11656,4454.3106,,73.8366895034201,336.46101473498976,False,False,False
1508544000000,2017-10-21,BTCUSDT,6013.72,6171.0,5850.03,6024.97,1664.307693,10114821.44026351,10182,4478.1118,,74.02215636029,335.3545136824905,False,False,False
1508630400000,2017-10-22,BTCUSDT,6003.27,6060.0,5720.03,5950.02,1362.092216,8035415.37335629,8846,4507.6694,,71.29531824620915,335.68419127659837,False,False,False
1508716800000,2017-10-23,BTCUSDT,5975.0,6080.0,5621.03,5915.93,1812.557715,10607190.98072695,10736,4535.8063999999995,,70.03165298156145,344.4903204711271,False,False,False
1508803200000,2017-10-24,BTCUSDT,5909.47,5925.0,5450.0,5477.03,2580.418767,14564495.85056032,13075,4563.3448,,56.21643862011926,353.81244043747523,False,False,False
1508889600000,2017-10-25,BTCUSDT,5506.92,5704.96,5286.98,5689.99,2282.813205,12544847.89154201,12026,4589.8152,,60.30795134665246,358.3958375490842,False,False,False
1508976000000,2017-10-26,BTCUSDT,5670.1,5939.99,5650.0,5861.77,1972.965882,11417126.63602561,11429,4614.6552,,63.288106344038304,353.5097062955782,False,False,False
1509062400000,2017-10-27,BTCUSDT,5861.77,5980.0,5649.24,5768.83,1403.706416,8167069.73635031,8305,4636.1996,,60.635475132554525,351.8847272744655,False,False,False
1509148800000,2017-10-28,BTCUSDT,5768.79,5850.02,5630.03,5719.64,1276.754412,7308076.01911184,8556,4664.9364000000005,,59.22070085663762,342.46367532628943,False,False,False
1509235200000,2017-10-29,BTCUSDT,5709.98,6189.88,5648.01,6169.98,1804.778173,10620967.62459168,10651,4703.1598,,66.8472534203855,356.7069842315545,False,False,False
1509321600000,2017-10-30,BTCUSDT,6133.01,6248.68,6030.0,6120.5,1473.687043,9030219.28673499,9027,4742.9624,,65.40001458994325,346.8479139293006,False,False,False
1509408000000,2017-10-31,BTCUSDT,6120.52,6498.01,6100.0,6463.0,1511.774925,9487640.8400991,12503,4788.053000000001,,70.20808317014362,350.5023486486363,False,False,False
1509494400000,2017-11-01,BTCUSDT,6463.0,6774.67,6338.02,6753.98,1675.615188,10951171.07254041,16775,4839.8582,,73.56857307167168,356.65575231659085,False,False,False
1509580800000,2017-11-02,BTCUSDT,6753.98,7300.0,6685.1,7019.98,2503.610803,17369001.33091877,20222,4901.3640000000005,,76.21034582734427,375.1017700082629,False,False,False
1509667200000,2017-11-03,BTCUSDT,7010.31,7346.34,6923.0,7115.04,1891.497592,13614451.74654126,15375,4979.8844,,77.0915399663049,378.5473578648156,False,False,False
1509753600000,2017-11-04,BTCUSDT,7115.02,7480.99,6901.0,7357.09,1399.191767,10064538.39659038,13395,5053.0262,,79.2038531383037,392.93611801732874,False,False,False
1509840000000,2017-11-05,BTCUSDT,7357.27,7590.25,7279.02,7345.01,1207.83233,9000403.86573288,11090,5125.6274,,78.8132746548873,387.0999667303767,False,False,False
1509926400000,2017-11-06,BTCUSDT,7345.1,7401.0,6906.0,6960.12,1763.019261,12673524.6216398,13525,5190.83,,67.40750415290809,394.8071119639212,False,False,False
1510012800000,2017-11-07,BTCUSDT,6981.72,7198.49,6901.0,7064.04,1440.259494,10173272.33780804,13132,5251.4106,,68.72360491471264,387.855889680784,False,False,False
1510099200000,2017-11-08,BTCUSDT,7070.0,7770.02,6651.0,7303.0,2822.298802,20491286.19840822,24381,5319.2698,,71.56680807448743,440.081897560728,False,False,False
1510185600000,2017-11-09,BTCUSDT,7303.01,7392.0,7015.0,7079.99,1913.398308,13798534.34721742,13818,5382.8696,,65.57556354324932,435.5760477349618,False,False,False
1510272000000,2017-11-10,BTCUSDT,7079.0,7279.91,6255.01,6506.98,3254.704105,22083345.18396158,18889,5440.809400000001,,53.24214457018957,477.6706157538931,False,False,False
1510358400000,2017-11-11,BTCUSDT,6503.0,6797.98,6100.0,6245.05,2754.156861,17681445.46474999,17840,5493.793000000001,,48.73035578140622,493.40700034290074,False,False,False
1510444800000,2017-11-12,BTCUSDT,6245.05,6630.0,5325.01,5811.03,4968.483069,29711508.60084671,31069,5534.4136,,42.3294039817226,551.3772146041222,False,False,False
1510531200000,2017-11-13,BTCUSDT,5839.94,6697.47,5699.99,6465.99,2621.243039,16498136.09913936,16165,5590.533,,52.474600598156485,583.2416992752563,False,False,False
1510617600000,2017-11-14,BTCUSDT,6465.99,6684.98,6311.07,6574.99,1254.292531,8168729.97122799,10476,5643.6178,,53.92720381939591,568.2894350413095,False,False,False
1510704000000,2017-11-15,BTCUSDT,6575.99,7298.0,6575.99,7240.06,1779.605845,12446186.45092821,10313,5710.772000000001,,61.63280932952393,579.3409039669303,False,False,False
1510790400000,2017-11-16,BTCUSDT,7240.14,7940.0,7076.0,7864.5,2331.95675,17499577.25815967,14961,5784.202000000001,,67.1825760539129,599.673696540721,False,False,False
1510876800000,2017-11-17,BTCUSDT,7876.98,7989.0,7451.0,7699.19,3982.395925,31024092.61951179,22012,5854.6958,,64.52176485039121,595.2684325020981,False,False,False
1510963200000,2017-11-18,BTCUSDT,7680.01,7819.99,7422.0,7761.94,3954.266477,30334498.31525712,18383,5926.4408,,65.08701883160758,581.1771158948053,False,False,False
1511049600000,2017-11-19,BTCUSDT,7761.94,8123.15,7650.33,8038.0,3867.340444,30322635.7689457,14897,5999.6306,,67.5374299724287,573.4373219023192,False,False,False
1511136000000,2017-11-20,BTCUSDT,8057.11,8319.99,7954.0,8212.0,3886.634348,31567135.38731295,20101,6076.301000000001,,69.01365584410584,558.6196560521536,False,False,False
1511222400000,2017-11-21,BTCUSDT,8212.49,8400.0,7801.0,8119.51,4544.474016,37074997.58090905,20798,6151.0912,,67.26270302708305,561.5039663341427,False,False,False
1511308800000,2017-11-22,BTCUSDT,8091.09,8322.68,8091.09,8205.92,3545.00571,29124078.47217724,14752,6229.009600000001,,68.07757465807165,537.938683024561,False,False,False
1511395200000,2017-11-23,BTCUSDT,8233.03,8260.0,8000.0,8019.99,4093.952687,33400702.99957629,16625,6305.2376,,64.36507188616014,518.0859199513781,False,False,False
1511481600000,2017-11-24,BTCUSDT,8019.97,8369.0,7850.0,8138.0,4411.789112,35840264.45804051,19754,6382.149,,65.64562838652732,518.1512113834225,False,False,False
1511568000000,2017-11-25,BTCUSDT,8138.99,8734.78,8090.0,8700.01,4292.623682,36093005.20140187,18632,6468.769200000001,,70.99191080082693,527.1961248560352,False,False,False
1511654400000,2017-11-26,BTCUSDT,8700.04,9350.0,8604.72,9128.02,4147.380237,37138533.83941873,19268,6562.8696,,74.27524902531718,542.7735445091756,False,False,False
1511740800000,2017-11-27,BTCUSDT,9128.0,9654.28,9112.04,9650.0,4521.625707,42961064.95202934,22806,6663.0696,,77.6044690227721,542.7354341870916,False,False,False
1511827200000,2017-11-28,BTCUSDT,9650.0,9939.0,9570.5,9896.8,4917.210985,48235644.0576554,18923,6765.2666,,78.98903390757766,530.2900460308708,False,False,False
1511913600000,2017-11-29,BTCUSDT,9896.79,11300.03,8520.0,9687.88,13352.538715,135976167.45757934,47894,6863.363,,74.7747254332343,690.9857570286658,False,False,False
1512000000000,2017-11-30,BTCUSDT,9687.88,10900.0,8850.8,9838.96,9389.574329,91430904.34116387,41153,6963.7136,,75.78102418771456,788.0010600980469,False,False,False
1512086400000,2017-12-01,BTCUSDT,9837.0,10898.0,9380.0,10782.99,6134.923633,62260697.58291551,32375,7070.7734,,80.90655483270076,840.143841519615,False,False,False
1512172800000,2017-12-02,BTCUSDT,10775.04,11190.0,10620.0,10890.01,4765.439757,52046689.84006951,29694,7175.5740000000005,,81.3874525473363,820.8478528396424,False,False,False
1512259200000,2017-12-03,BTCUSDT,10902.69,11825.0,10500.0,11165.41,5346.636524,60350708.29332783,39335,7281.4824,,82.60183512954174,856.8587204939537,False,False,False
1512345600000,2017-12-04,BTCUSDT,11165.41,11600.0,10802.0,11579.0,4663.424562,52814985.63993067,32232,7398.8626,,84.26248005294785,852.654526172957,False,False,False
1512432000000,2017-12-05,BTCUSDT,11571.03,11853.0,11447.68,11699.99,5550.732055,64721253.04527842,31317,7517.662,,84.7218968898348,820.7020600177458,False,False,False
1512518400000,2017-12-06,BTCUSDT,11699.99,13615.23,11665.58,13550.05,6707.946319,84409526.69576178,40196,7676.763000000001,,89.6819726390695,901.3411985879068,False,False,False
1512604800000,2017-12-07,BTCUSDT,13541.01,16649.96,13050.0,16599.0,7487.065695,109555325.34649764,57541,7898.501800000001,,93.45383034891371,1094.0996844030562,False,False,False
1512691200000,2017-12-08,BTCUSDT,16599.0,17204.99,14015.0,15880.0,17589.013136,271586476.6191432,84727,8102.4238000000005,,85.51487160352531,1243.8061355171237,False,False,False
1512777600000,2017-12-09,BTCUSDT,15880.01,16269.3,12535.0,14656.07,13918.758687,205372672.98786432,66738,8275.345,,73.99193444342923,1421.6985544087577,False,False,False
1512864000000,2017-12-10,BTCUSDT,14664.01,15720.12,12368.0,14899.98,16553.037173,233767963.46201488,80669,8452.8452,,74.7229156848636,1559.585800522418,False,False,False
1512950400000,2017-12-11,BTCUSDT,14946.26,17470.0,14901.08,16587.97,11820.401762,193045127.9036004,71373,8665.6042,,79.10070422384933,1631.7596719136739,False,False,False
1513036800000,2017-12-12,BTCUSDT,16587.97,16976.45,15875.0,16349.99,9436.802411,155716213.09834388,76032,8874.2854,,77.07399725802199,1593.8804096341257,False,False,False
1513123200000,2017-12-13,BTCUSDT,16349.99,16546.0,14666.56,16033.29,12416.328801,196769674.31153056,83847,9085.4106,,74.34408118742624,1614.2775232316883,False,False,False
1513209600000,2017-12-14,BTCUSDT,16030.34,16445.0,15450.0,16334.98,11616.867151,186092495.1834846,86150,9298.310399999998,,75.24363235290772,1570.043414429425,False,False,False
1513296000000,2017-12-15,BTCUSDT,16334.98,17991.0,16298.45,17539.83,9181.273947,159809704.04408672,85478,9531.871599999999,,78.48764802270549,1578.7938848273232,False,False,False
1513382400000,2017-12-16,BTCUSDT,17516.81,19539.0,17190.01,19102.66,4202.628709,76293721.36508314,51777,9798.548200000001,,81.81612720524933,1633.807893053943,False,False,False
1513468800000,2017-12-17,BTCUSDT,19120.19,19798.68,18510.0,18860.02,9177.183434,175867439.47045135,84581,10061.3558,,79.75293371460918,1609.1559006929472,False,False,False
1513555200000,2017-12-18,BTCUSDT,18860.04,19300.0,17029.98,18856.25,10624.633071,196339245.745198,91956,10315.0812,,79.71929587223555,1656.3604792148794,False,False,False
1513641600000,2017-12-19,BTCUSDT,18856.25,18950.0,16300.0,17295.2,13210.74822,232790625.92336664,116569,10538.5752,,67.09929053437102,1727.3347306995308,False,False,False
1513728000000,2017-12-20,BTCUSDT,17295.2,17720.35,14777.66,16488.98,13450.496693,221193892.50223887,129762,10739.094799999999,,61.669444004799715,1814.14582136385,False,False,False
1513814400000,2017-12-21,BTCUSDT,16480.52,17309.5,14022.0,15492.64,20324.2173,320176825.29037607,117731,10913.868,,55.67350916116502,1919.3854055521465,False,False,False
1513900800000,2017-12-22,BTCUSDT,15514.03,15699.34,10961.0,13326.61,36076.271175,477509934.71828645,243261,11040.000600000001,,45.35041822817425,2120.7393051555646,False,False,False
1513987200000,2017-12-23,BTCUSDT,13326.61,14950.0,12978.18,13300.0,13141.538875,184759685.33206663,135005,11163.6998,,45.2394385518974,2110.1022119301674,False,False,False
1514073600000,2017-12-24,BTCUSDT,13300.0,13819.99,11640.0,13500.0,28557.534988,365709589.60302895,173557,11286.558,,46.303046582180286,2115.094196792298,False,False,False
1514160000000,2017-12-25,BTCUSDT,13500.0,14300.0,12708.0,13699.34,15748.207607,213139657.6289145,116416,11413.644600000001,,47.399654689288326,2077.730325592848,False,False,False
1514246400000,2017-12-26,BTCUSDT,13699.34,16050.0,13533.0,15689.01,15034.668104,224843731.89656883,133133,11588.2224,,56.867974895161296,2109.1067309076448,False,False,False
1514332800000,2017-12-27,BTCUSDT,15709.98,16498.05,14200.15,15459.99,14959.864723,231229932.48204052,142202,11756.1414,,55.62676511638621,2122.5919644142414,False,False,False
1514419200000,2017-12-28,BTCUSDT,15459.97,15539.99,13150.0,14182.11,21717.858014,303401227.98652,178032,11893.723600000001,,49.177040648089395,2141.6918240989385,False,False,False
1514505600000,2017-12-29,BTCUSDT,14199.14,14981.0,13850.0,14378.9,18072.008116,260911629.2180768,142100,12039.701799999999,,50.135874156535344,2069.4995509490145,False,False,False
1514592000000,2017-12-30,BTCUSDT,14378.99,14398.85,11750.0,12440.01,19221.158039,247803953.75248587,190204,12158.3624,,41.773670853046944,2110.881725881228,False,False,False
1514678400000,2017-12-31,BTCUSDT,12345.1,14050.11,12149.98,13716.36,11768.989718,155283285.36704132,138893,12307.788599999998,,47.930496590950156,2095.828031175426,False,False,False
1514764800000,2018-01-01,BTCUSDT,13715.65,13818.55,12750.0,13380.0,8609.915844,114799747.44197056,105595,12459.167999999998,,46.53403995747874,2022.45102894861,False,False,False
1514851200000,2018-01-02,BTCUSDT,13382.16,15473.49,12890.02,14675.11,20078.092111,279717107.4337192,177728,12623.350400000001,,52.297030841229784,2062.5238125951378,False,False,False
1514937600000,2018-01-03,BTCUSDT,14690.0,15307.56,14150.0,14919.51,15905.667639,236116868.33619007,162787,12790.240800000001,,53.31958080742021,1997.8835402669135,False,False,False
1515024000000,2018-01-04,BTCUSDT,14919.51,15280.0,13918.04,15059.54,21329.649574,312781583.79830784,170310,12946.6304,,53.92893797163332,1952.460430247848,False,False,False
1515110400000,2018-01-05,BTCUSDT,15059.56,17176.24,14600.0,16960.39,23251.491125,369321956.4868375,192969,13128.548200000001,,61.31183408632475,1997.0161138015733,False,False,False
1515196800000,2018-01-06,BTCUSDT,16960.39,17143.13,16011.21,17069.79,18571.457508,309216920.9864104,158242,13315.9602,,61.69231996524004,1935.2235342443182,False,False,False
1515283200000,2018-01-07,BTCUSDT,17069.79,17099.96,15610.0,16150.03,12493.125558,206194706.37068355,120269,13483.722000000002,,56.648168121104796,1903.41899608401,False,False,False
1515369600000,2018-01-08,BTCUSDT,16218.85,16322.3,12812.0,14902.54,26600.609912,396569997.15746266,208642,13621.0128,,50.604589285035935,2018.1962106494377,False,False,False
1515456000000,2018-01-09,BTCUSDT,14902.54,15500.0,14011.05,14400.0,14315.004253,210630187.45766863,156656,13744.7728,,48.36603784487202,1980.3929098887638,False,False,False
1515542400000,2018-01-10,BTCUSDT,14401.0,14955.66,13131.31,14907.09,17411.001655,244011366.763028,161476,13880.524400000002,,50.734253960165695,1969.2469877538522,False,False,False
1515628800000,2018-01-11,BTCUSDT,14940.0,14968.68,11400.0,13238.78,33554.723751,446587594.6937379,239416,13981.1816,,43.64224391034042,2083.4922029142913,False,False,True
1515715200000,2018-01-12,BTCUSDT,13238.76,14109.78,12500.0,13740.01,16417.162137,222516076.27145907,134452,14095.582,,46.08092754390194,2049.655616991842,False,False,True
1515801600000,2018-01-13,BTCUSDT,13749.95,14580.0,13706.15,14210.0,12221.508528,173086488.54788405,123639,14217.021999999999,,48.338317361655015,1965.669501492425,False,False,True
1515888000000,2018-01-14,BTCUSDT,14210.0,14339.5,12569.2,13474.99,17017.894329,226525305.12938112,152364,14312.5216,,45.15445648799797,1951.714537100109,False,False,True
1515974400000,2018-01-15,BTCUSDT,13477.98,14249.99,13147.79,13539.93,14652.094705,200614554.538343,145362,14400.7598,,45.49603799190446,1891.034927307244,False,False,True
1516060800000,2018-01-16,BTCUSDT,13500.0,13542.93,9035.0,10900.0,63401.169175,722150828.1494024,418243,14425.7598,,35.74884038194027,2077.956003928155,False,False,True
1516147200000,2018-01-17,BTCUSDT,10899.99,11680.99,9037.94,10988.79,72331.796646,744154180.1312059,517293,14447.599600000001,,36.24359102658693,2118.3198607904296,False,False,True
1516233600000,2018-01-18,BTCUSDT,10972.59,11878.82,10435.33,10961.97,48464.434937,541289614.0584047,393112,14473.081400000001,,36.15303246191182,2070.1177278768278,False,False,True
1516320000000,2018-01-19,BTCUSDT,10960.0,11795.0,10360.0,11474.98,34129.375421,382773499.2265792,273271,14505.8018,,39.27834633922696,2024.7521758856258,False,False,True
1516406400000,2018-01-20,BTCUSDT,11474.98,13099.0,11412.45,12799.94,28768.857827,358561107.78097045,251647,14546.1408,,46.55485786621194,2000.594877608081,False,False,True
1516492800000,2018-01-21,BTCUSDT,12799.8,12799.8,10965.0,11530.0,41379.773426,485289230.8188924,360207,14558.940599999998,,41.4302325156323,1988.762386350361,False,False,True
1516579200000,2018-01-22,BTCUSDT,11530.0,11926.35,9900.24,10760.05,43752.606791,475716514.20869696,363264,14550.833400000001,,38.65221185764698,1991.4300730396212,False,False,True
1516665600000,2018-01-23,BTCUSDT,10760.05,11399.0,9905.0,10799.18,37473.922552,399419413.2329807,355286,14535.237000000001,,38.87652676291808,1955.8993535367913,False,False,True
1516752000000,2018-01-24,BTCUSDT,10799.14,11570.48,10500.0,11349.99,27158.587762,299470607.4302002,293429,14528.237000000001,,42.08659997714763,1892.655113998449,False,False,True
1516838400000,2018-01-25,BTCUSDT,11349.96,11794.05,10950.21,11175.27,20839.954183,236081364.97365227,221040,14480.7414,,41.34485624060105,1817.7397487128455,False,False,True
1516924800000,2018-01-26,BTCUSDT,11184.7,11643.0,10311.15,11089.0,33056.87196,360482470.17375433,314720,14370.541400000002,,40.96098787098891,1783.0333380904997,False,False,True
1517011200000,2018-01-27,BTCUSDT,11089.0,11650.0,10842.69,11491.0,18860.768345,212663199.53348225,207478,14282.761400000001,,43.5892787786992,1713.3388139411784,False,False,True
1517097600000,2018-01-28,BTCUSDT,11499.98,12244.0,11408.0,11879.95,16887.339524,200211582.9434541,206247,14227.239000000001,,46.08994942361501,1650.671755802523,False,False,True
1517184000000,2018-01-29,BTCUSDT,11879.95,11975.02,11139.55,11251.0,14170.377538,162110154.87880376,169199,14154.259399999999,,42.7869167848945,1592.4430589594858,False,False,True
1517270400000,2018-01-30,BTCUSDT,11250.11,11308.42,9900.0,10237.51,25554.372946,268978329.50861526,259212,14027.2502,,38.05432848097278,1579.2985547480941,False,False,True
1517356800000,2018-01-31,BTCUSDT,10230.0,10425.85,9700.0,10285.1,18015.956805,181644207.11316264,201422,13905.9524,,38.39888244046239,1518.3379436946589,False,False,True
1517443200000,2018-02-01,BTCUSDT,10285.1,10335.0,8750.99,9224.52,33564.764311,317636345.9843711,316020,13769.777,,33.87659242276408,1523.028804859326,False,False,True
1517529600000,2018-02-02,BTCUSDT,9224.52,9250.0,8010.02,8873.03,49971.626975,434236483.7044874,453411,13620.538,,32.510084518246174,1502.8110330836598,False,False,True
1517616000000,2018-02-03,BTCUSDT,8873.03,9473.01,8229.0,9199.96,28725.000735,256834729.0599109,327519,13453.740600000001,,35.13113399579153,1484.3252450062557,False,False,True
1517702400000,2018-02-04,BTCUSDT,9199.96,9368.0,7930.0,8184.81,32014.308449,274912288.421322,356134,13235.3836,,31.093178049200077,1481.0162989343805,False,False,True
1517788800000,2018-02-05,BTCUSDT,8179.99,8382.8,6625.0,6939.99,63403.182579,471166218.7134473,533510,12996.983,,26.99563129538275,1500.7865632962105,False,False,True
1517875200000,2018-02-06,BTCUSDT,6939.63,7878.0,6000.01,7652.14,100201.500307,684364276.3666689,785996,12772.900799999998,,32.477830314081615,1527.7296659179096,False,False,True
1517961600000,2018-02-07,BTCUSDT,7655.02,8476.0,7150.01,7599.0,60778.460497,477935038.8117769,514893,12578.976799999999,,32.28301870195999,1513.3196897809162,False,False,True
1518048000000,2018-02-08,BTCUSDT,7599.0,7844.0,7572.09,7784.02,1521.537318,11770168.04386595,12417,12404.8776,,33.77254343272938,1424.6475690822795,False,False,True
1518134400000,2018-02-09,BTCUSDT,7789.9,8738.0,7789.9,8683.92,20482.910825,173348469.81187892,273091,12268.7032,,40.61464821037555,1391.028457004974,False,False,True
1518220800000,2018-02-10,BTCUSDT,8683.93,9065.78,8120.0,8533.98,49381.512653,423411421.93098,537578,12172.8506,,39.87544286024769,1359.2249957903332,False,False,True
1518307200000,2018-02-11,BTCUSDT,8533.99,8549.0,7726.53,8063.88,45025.187952,366966437.2498885,524626,12068.128200000001,,37.56686369049274,1320.8853532338808,False,False,True
1518393600000,2018-02-12,BTCUSDT,8063.82,8989.0,8053.0,8903.0,41987.85049,362440826.9943769,477660,11976.1882,,43.81924335498052,1293.3935422886036,False,False,True
1518480000000,2018-02-13,BTCUSDT,8903.0,8950.0,8351.0,8539.9,35454.972956,305165143.6969234,401893,11872.999399999999,,41.865474993235416,1243.7940035537033,False,False,True
1518566400000,2018-02-14,BTCUSDT,8535.17,9489.6,8533.0,9449.99,40811.952867,370126692.728233,514897,11748.219000000001,,48.1104522473006,1223.2801461570102,False,False,True
1518652800000,2018-02-15,BTCUSDT,9449.98,10219.5,9301.5,10000.09,52427.596715,512388484.73178285,608349,11639.020999999999,,51.50174171083183,1201.4744214315097,False,False,True
1518739200000,2018-02-16,BTCUSDT,10000.89,10323.37,9666.0,10159.98,38161.205974,381103299.2238848,405310,11558.578399999999,,52.473997641861246,1162.6098199006876,False,False,True
1518825600000,2018-02-17,BTCUSDT,10156.07,11075.07,10050.0,11039.55,41882.108407,446012696.1692673,413585,11491.791400000002,,57.51922434826535,1152.7855470506386,False,False,True
1518912000000,2018-02-18,BTCUSDT,11039.55,11274.0,10080.0,10383.43,61137.380728,649423311.3100228,537534,11450.659800000001,,52.9994350226806,1155.7294365470216,False,False,True
1518998400000,2018-02-19,BTCUSDT,10375.01,11250.0,10270.33,11153.0,40831.417131,443766562.68306607,366882,11399.392600000003,,57.24327625049415,1143.1537625079486,False,False,True
1519084800000,2018-02-20,BTCUSDT,11147.11,11786.01,11100.59,11200.99,48153.354288,551573232.2429588,432197,11355.812400000003,,57.50098090312374,1110.458493757381,False,False,True
1519171200000,2018-02-21,BTCUSDT,11195.07,11304.03,10200.0,10437.6,68113.818754,731537130.492186,542340,11271.0622,,52.119537323442714,1109.9993156318537,False,False,True
1519257600000,2018-02-22,BTCUSDT,10439.02,10933.44,9679.0,9811.04,67060.166483,682006373.869588,506273,11168.892799999998,,48.13747776275384,1120.3165073724356,False,False,True
1519344000000,2018-02-23,BTCUSDT,9815.55,10435.0,9570.19,10131.04,57202.70237,571800753.4709765,467480,11070.3228,,50.22896799990482,1102.0660425601188,False,False,True
1519430400000,2018-02-24,BTCUSDT,10131.04,10496.97,9352.0,9694.51,40888.156299,405618586.64803785,337918,10925.0052,,47.41959839341573,1105.1306109486818,False,False,True
1519516800000,2018-02-25,BTCUSDT,9694.51,9847.0,9274.8,9590.0,28373.517586,271286599.1260862,233567,10775.409399999999,,46.74550064660197,1067.0641387380617,False,False,True
1519603200000,2018-02-26,BTCUSDT,9590.0,10444.32,9350.0,10324.0,34878.292756,347559259.73845184,285276,10658.8888,,51.91552703515192,1069.0109859710574,False,False,True
1519689600000,2018-02-27,BTCUSDT,10321.0,10870.0,10121.0,10569.04,30705.385123,324295371.1414657,240542,10572.218799999999,,53.53721501881335,1046.1530584016962,False,False,True
1519776000000,2018-02-28,BTCUSDT,10584.33,11098.0,10300.0,10326.76,30800.983782,327914696.13067526,277886,10490.753999999999,,51.681287433751365,1028.4278399444322,False,False,True
1519862400000,2018-03-01,BTCUSDT,10325.64,11060.41,10240.0,10920.0,25092.55393,268172535.3811293,230428,10411.0122,,55.728252543552614,1013.5694228055443,True,False,False
1519948800000,2018-03-02,BTCUSDT,10923.36,11200.0,10770.0,11039.0,23910.71009,262936307.0078576,211691,10367.016599999999,,56.51503461195082,971.8858926051482,False,False,False
1520035200000,2018-03-03,BTCUSDT,11038.99,11544.0,11015.01,11464.48,21287.15328,241749497.9024717,190444,10321.506000000001,,59.300115651067365,940.2504717047805,False,False,False
1520121600000,2018-03-04,BTCUSDT,11464.47,11565.0,11050.02,11515.0,17295.918653,194849579.1250208,168359,10267.606000000002,8756.4903,59.63072756885973,909.8740094401534,False,False,False
1520208000000,2018-03-05,BTCUSDT,11515.0,11710.0,11415.01,11454.0,15144.231063,174866951.39806527,164318,10227.1862,8792.3349,59.00744736436305,865.953723051571,False,False,False
1520294400000,2018-03-06,BTCUSDT,11455.0,11455.0,10555.48,10716.48,29515.572363,323842216.64859617,250306,10170.7172,8825.37545,51.93883623364873,868.3513142621732,False,False,False
1520380800000,2018-03-07,BTCUSDT,10716.48,10899.0,9389.31,9910.0,50647.67108,514808033.4879209,396721,10150.9172,8854.225550000001,45.51769778877582,914.1612203863037,False,False,True
1520467200000,2018-03-08,BTCUSDT,9910.0,10099.0,9060.0,9271.64,41109.473226,394641280.63843673,336514,10116.574200000001,8880.1523,41.17815973566733,923.0782760729963,False,False,True
1520553600000,2018-03-09,BTCUSDT,9267.07,9410.0,8329.0,9227.0,64112.291407,567082901.1319405,462712,10081.8748,8906.2073,40.88462034695215,934.3583992106394,False,False,True
1520640000000,2018-03-10,BTCUSDT,9230.0,9490.0,8667.07,8770.22,37180.012857,341210248.41481787,288066,10027.7796,8929.8584,37.906891162211345,926.399227838451,False,False,True
1520726400000,2018-03-11,BTCUSDT,8770.22,9740.0,8450.0,9533.57,44325.973386,403491260.9275316,333367,9962.4522,8956.9562,45.10266937011914,952.3707115642759,False,False,True
1520812800000,2018-03-12,BTCUSDT,9533.57,9888.88,8780.0,9131.34,42230.77793,395562731.86503726,336642,9914.479,8981.03285,42.31967624516125,963.5499464525418,False,False,True
1520899200000,2018-03-13,BTCUSDT,9131.34,9474.0,8823.0,9150.0,40191.409358,367353984.7132836,342734,9882.278,9005.37945,42.496941124268055,941.2249502773602,False,False,True
1520985600000,2018-03-14,BTCUSDT,9151.92,9333.78,7900.28,8170.0,49708.094108,426058009.75594646,399127,9829.6944,9024.54225,36.2040368262869,976.3874538289774,False,False,True
1521072000000,2018-03-15,BTCUSDT,8184.01,8430.0,7650.0,8240.98,52291.022277,422130717.47310126,400529,9767.5142,9044.1971,36.93247690639298,962.359778555479,False,False,True
1521158400000,2018-03-16,BTCUSDT,8240.98,8611.64,7900.0,8260.0,38815.409893,322355002.16519487,255807,9709.2088,9063.56365,37.13960401764456,944.4512229443734,False,False,True
1521244800000,2018-03-17,BTCUSDT,8260.0,8348.62,7721.99,7824.8,33110.206329,265973111.6176285,292041,9643.9248,9079.750250000001,34.359026060333605,921.7497070197753,False,False,True
1521331200000,2018-03-18,BTCUSDT,7824.01,8317.4,7322.0,8189.99,59488.231711,458311733.5188204,423336,9577.9046,9097.924500000001,38.51866620302755,927.0104422326485,False,False,True
1521417600000,2018-03-19,BTCUSDT,8189.0,8705.23,8088.4,8600.0,55297.084942,462654338.9821279,360414,9512.3056,9117.30005,42.894108082204596,904.854696358888,False,False,True
1521504000000,2018-03-20,BTCUSDT,8595.01,9050.0,8280.0,8909.98,44865.105835,387879393.4706143,298261,9465.485200000001,9137.6754,46.02177942202734,895.2222180475388,False,False,True
1521590400000,2018-03-21,BTCUSDT,8909.96,9177.01,8750.6,8885.0,39972.405371,358157473.3612324,293696,9438.435,9159.7397,45.80406477131375,861.7356310441432,False,False,True
1521676800000,2018-03-22,BTCUSDT,8884.82,9100.0,8465.1,8722.9,40617.556809,354804129.3433086,276449,9407.190999999999,9180.8088,44.338253376038914,845.5330859695616,False,False,True
1521763200000,2018-03-23,BTCUSDT,8720.0,8909.0,8269.0,8898.03,39991.007666,340755592.544531,278571,9400.6612,9204.7984,46.33635005352691,830.85215125745,False,False,True
1521849600000,2018-03-24,BTCUSDT,8898.04,8999.95,8491.0,8546.86,35466.609572,313254829.9051367,270300,9394.1378,9225.700350000001,43.00286436286769,807.8591404533465,False,False,True
1521936000000,2018-03-25,BTCUSDT,8531.25,8669.85,8365.77,8470.15,29001.769316,247023172.30795503,215660,9379.5416,9244.95225,42.28720717744687,771.8749161352504,False,False,True
1522022400000,2018-03-26,BTCUSDT,8470.14,8514.89,7831.0,8134.23,44033.59566,358429758.8731952,310462,9378.53,9262.165350000001,39.20989277982568,765.5902792684467,False,False,True
1522108800000,2018-03-27,BTCUSDT,8134.22,8215.94,7730.0,7795.51,37427.64805,297609656.4404365,266540,9395.6404,9279.7289,36.33833504489543,745.6152593207006,False,False,True
1522195200000,2018-03-28,BTCUSDT,7795.51,8109.0,7728.0,7949.3,26401.33167,209186093.1831796,183620,9401.5836,9298.18135,38.53919340139925,719.5713122263649,False,False,True
1522281600000,2018-03-29,BTCUSDT,7949.3,7975.0,6941.11,7090.14,54620.915125,405591158.6323181,359537,9391.4064,9312.9802,31.903541044337373,742.0226470673389,False,False,True
1522368000000,2018-03-30,BTCUSDT,7090.16,7292.43,6600.1,6840.23,65306.031976,450352009.170998,400057,9372.5306,9326.139,30.27086470217877,738.4731722768147,False,False,True
1522454400000,2018-03-31,BTCUSDT,6840.24,7223.36,6777.0,6923.91,36868.539087,258341534.47236213,240293,9337.3304,9339.93995,31.534311362667154,717.6079456856137,False,False,True
1522540800000,2018-04-01,BTCUSDT,6922.0,7049.98,6430.0,6813.01,44071.430463,297470498.81956285,260942,9302.911,9354.28155,30.739375249817584,710.6345209937841,False,False,True
1522627200000,2018-04-02,BTCUSDT,6813.01,7125.0,6765.0,7056.0,32123.560072,224322159.41331607,206780,9282.7534,9373.61645,34.627882949972516,685.5891980656567,False,False,True
1522713600000,2018-04-03,BTCUSDT,7063.97,7520.0,7011.01,7405.21,37787.331811,277080072.7617128,248143,9252.7976,9392.1425,39.85407894243668,672.9749696323954,False,False,True
1522800000000,2018-04-04,BTCUSDT,7405.21,7427.52,6707.0,6796.1,42227.183804,297443582.7461225,277249,9217.9216,9407.54825,34.650559978380386,676.3710432300815,False,False,True
1522886400000,2018-04-05,BTCUSDT,6796.1,6902.0,6566.69,6770.76,39029.73146,263446941.1321242,238476,9164.337,9422.9021,34.449049712704976,652.0095401422185,False,False,True
1522972800000,2018-04-06,BTCUSDT,6770.0,6850.0,6500.0,6601.39,27455.01192,182139799.80865908,162456,9096.363000000001,9435.734,33.064943973093165,630.4374301320601,False,False,True
1523059200000,2018-04-07,BTCUSDT,6601.39,7070.0,6586.28,6895.8,32269.578267,222323863.54144785,178577,9031.079399999999,9450.6628,37.74716499491764,619.9576136940558,False,False,True
1523145600000,2018-04-08,BTCUSDT,6895.81,7109.13,6880.0,7018.0,21427.673165,149967346.66269,152461,8950.6484,9466.2528,39.6346745451164,592.0413555730519,False,False,True
1523232000000,2018-04-09,BTCUSDT,7011.04,7185.0,6611.0,6782.72,34078.297206,234309953.7503344,212669,8878.6342,9482.11645,37.290313242297486,590.7526873178339,False,False,True
1523318400000,2018-04-10,BTCUSDT,6781.55,6890.0,6656.0,6843.9,22326.728095,151417844.2663968,147755,8792.4522,9498.356600000001,38.31209562198283,565.2703525094172,False,False,True
1523404800000,2018-04-11,BTCUSDT,6839.56,6990.0,6787.0,6953.79,23997.871177,165264003.41270605,155607,8707.5082,9514.225550000001,40.19696133079259,539.3938987587445,False,False,True
1523491200000,2018-04-12,BTCUSDT,6953.78,8012.23,6743.2,7923.0,64861.595987,485176252.48933566,404588,8657.2162,9535.54045,53.648899028804884,591.5107631331199,False,False,True
1523577600000,2018-04-13,BTCUSDT,7922.99,8233.39,7732.0,7877.41,55044.523148,439884522.7119489,351905,8618.543599999999,9555.32375,53.04447992783309,585.0735657664685,False,False,True
1523664000000,2018-04-14,BTCUSDT,7877.48,8186.0,7810.0,7999.01,31621.286357,252868761.32061628,194500,8575.903,9575.90705,54.51638895803504,570.1397396402922,False,False,True
1523750400000,2018-04-15,BTCUSDT,8004.0,8429.54,7999.02,8355.0,27946.720444,230287099.58430216,181778,8549.1128,9596.71705,58.60718805993939,560.1676153802714,False,False,True
1523836800000,2018-04-16,BTCUSDT,8355.07,8419.0,7867.0,8064.92,36664.069715,295817536.4749528,226748,8518.6112,9616.16915,54.31995321523617,559.5842142816806,False,False,True
1523923200000,2018-04-17,BTCUSDT,8064.92,8173.7,7825.4,7885.02,32152.603567,258221765.57371348,221228,8469.8316,9634.720800000001,51.78967856418132,544.4924846901321,False,False,True
1524009600000,2018-04-18,BTCUSDT,7890.96,8236.43,7868.0,8173.0,26969.04457,217649160.1101789,183472,8421.9108,9653.69325,55.37327534744516,531.9165929265513,False,False,True
1524096000000,2018-04-19,BTCUSDT,8173.99,8296.0,8080.0,8278.0,27113.847464,222675105.7884542,196821,8380.9356,9673.19085,56.63886073080333,509.35112200322624,False,False,True
1524182400000,2018-04-20,BTCUSDT,8273.84,8930.0,8177.09,8856.98,39795.337485,337288580.42571294,289687,8339.6752,9695.57575,62.88861012292465,526.7481847172814,True,False,False
1524268800000,2018-04-21,BTCUSDT,8852.12,9035.0,8565.0,8915.31,40872.229909,358915978.10403395,295374,8297.2014,9718.6023,63.46001427246541,522.6947429517613,False,False,False
1524355200000,2018-04-22,BTCUSDT,8915.31,9020.67,8727.68,8787.02,29458.25348,261804372.9093471,229871,8243.6522,9741.49445,61.22713312442897,506.2872613123498,False,False,False
1524441600000,2018-04-23,BTCUSDT,8785.7,8985.0,8745.0,8934.01,25838.114709,229754640.59668773,190944,8192.0324,9764.70235,62.84043532898089,487.266742647182,False,False,False
1524528000000,2018-04-24,BTCUSDT,8934.0,9731.01,8922.0,9619.99,46268.790106,431210048.0625035,326608,8155.352199999999,9790.9573,69.26727211933881,510.24840388666905,False,False,False
1524614400000,2018-04-25,BTCUSDT,9618.96,9759.82,8730.0,8869.99,81110.037589,745137762.9688668,477363,8118.4223999999995,9813.19225,57.548207536674305,547.360660751907,False,False,False
1524700800000,2018-04-26,BTCUSDT,8869.99,9307.48,8651.62,9266.0,43300.304245,385046648.1378661,285850,8105.5424,9836.32225,61.27383109503237,555.1106135553421,False,False,False
1524787200000,2018-04-27,BTCUSDT,9267.03,9395.0,8889.0,8915.35,37241.347036,342805674.55176014,268471,8098.4166,9856.96425,56.54202769998305,551.6027125871034,False,False,False
1524873600000,2018-04-28,BTCUSDT,8915.35,9427.48,8870.0,9348.0,34759.62842,321653866.2001887,257288,8100.836599999999,9879.78895,60.58635086328929,552.0225188308817,False,False,False
1524960000000,2018-04-29,BTCUSDT,9348.0,9570.51,9163.74,9419.0,38149.850035,357004895.9636862,311494,8113.812199999999,9902.7768,61.22409237683251,541.6473389143903,False,False,False
1525046400000,2018-04-30,BTCUSDT,9417.04,9458.64,9124.99,9246.01,35002.033875,325019389.2499412,285951,8108.061,9921.85685,58.7305902614598,526.790386134791,False,False,False
1525132800000,2018-05-01,BTCUSDT,9246.01,9248.99,8800.49,9071.48,41018.463633,368688349.6216845,268741,8106.8638,9938.96435,56.24184350845536,521.1982156965917,False,False,False
1525219200000,2018-05-02,BTCUSDT,9071.48,9268.0,8970.2,9247.84,26123.543961,238421833.7581133,188258,8108.820599999999,9955.8536,58.17074969713694,505.24120028969224,False,False,False
1525305600000,2018-05-03,BTCUSDT,9247.81,9844.0,9168.4,9750.0,38768.388288,366028365.2271445,282581,8140.4205999999995,9976.05365,63.151538814063045,517.4096859832857,False,False,False
1525392000000,2018-05-04,BTCUSDT,9750.0,9830.04,9520.85,9713.99,28681.588879,277565997.63316435,210165,8169.8808,9995.8235,62.5761090551453,502.53685127019395,False,False,False
1525478400000,2018-05-05,BTCUSDT,9714.0,10020.0,9682.0,9864.0,24990.018345,246807563.50646487,212076,8201.960799999999,10017.168500000002,64.04584475397853,490.7842190366087,False,False,False
1525564800000,2018-05-06,BTCUSDT,9863.99,9970.0,9417.03,9659.01,27690.351559,267359420.30359012,229309,8238.645,10037.903250000001,60.546577971439326,495.22606053399375,False,False,False
1525651200000,2018-05-07,BTCUSDT,9661.02,9689.67,9181.0,9365.0,33787.640012,316015961.44182944,230754,8262.1452,10056.30875,55.834596361866936,496.1863419244228,False,False,False
1525737600000,2018-05-08,BTCUSDT,9365.0,9475.7,9060.54,9187.56,25533.831889,236418155.68693516,189159,8273.8964,10072.196499999998,53.14639435901492,490.3987460726783,False,False,False
1525824000000,2018-05-09,BTCUSDT,9178.0,9390.0,8965.0,9310.0,25673.524899,235736782.28825977,192337,8281.896799999999,10088.62165,54.7648148454303,485.727407067487,False,False,False
1525910400000,2018-05-10,BTCUSDT,9310.0,9395.12,8970.0,9002.2,25055.063718,231595002.59561664,221075,8284.2408,10103.88255,50.08147731598648,481.3983065626665,False,False,False
1525996800000,2018-05-11,BTCUSDT,9002.21,9016.8,8341.0,8400.0,48227.048061,418859806.4816156,365538,8277.7828,10116.3029,42.43539598720376,495.28414180819027,False,False,False
1526083200000,2018-05-12,BTCUSDT,8405.94,8646.88,8153.0,8465.94,40241.32081,337899865.8601308,310305,8269.141,10131.24745,43.45342685764801,495.18384596474806,False,False,False
1526169600000,2018-05-13,BTCUSDT,8475.44,8763.36,8298.0,8679.71,25632.869362,219455683.08035555,215590,8271.798,10146.19605,46.7417523315736,493.0535712529804,False,False,False
1526256000000,2018-05-14,BTCUSDT,8679.71,8879.99,8277.0,8663.34,37389.666533,320583612.23009104,292731,8275.6618,10160.2039,46.5186611935594,500.9061733063389,False,False,False
1526342400000,2018-05-15,BTCUSDT,8663.37,8859.99,8401.3,8462.0,28126.956136,242341031.0616692,360379,8282.2172,10173.669750000001,43.75268698181958,497.8907323558862,False,False,False
1526428800000,2018-05-16,BTCUSDT,8462.0,8488.0,8083.01,8330.0,31130.718908,257056552.43007565,300842,8292.907,10186.72155,41.989921520109476,491.2549657590372,False,False,False
1526515200000,2018-05-17,BTCUSDT,8330.0,8464.0,7979.0,8041.46,25439.844799,209489039.34104192,310780,8294.7502,10196.078950000001,38.35244928412276,490.8081824905346,False,False,True
1526601600000,2018-05-18,BTCUSDT,8038.82,8273.21,7911.9,8239.81,23476.158251,189870380.8577869,183913,8317.7436,10206.675500000001,42.06768496186491,481.55831231263926,False,False,True
1526688000000,2018-05-19,BTCUSDT,8238.01,8390.8,8095.73,8233.49,17193.424276,141878775.40909585,134185,8345.6088,10215.52795,41.98087060750255,468.2377185760222,False,False,True
1526774400000,2018-05-20,BTCUSDT,8233.49,8609.0,8163.9,8526.98,19957.057109,167440553.7493928,161265,8377.670199999999,10224.392950000001,47.40860436244188,466.5850243920206,True,False,False
1526860800000,2018-05-21,BTCUSDT,8526.97,8595.31,8305.0,8381.24,21516.596486,181750674.82134956,184158,8409.0348,10231.19925,45.14982634217899,453.993951221162,False,False,True
1526947200000,2018-05-22,BTCUSDT,8386.89,8400.18,7935.11,7977.11,23710.902858,194335432.4375409,192154,8427.457,10235.5096,39.526063979986944,454.78509756250764,False,False,True
1527033600000,2018-05-23,BTCUSDT,7977.12,8031.9,7425.0,7501.95,42910.666774,331238049.64074606,306812,8429.391800000001,10236.2339,34.1414314706893,465.65044773661424,False,False,True
1527120000000,2018-05-24,BTCUSDT,7501.95,7730.73,7266.99,7575.01,37845.446595,284286378.50810045,253694,8444.97,10237.383899999999,35.59428352902812,465.51398718399895,False,False,True
1527206400000,2018-05-25,BTCUSDT,7578.99,7649.55,7308.15,7457.0,26739.95664,199749585.9695036,239025,8458.6948,10239.8683,34.27887838681002,456.6487023851419,False,False,True
1527292800000,2018-05-26,BTCUSDT,7456.99,7620.0,7300.0,7333.96,19464.086071,145636226.4590289,212344,8473.3462,10241.2179,32.913160302450905,446.8880807862032,False,False,True
1527379200000,2018-05-27,BTCUSDT,7334.0,7400.0,7231.11,7338.99,18706.945515,136710618.49801704,198341,8482.21,10241.397850000001,33.03062761469383,427.03107501576017,False,False,True
1527465600000,2018-05-28,BTCUSDT,7338.99,7437.0,7058.02,7099.0,27219.438963,196788994.26580808,233392,8483.83,10241.492900000001,30.304209251187004,423.5988553717773,False,False,True
1527552000000,2018-05-29,BTCUSDT,7099.0,7540.0,7032.95,7461.29,39407.21183,288070643.9128678,237359,8497.4014,10246.26445,38.55021987628882,429.55965141665035,False,False,True
1527638400000,2018-05-30,BTCUSDT,7467.98,7569.0,7260.5,7375.96,32041.583623,237956894.04949045,242079,8508.0426,10251.919,37.42703098563698,420.9125334583182,False,False,True
1527724800000,2018-05-31,BTCUSDT,7382.07,7699.0,7327.51,7485.01,30776.063102,231017579.83413267,274399,8518.667,10260.2889,39.83941583397914,417.3823524970097,False,False,True
1527811200000,2018-06-01,BTCUSDT,7485.01,7608.55,7355.54,7521.01,28259.124078,211458512.1230823,303069,8510.627199999999,10265.564,40.65284778683946,405.6414701757948,False,False,True
1527897600000,2018-06-02,BTCUSDT,7521.01,7697.33,7437.0,7640.03,26720.690219,203370447.69065264,290131,8505.8796,10270.8892,43.37863318592948,395.2620794489523,False,False,True
1527984000000,2018-06-03,BTCUSDT,7636.81,7786.69,7600.0,7714.26,27505.158951,211737376.85348508,349636,8500.1846,10273.260199999999,45.07305456622357,380.36407377402713,False,False,True
1528070400000,2018-06-04,BTCUSDT,7714.26,7760.52,7446.5,7487.0,32258.835115,244167051.18701583,307003,8482.8246,10271.3727,41.02524152219712,375.62521136159666,False,False,True
1528156800000,2018-06-05,BTCUSDT,7487.0,7679.49,7358.0,7625.0,31722.973384,237722147.65258065,236865,8474.0262,10271.00175,44.2965842719183,371.758410550054,False,False,True
1528243200000,2018-06-06,BTCUSDT,7626.64,7699.0,7467.05,7658.84,27229.991898,207006657.7801965,257573,8469.5026,10270.48625,45.1007804411051,361.7720955107644,False,False,True
1528329600000,2018-06-07,BTCUSDT,7658.79,7765.0,7620.0,7691.08,25062.227202,192949056.8419996,244186,8459.8642,10268.75165,45.90210763406236,346.28837440285264,False,False,True
1528416000000,2018-06-08,BTCUSDT,7691.08,7703.5,7531.0,7603.44,23396.804671,178204158.39968467,321734,8446.373,10265.70885,44.02107482172684,333.8749190883632,False,False,True
1528502400000,2018-06-09,BTCUSDT,7603.44,7683.98,7450.0,7491.73,19339.885176,147171153.412775,278971,8419.068000000001,10262.56995,41.67667758462817,326.7395677249086,False,False,True
1528588800000,2018-06-10,BTCUSDT,7491.73,7491.73,6622.81,6764.99,52342.020032,367338754.56308055,471088,8376.0616,10255.3653,30.35192931715116,365.46674145884367,False,False,True
1528675200000,2018-06-11,BTCUSDT,6765.0,6922.0,6610.0,6872.0,34552.162303,233056682.85777128,203442,8337.7612,10249.62535,33.22901777416122,361.6476884974977,False,False,True
1528761600000,2018-06-12,BTCUSDT,6872.0,6890.51,6435.0,6530.0,36722.211191,245787800.8012235,224658,8289.681,10241.585350000001,29.092694314556226,368.35213931910505,False,False,True
1528848000000,2018-06-13,BTCUSDT,6530.0,6627.6,6118.68,6292.78,46185.5181,295395681.6623412,266517,8223.1368,10229.549200000001,26.61768337583439,378.39270079631183,False,False,True
1528934400000,2018-06-14,BTCUSDT,6292.78,6720.0,6260.0,6635.98,44478.130837,289074808.78413,256384,8178.4566,10217.089,35.20601020409883,384.22179359657525,False,False,True
1529020800000,2018-06-15,BTCUSDT,6638.67,6666.66,6362.31,6388.9,30018.329905,196192096.14553955,184938,8120.9146,10200.7835,32.27721999329111,378.51666548253417,False,False,True
1529107200000,2018-06-16,BTCUSDT,6380.01,6560.0,6320.86,6483.98,22277.241147,143760033.69408152,140470,8072.287200000001,10183.7194,34.534172294423655,368.56118937663894,False,False,True
1529193600000,2018-06-17,BTCUSDT,6482.5,6589.03,6422.0,6449.61,19847.247688,129120718.76299886,129759,8014.319399999999,10167.528049999999,34.09187575372715,354.16610442116473,False,False,True
1529280000000,2018-06-18,BTCUSDT,6444.06,6794.38,6380.0,6712.46,31821.434995,208570443.95997888,180773,7960.1885999999995,10151.89555,40.38063501388864,358.46709696251014,False,False,True
1529366400000,2018-06-19,BTCUSDT,6711.39,6841.74,6653.0,6741.21,24311.421143,163420093.794135,160490,7910.0926,10131.68665,41.0432693882261,346.3437328937594,False,False,True
1529452800000,2018-06-20,BTCUSDT,6740.0,6817.23,6551.81,6761.51,26359.752452,175935335.65057912,166074,7863.8931999999995,10111.04415,41.53736147622283,340.56346625849085,False,False,True
1529539200000,2018-06-21,BTCUSDT,6763.21,6795.0,6672.57,6718.84,25428.854048,171149859.23602843,159783,7813.3132000000005,10088.8113,40.76403485637493,324.9825043828844,False,False,True
1529625600000,2018-06-22,BTCUSDT,6717.69,6733.97,5918.94,6045.0,52157.370833,327460666.9145165,300515,7739.213200000001,10061.1413,30.961046036527264,359.9858969269641,False,False,True
1529712000000,2018-06-23,BTCUSDT,6045.92,6260.0,6008.48,6149.98,26622.788589,162755765.84514263,170164,7667.933000000001,10033.39125,33.63855919492286,352.2383328607524,False,False,True
1529798400000,2018-06-24,BTCUSDT,6149.98,6259.8,5750.0,6136.97,47445.998955,284095336.0578902,275996,7593.3924,9996.32585,33.46534315505953,363.49273765641294,False,False,True
1529884800000,2018-06-25,BTCUSDT,6137.95,6350.0,6061.97,6252.0,39164.515306,242859915.8036461,218384,7525.2522,9944.59085,36.575117643698,358.1025421095263,False,False,True
1529971200000,2018-06-26,BTCUSDT,6252.0,6272.54,6035.0,6070.78,19377.240484,119676555.56449406,113431,7459.3678,9895.54475,33.88788578620158,349.49093195884586,False,False,True
1530057600000,2018-06-27,BTCUSDT,6065.89,6190.43,5971.0,6133.73,19225.671098,117103011.80356832,99481,7398.2912,9852.93305,35.65636235266368,340.2008653903569,False,False,True
1530144000000,2018-06-28,BTCUSDT,6134.73,6173.01,5827.0,5853.98,30585.266026,185247010.87925187,156241,7329.170800000001,9807.70305,31.609694111436156,340.61580357676,False,False,True
1530230400000,2018-06-29,BTCUSDT,5851.01,6300.0,5780.0,6197.92,33911.287278,201409363.91549844,212542,7273.0852,9755.7528,40.54386965765806,353.4289604641343,False,False,True
1530316800000,2018-06-30,BTCUSDT,6197.92,6528.99,6186.03,6390.07,37919.61284,241568568.0310778,230915,7232.886600000001,9705.9532,44.876384094927126,352.681177573839,False,False,True
1530403200000,2018-07-01,BTCUSDT,6391.08,6441.06,6251.0,6356.81,27562.965974,175096501.49486908,183060,7190.704000000001,9657.5708,44.27497738939927,341.0653791757077,False,False,True
1530489600000,2018-07-02,BTCUSDT,6360.82,6685.0,6271.62,6615.29,36230.452264,235524330.64865333,242589,7149.415599999999,9608.97235,49.8947998346004,346.2307092345857,False,False,True
1530576000000,2018-07-03,BTCUSDT,6615.29,6679.35,6463.01,6513.86,38657.781691,254550438.13768885,232914,7106.4259999999995,9553.8425,47.85528705639431,336.9528014321153,False,False,True
1530662400000,2018-07-04,BTCUSDT,6511.01,6784.92,6441.11,6586.98,23571.892777,156277884.33011597,146203,7068.9256000000005,9491.2641,49.45915313152999,337.4426013298214,False,False,True
1530748800000,2018-07-05,BTCUSDT,6585.53,6712.0,6453.33,6529.2,35071.972898,230809190.3074052,216533,7032.9096,9429.61,48.19758945384,331.8159869491199,False,False,True
1530835200000,2018-07-06,BTCUSDT,6529.2,6648.54,6425.0,6609.78,29397.094748,192230903.67599213,193854,7004.276,9368.37765,50.10885224375495,324.08198788132563,False,False,True
1530921600000,2018-07-07,BTCUSDT,6609.79,6818.16,6508.88,6756.98,23973.876886,158034155.17779145,145449,6974.6194,9315.68655,53.485052515679854,323.0247030326595,False,False,True
1531008000000,2018-07-08,BTCUSDT,6753.48,6780.0,6667.44,6712.1,24622.947794,165941351.79836008,145349,6944.1916,9266.80215,52.322472939630636,307.9915099588981,False,False,True
1531094400000,2018-07-09,BTCUSDT,6712.1,6802.06,6612.24,6662.12,26732.40655,179250573.66648534,147315,6906.894400000001,9222.64955,50.993150922853395,299.5506878189769,False,False,True
1531180800000,2018-07-10,BTCUSDT,6662.78,6681.0,6263.0,6296.91,38560.672702,249099760.1897497,189913,6865.207799999999,9187.501049999999,42.49685192312352,308.01135297476424,False,False,True
1531267200000,2018-07-11,BTCUSDT,6296.91,6406.0,6278.99,6378.07,28715.498487,182357469.02807087,151869,6833.227,9152.8914,44.701871422246754,295.08268490513825,False,False,True
1531353600000,2018-07-12,BTCUSDT,6378.07,6380.28,6070.0,6250.57,31306.663348,194325733.7875043,150985,6808.1993999999995,9116.644250000001,41.97853719913747,296.1682074119141,False,False,True
1531440000000,2018-07-13,BTCUSDT,6251.4,6350.0,6110.0,6214.57,26375.325286,164467999.80925834,144757,6780.990600000001,9079.220399999998,41.21503911021728,292.15619259677743,False,False,True
1531526400000,2018-07-14,BTCUSDT,6214.57,6335.0,6178.0,6251.99,17783.071999,110959488.24719918,108052,6756.8904,9032.0353,42.38798951704654,282.50217883986477,False,False,True
1531612800000,2018-07-15,BTCUSDT,6250.9,6395.0,6225.4,6353.01,22979.211508,145409822.7448766,114997,6737.2714000000005,8986.500399999999,45.54681042900078,274.4377374941602,False,False,True
1531699200000,2018-07-16,BTCUSDT,6354.15,6747.3,6330.4,6723.35,36204.87708,237104112.45049536,201733,6724.9586,8949.2066,55.23657496391753,284.6136133874345,False,False,True
1531785600000,2018-07-17,BTCUSDT,6723.33,7468.99,6652.04,7317.44,52105.423459,364669305.0369064,276178,6729.3274,8913.8993,65.76190636344828,322.6376410026177,True,False,False
1531872000000,2018-07-18,BTCUSDT,7317.44,7588.08,7225.38,7381.9,59487.64345,440669913.2083524,327949,6727.7396,8888.60875,66.67743849445533,325.4992380738593,False,False,False
1531958400000,2018-07-19,BTCUSDT,7381.88,7576.28,7270.0,7466.21,41218.256437,305198281.13948625,235597,6729.544599999999,8857.358,67.88697425841622,324.1264353542979,False,False,False
1532044800000,2018-07-20,BTCUSDT,7468.86,7700.0,7273.0,7337.53,46140.313447,342862693.0959096,251391,6726.595,8827.14565,64.06475038569755,331.47454711470516,False,False,False
1532131200000,2018-07-21,BTCUSDT,7337.47,7458.47,7211.0,7398.78,28886.490291,212126417.2287315,164901,6724.1503999999995,8790.764,65.07278027282258,325.47422232079765,False,False,False
1532217600000,2018-07-22,BTCUSDT,7399.25,7582.4,7335.5,7394.79,30270.21844,225619234.83744207,144711,6719.2456,8753.140399999998,64.94497470305177,319.86177786931205,False,False,False
1532304000000,2018-07-23,BTCUSDT,7394.78,7833.0,7375.0,7721.01,41646.346671,320156546.58240986,219776,6719.3806,8716.44775,70.11330926212553,329.7287937357898,False,False,False
1532390400000,2018-07-24,BTCUSDT,7721.65,8486.0,7696.0,8397.24,60121.163749,487117211.68189824,326329,6737.5854,8673.632,77.51411305462615,362.60530846894767,False,False,False
1532476800000,2018-07-25,BTCUSDT,8397.24,8491.77,8050.0,8175.64,48257.649124,398119757.80385005,277935,6748.5982,8629.16125,71.28456460377927,368.2599292925943,False,False,False
1532563200000,2018-07-26,BTCUSDT,8175.63,8315.69,7850.06,7920.0,43223.481682,352101207.6799552,235681,6753.8214,8588.0111,64.81337453564623,375.2149343431233,False,False,False
1532649600000,2018-07-27,BTCUSDT,7920.0,8285.0,7805.0,8188.57,43671.005891,350881696.75270694,227397,6763.771199999999,8554.441249999998,68.09069817201447,382.699581890043,False,False,False
1532736000000,2018-07-28,BTCUSDT,8188.57,8246.54,8067.0,8225.04,26215.173839,214357817.0314018,144170,6776.203200000001,8523.566449999998,68.51948992115453,368.18818318361144,False,False,False
1532822400000,2018-07-29,BTCUSDT,8225.04,8294.51,8115.0,8211.0,25531.226185,209564023.05224952,144331,6790.5886,8490.086,68.1398722149514,354.7111700990678,False,False,False
1532908800000,2018-07-30,BTCUSDT,8210.99,8273.0,7866.0,8173.92,39692.416542,321599782.180698,206911,6818.767199999999,8464.761700000001,67.08280919102728,358.4460865205629,False,False,False
1532995200000,2018-07-31,BTCUSDT,8171.4,8180.0,7633.0,7730.93,48296.915587,379841367.2024023,239132,6835.9457999999995,8434.7163,55.92145457755547,371.91422319766554,False,False,False
1533081600000,2018-08-01,BTCUSDT,7735.67,7750.0,7430.0,7604.58,42582.312932,322252070.44348675,208008,6857.4374,8401.6892,53.20248951386853,368.2060643978323,False,False,False
1533168000000,2018-08-02,BTCUSDT,7600.08,7709.46,7455.72,7525.71,37665.696684,285656680.7015636,175627,6882.096000000001,8371.9428,51.51861161601169,360.02991694084426,False,False,False
1533254400000,2018-08-03,BTCUSDT,7525.71,7540.0,7282.44,7418.78,44669.486047,330599837.7285522,226727,6897.7519999999995,8341.33705,49.24301295934295,352.71063715935543,False,False,False
1533340800000,2018-08-04,BTCUSDT,7412.27,7494.81,6926.0,7009.84,36288.42601,262282965.4857332,199335,6910.170800000001,8321.88625,41.663637647834875,368.14630593368724,False,False,False
1533427200000,2018-08-05,BTCUSDT,7009.84,7089.87,6882.29,7024.19,32894.849782,229992627.52322164,148658,6920.975,8302.063250000001,42.000992027191415,356.677284081281,False,False,False
1533513600000,2018-08-06,BTCUSDT,7024.19,7160.0,6821.0,6934.82,32760.191643,229071781.11536676,177378,6930.6792,8281.9275,40.4327787123433,355.4146209326181,False,False,False
1533600000000,2018-08-07,BTCUSDT,6935.0,7150.46,6670.0,6720.06,45438.473501,316365882.1031662,247202,6930.8312,8258.152900000001,36.87017805001578,364.3464337231454,False,False,True
1533686400000,2018-08-08,BTCUSDT,6720.63,6721.54,6123.0,6285.0,59550.536319,382460776.49398136,305603,6921.707,8225.5782,30.92547256285171,381.0745456000636,False,False,True
1533772800000,2018-08-09,BTCUSDT,6283.27,6622.81,6178.6,6529.79,51941.185111,332880900.89059937,248573,6917.0726,8200.57715,37.073269014063214,385.58422091434477,False,False,True
1533859200000,2018-08-10,BTCUSDT,6529.79,6575.88,6026.39,6144.01,59034.974902,374699380.94849145,289661,6905.576,8177.496950000001,32.20810534173758,397.2917765633201,False,False,True
1533945600000,2018-08-11,BTCUSDT,6148.13,6488.0,5971.0,6232.35,47133.418555,291056267.0892287,236173,6909.322999999999,8154.662799999999,34.33323088424169,405.8423639516544,False,False,True
1534032000000,2018-08-12,BTCUSDT,6222.55,6472.3,6130.0,6308.33,38567.770712,243227298.87942725,190399,6912.49,8129.4545,36.186116344122496,401.3036236693934,False,False,True
1534118400000,2018-08-13,BTCUSDT,6308.56,6545.0,6145.04,6246.35,53895.828783,341552293.0073,239602,6914.6776,8104.8099,35.31083459505102,401.207650550151,False,False,True
1534204800000,2018-08-14,BTCUSDT,6248.25,6250.33,5880.0,6188.08,50186.745091,303179556.3624503,252004,6913.399200000001,8080.305299999999,34.46675305992365,399.0021040822831,False,False,True
1534291200000,2018-08-15,BTCUSDT,6188.08,6609.0,6172.11,6267.16,68806.687026,439109005.4034304,329413,6917.326799999999,8054.1861,36.678984767024396,401.70838236212006,False,False,True
1534377600000,2018-08-16,BTCUSDT,6265.27,6480.0,6205.6,6311.75,48515.254618,307755605.1624039,228942,6920.8872,8026.3451000000005,37.95090499187602,392.6149264791115,False,False,True
1534464000000,2018-08-17,BTCUSDT,6316.0,6585.0,6285.4,6584.49,57851.610803,374472431.7235812,296730,6935.4974,8003.01255,45.201545323385766,385.971003159175,False,False,True
1534550400000,2018-08-18,BTCUSDT,6579.04,6620.0,6288.0,6387.96,53742.322172,345964004.3657212,276121,6939.298199999999,7983.7648,41.44349980895731,382.1159315049482,False,False,True
1534636800000,2018-08-19,BTCUSDT,6387.96,6541.0,6300.0,6477.53,45190.847994,289271954.5532653,190758,6941.0473999999995,7964.72695,43.739290859268,372.03622211173763,False,False,True
1534723200000,2018-08-20,BTCUSDT,6477.53,6530.0,6220.0,6254.84,49435.55526,317617945.7492608,237055,6939.007999999999,7949.878549999999,39.584014543573275,367.6050633894707,False,False,True
1534809600000,2018-08-21,BTCUSDT,6251.0,6500.0,6235.08,6480.0,41569.947408,265458342.7817206,180578,6936.3022,7937.9133999999995,45.24777824640155,360.2704160045085,False,False,True
1534896000000,2018-08-22,BTCUSDT,6479.98,6882.54,6251.2,6360.89,77909.391359,512501182.2029021,326562,6933.2428,7923.71805,42.95376376820374,379.6325291470436,False,False,True
1534982400000,2018-08-23,BTCUSDT,6362.57,6576.99,6342.28,6525.01,40358.166825,259786384.55491504,187637,6932.0034,7915.41905,46.94513460004323,369.2809199222548,False,False,True
1535068800000,2018-08-24,BTCUSDT,6525.0,6725.0,6440.5,6681.64,38305.675322,251513064.47447148,180167,6935.052200000001,7914.1273,50.50439561680129,363.225139927808,False,False,True
1535155200000,2018-08-25,BTCUSDT,6686.98,6789.0,6650.61,6733.64,19220.505929,129083702.47542232,122483,6937.529399999999,7909.534799999999,51.66376159020896,347.1654870758218,False,False,True
1535241600000,2018-08-26,BTCUSDT,6733.64,6775.27,6568.0,6700.0,20107.297208,134117930.3957502,130769,6936.3898,7905.0398,50.83420262572142,337.1729522846917,False,False,True
1535328000000,2018-08-27,BTCUSDT,6700.0,6940.51,6646.5,6908.64,37747.078747,254214730.3171242,205441,6940.320599999999,7900.662899999999,55.59638314534619,334.0898842643566,False,False,True
1535414400000,2018-08-28,BTCUSDT,6907.26,7135.0,6860.0,7076.11,48352.917163,338220284.29016566,252033,6948.600399999999,7892.62385,59.02694492146041,329.869178245474,True,False,False
1535500800000,2018-08-29,BTCUSDT,7077.0,7133.81,6912.34,7031.22,43252.487392,304565438.4850058,223772,6963.2866,7885.11005,57.73924326644118,322.12637979936875,False,False,False
1535587200000,2018-08-30,BTCUSDT,7033.21,7063.63,6784.81,6984.84,44716.77462,309357226.58362526,230848,6975.422,7879.71485,56.37092866989354,319.0330669565567,False,False,False
1535673600000,2018-08-31,BTCUSDT,6984.84,7089.0,6888.0,7011.21,40467.400638,282722730.0613196,203142,6990.6348,7870.255900000001,56.99494853140704,310.6021336025169,False,False,False
1535760000000,2018-09-01,BTCUSDT,7011.21,7275.0,7008.74,7200.01,40323.414093,287299347.7691456,217286,7010.3436,7863.55645,61.26650076087648,307.4348383451943,False,False,False
1535846400000,2018-09-02,BTCUSDT,7201.57,7345.45,7127.0,7302.01,39814.840352,288526018.71327895,210282,7031.344,7852.8165500000005,63.382602706393484,301.07877846339466,False,False,False
1535932800000,2018-09-03,BTCUSDT,7302.0,7338.28,7191.63,7263.02,32396.018371,235393601.4251404,173846,7049.544199999999,7839.131200000001,61.98848757770034,290.04815143029504,False,False,False
1536019200000,2018-09-04,BTCUSDT,7263.0,7410.0,7227.17,7359.06,35300.640518,258978411.271086,183178,7062.258400000001,7825.1266,64.08404510831193,282.3897120424168,False,False,False
1536105600000,2018-09-05,BTCUSDT,7359.05,7397.3,6682.0,6700.0,63715.256267,449463489.0579976,308813,7049.909600000001,7803.42885,45.533005819349405,313.3118754679585,False,False,True
1536192000000,2018-09-06,BTCUSDT,6697.27,6725.0,6265.0,6516.01,60644.464227,390391932.2091176,280845,7032.591799999999,7784.09175,41.88750832802102,323.7895986488186,False,False,True
1536278400000,2018-09-07,BTCUSDT,6516.84,6544.0,6320.0,6395.54,38906.28805,250716129.90518972,194451,7011.178400000001,7760.30445,39.649129867568796,316.661770173903,False,False,True
1536364800000,2018-09-08,BTCUSDT,6395.54,6478.0,6111.0,6185.05,38215.032171,241711345.37120345,180831,6988.1288,7735.224749999999,36.026618684505095,320.25735801862425,False,False,True
1536451200000,2018-09-09,BTCUSDT,6185.06,6441.0,6141.53,6250.81,37053.92382,233583450.10542047,176709,6965.169400000001,7714.290800000001,37.93445736898812,318.77254673157967,False,False,True
1536537600000,2018-09-10,BTCUSDT,6252.26,6373.98,6221.0,6312.0,32439.456432,204178349.9698747,165286,6943.5136,7696.7956,39.73543251964027,306.93022196503824,False,False,True
1536624000000,2018-09-11,BTCUSDT,6311.99,6404.0,6169.68,6294.91,33104.88859,208346648.80045933,173335,6914.991599999999,7677.61495,39.39163129209224,301.7437775389641,False,False,True
1536710400000,2018-09-12,BTCUSDT,6293.0,6360.0,6192.37,6338.62,31433.645939,197398009.0125667,165590,6873.819200000001,7660.8355,40.80240376690301,292.1642220004667,False,False,True
1536796800000,2018-09-13,BTCUSDT,6338.62,6535.0,6337.4,6487.38,40465.063107,260985165.19184464,215637,6840.053999999999,7645.3224,45.455730612440846,285.4096347147191,False,False,True
1536883200000,2018-09-14,BTCUSDT,6487.39,6584.99,6385.62,6476.63,37173.339277,241466662.6480057,198375,6811.186599999999,7626.08555,45.179350716437284,279.2639465208106,False,False,True
1536969600000,2018-09-15,BTCUSDT,6476.63,6565.45,6466.13,6514.96,25243.656612,164557841.0798692,141362,6777.714400000001,7605.81515,46.43005333421573,266.41080748360986,False,False,True
1537056000000,2018-09-16,BTCUSDT,6514.96,6524.62,6370.0,6505.0,27568.132897,178614079.15149954,145921,6743.3135999999995,7586.70635,46.135509182145306,258.4257498062092,False,False,True
1537142400000,2018-09-17,BTCUSDT,6500.08,6533.84,6201.0,6248.69,35987.254738,228970700.7504221,196924,6704.0674,7563.3498,39.23723417373408,263.74105339147997,False,False,True
1537228800000,2018-09-18,BTCUSDT,6248.69,6390.0,6224.98,6336.45,32620.86667,205736329.40707865,169055,6667.318,7539.837049999999,42.412285679346596,256.68954957780284,False,False,True
1537315200000,2018-09-19,BTCUSDT,6336.39,6517.7,6123.0,6391.89,39044.080082,247455364.5237956,198215,6640.537200000001,7514.4741,44.389181654362986,266.54743889367404,False,False,True
1537401600000,2018-09-20,BTCUSDT,6392.0,6540.0,6325.0,6492.0,25189.024728,161844271.63360685,153686,6618.2856,7489.359100000001,47.869243229605345,262.8654789726973,False,False,True
1537488000000,2018-09-21,BTCUSDT,6492.0,6784.86,6491.0,6759.02,51779.343463,345746941.9999864,292494,6602.951799999999,7465.8841999999995,55.81218196430128,265.07937333179035,True,False,False
1537574400000,2018-09-22,BTCUSDT,6759.01,6839.03,6627.0,6723.05,29349.690667,197210670.89197847,145720,6589.0372,7445.91705,54.605195283988415,261.2901323795196,False,False,False
1537660800000,2018-09-23,BTCUSDT,6723.05,6788.23,6661.75,6708.0,30286.229773,203479219.38640648,168354,6583.000399999999,7429.90705,54.0782363870916,251.6608372095539,False,False,False
1537747200000,2018-09-24,BTCUSDT,6706.81,6730.0,6557.0,6581.39,35305.73991,234355999.54311827,185297,6574.144399999999,7416.455800000001,49.73032884776678,246.04220598030005,False,False,False
1537833600000,2018-09-25,BTCUSDT,6581.42,6584.01,6325.02,6447.54,40301.029452,258927200.8310643,219965,6564.398800000001,7402.558500000001,45.55994507458309,246.9670484102786,False,False,True
1537920000000,2018-09-26,BTCUSDT,6445.11,6557.99,6379.7,6465.12,33484.54207,216859675.30134344,184238,6559.3,7391.033,46.1981164926156,242.06154495240156,False,False,True
1538006400000,2018-09-27,BTCUSDT,6467.84,6750.0,6434.0,6689.13,33087.428297,216914853.24175173,182590,6567.3826,7376.810800000001,53.65348473023294,247.34286317008718,True,False,False
1538092800000,2018-09-28,BTCUSDT,6689.12,6814.8,6540.88,6634.58,42399.448523,283144987.50423056,211849,6569.4784,7364.326999999999,51.77209240026764,249.24123008650952,False,False,False
1538179200000,2018-09-29,BTCUSDT,6634.58,6636.0,6464.57,6596.38,30255.9597,198424303.60660568,171027,6578.525799999999,7351.5589,50.438279270048334,243.6832850803303,False,False,False
1538265600000,2018-09-30,BTCUSDT,6597.66,6662.0,6533.0,6626.57,27764.724519,183438992.37719536,153447,6586.4102,7343.84175,51.50171221484751,235.49162186030674,False,False,False
1538352000000,2018-10-01,BTCUSDT,6626.57,6667.09,6510.0,6611.61,20621.506894,136115256.9683068,129733,6592.475799999999,7335.6948999999995,50.91867803183384,229.891506013142,False,False,False
1538438400000,2018-10-02,BTCUSDT,6610.0,6640.0,6494.0,6525.79,28245.810088,185725492.2802391,147274,6598.064600000001,7327.0238500000005,47.59030182006223,223.89925558363186,False,False,True
1538524800000,2018-10-03,BTCUSDT,6525.79,6549.0,6430.0,6510.0,28451.969138,184622957.0249073,150607,6604.503000000001,7320.44985,46.98179811474415,216.40645161337244,False,False,True
1538611200000,2018-10-04,BTCUSDT,6510.01,6643.46,6505.09,6593.79,20074.300818,132348680.67600606,96824,6611.0356,7312.46885,50.592041037889764,210.83241935527442,False,False,True
1538697600000,2018-10-05,BTCUSDT,6591.69,6697.0,6543.08,6635.65,16096.552392,106264514.65757656,86701,6617.513600000001,7302.647099999999,52.33816047923219,206.76724654418342,True,False,False
1538784000000,2018-10-06,BTCUSDT,6635.65,6651.0,6566.77,6594.27,10939.505391,72247942.41429408,62065,6617.709199999999,7291.06855,50.44044167629369,198.01458607674172,False,False,True
1538870400000,2018-10-07,BTCUSDT,6596.44,6640.0,6525.0,6615.26,17406.831762,114489082.7536428,82844,6622.2552000000005,7279.7198499999995,51.40300532037888,192.0849727855459,False,False,True
1538956800000,2018-10-08,BTCUSDT,6615.26,6715.6,6587.0,6673.01,23123.419541,153704602.4302414,135156,6626.1648,7269.4704,54.047458006164746,187.55033187229265,True,False,False
1539043200000,2018-10-09,BTCUSDT,6673.01,6685.38,6607.0,6656.61,15354.779469,102115186.42882323,101956,6634.2002,7258.2633,53.162729136652715,179.75245102427175,False,False,False
1539129600000,2018-10-10,BTCUSDT,6656.67,6659.95,6530.0,6631.0,15390.661444,101609680.88217255,99789,6637.2202,7248.683999999999,51.73843837865367,176.1951330939666,False,False,True
1539216000000,2018-10-11,BTCUSDT,6630.21,6633.92,6205.0,6252.68,48712.400332,308153124.4458242,253224,6635.056,7237.59665,36.276818632095846,194.24690930154043,False,False,True
1539302400000,2018-10-12,BTCUSDT,6252.71,6360.0,6209.0,6298.01,29004.071419,183030273.0112748,148077,6630.516,7228.415550000001,38.64283664515452,191.15784435143038,False,False,True
1539388800000,2018-10-13,BTCUSDT,6298.0,6345.0,6285.07,6332.93,19098.070025,120728650.99596693,108981,6623.541799999999,7221.10265,40.47634702270855,181.78442689775682,False,False,True
1539475200000,2018-10-14,BTCUSDT,6332.92,6416.0,6308.0,6339.34,15627.411314,99527294.08483064,96113,6615.6558,7213.05285,40.825904187012725,176.5141106907742,False,False,True
1539561600000,2018-10-15,BTCUSDT,6339.34,7680.0,6300.0,6752.5,90748.031246,627984505.5555727,456913,6616.705800000001,7211.36465,57.96210422464307,262.47738849857603,True,False,False
1539648000000,2018-10-16,BTCUSDT,6752.5,6900.0,6670.0,6759.27,27557.957764,186122772.22286084,175075,6613.718400000001,7210.959850000001,58.17583411567971,260.15757503439204,False,False,False
1539734400000,2018-10-17,BTCUSDT,6762.76,6811.12,6676.01,6740.89,26641.431379,179641733.16423723,158746,6607.014,7210.04475,57.32371531491543,251.2256053890783,False,False,False
1539820800000,2018-10-18,BTCUSDT,6739.01,6796.0,6567.0,6618.96,20116.521941,134777360.1544343,138002,6598.7688,7209.0745,51.89346387456363,249.6380621470013,False,False,False
1539907200000,2018-10-19,BTCUSDT,6618.96,6648.14,6523.0,6528.88,20772.60077,136686215.6690547,112337,6589.649600000001,7206.4389,48.25646161937135,240.74534342221554,False,False,True
1539993600000,2018-10-20,BTCUSDT,6528.88,6617.65,6505.55,6588.4,19240.722247,126325797.49570584,110809,6581.1934,7202.35485,50.71439566000661,231.55639032062868,True,False,False
1540080000000,2018-10-21,BTCUSDT,6585.72,6663.9,6580.0,6590.11,6515.357792,43146401.58918715,68018,6568.995400000001,7201.324900000001,50.78672495619644,221.0095052977266,False,False,False
1540166400000,2018-10-22,BTCUSDT,6590.12,6639.0,6535.27,6581.2,16213.69266,106815019.55165032,101673,6554.579199999999,7200.377100000001,50.37191526519054,212.6323977764604,False,False,False
1540252800000,2018-10-23,BTCUSDT,6581.2,6595.0,6515.45,6553.51,13856.601756,90969791.0251596,86938,6540.388999999999,7200.1377,49.03160684059512,203.126512220999,False,False,False
1540339200000,2018-10-24,BTCUSDT,6553.51,6630.0,6547.53,6565.5,11951.543977,78795617.02141578,90762,6524.517799999999,7198.4862,49.65626529763478,194.50818991949907,False,False,False
1540425600000,2018-10-25,BTCUSDT,6566.81,6575.09,6502.8,6528.09,10342.701244,67691945.44596253,75563,6521.0796,7196.036649999999,47.69225939869684,185.77831921096345,False,False,False
1540512000000,2018-10-26,BTCUSDT,6528.13,6600.0,6515.01,6538.63,9443.504156,61792487.79642334,77985,6521.532000000001,7194.8162,48.312544675436264,178.5791535530375,False,False,False
1540598400000,2018-10-27,BTCUSDT,6538.63,6558.35,6463.04,6505.6,7776.907864,50667220.04441258,86848,6523.7332,7193.124699999999,46.45347212659632,172.63135687067768,False,False,True
1540684800000,2018-10-28,BTCUSDT,6505.6,6514.17,6453.0,6489.93,5743.933728,37298357.26271342,71647,6529.8308,7190.8054,45.557809676150015,164.669831379915,False,False,True
1540771200000,2018-10-29,BTCUSDT,6489.93,6505.01,6315.0,6344.5,13827.224067,88484721.03624511,135586,6531.7046,7182.9129,38.19700648129911,166.4798434242068,False,False,True
1540857600000,2018-10-30,BTCUSDT,6344.5,6395.0,6317.01,6330.87,8877.175385,56393439.18288881,95116,6532.081999999999,7175.1802,37.58410160192585,160.15914032247773,False,False,True
1540944000000,2018-10-31,BTCUSDT,6330.01,6428.0,6245.02,6371.93,12148.888216,76970488.28166042,111552,6533.622400000001,7167.044800000001,40.67246115040381,161.789201728015,False,False,True
1541030400000,2018-11-01,BTCUSDT,6369.52,6442.65,6348.66,6410.0,9099.035841,58031686.8315247,89601,6535.05,7157.319800000001,43.46560923263491,156.94640160458536,False,False,True
1541116800000,2018-11-02,BTCUSDT,6410.0,6460.34,6388.2,6433.98,9739.440679,62589428.22024873,109482,6533.982000000001,7149.1651,45.215247691487335,150.88880148997214,False,False,True
1541203200000,2018-11-03,BTCUSDT,6432.8,6439.97,6345.0,6387.09,7661.241476,48934237.93991929,83836,6532.1912,7141.675449999999,42.44883413554793,146.89460138354556,False,False,True
1541289600000,2018-11-04,BTCUSDT,6388.0,6525.0,6359.0,6485.85,10592.394943,68169573.18695,126200,6531.609,7133.2397,49.462307192121955,148.25927271329232,False,False,True
1541376000000,2018-11-05,BTCUSDT,6485.85,6504.39,6431.02,6468.99,8987.882156,58127213.13931594,114235,6530.8888,7124.1946499999995,48.37840101943603,142.91003894805715,False,False,True
1541462400000,2018-11-06,BTCUSDT,6468.99,6531.31,6445.18,6519.11,11926.565699,77336101.18719475,150475,6536.2972,7112.505299999999,51.762479823772196,138.8543218803388,False,False,True
1541548800000,2018-11-07,BTCUSDT,6522.73,6615.15,6509.0,6578.46,14271.591117,93820576.63463956,151060,6541.1374,7100.821050000001,55.48399300400165,136.518298888886,True,False,False
1541635200000,2018-11-08,BTCUSDT,6578.46,6594.0,6468.22,6479.84,13259.789282,86450363.67835227,145405,6542.896399999999,7089.28515,48.75319402886051,135.75127753967985,False,False,True
1541721600000,2018-11-09,BTCUSDT,6479.84,6511.53,6391.01,6419.99,11787.616583,75997777.50255908,117043,6541.4562,7076.71505,45.171814952980576,134.6633291439884,False,False,True
1541808000000,2018-11-10,BTCUSDT,6419.99,6475.55,6411.0,6433.05,7714.829926,49745307.64123968,97746,6534.9368,7060.78035,46.10224052058468,129.6552342051321,False,False,True
1541894400000,2018-11-11,BTCUSDT,6435.16,6462.14,6355.0,6449.81,8213.507117,52709099.31784609,98435,6529.472000000001,7048.6794500000005,47.337323716279734,128.04700319047984,False,False,True
1541980800000,2018-11-12,BTCUSDT,6450.71,6497.0,6421.0,6453.07,10132.782567,65390882.14088421,123144,6524.3734,7034.614800000001,47.588904235788206,124.32936010544557,False,False,True
1542067200000,2018-11-13,BTCUSDT,6451.68,6498.0,6391.15,6457.66,11790.564933,76142983.15196352,150940,6521.8988,7022.32635,47.965818505606926,123.08083438362806,False,False,True
1542153600000,2018-11-14,BTCUSDT,6458.98,6482.84,5656.87,5922.41,46478.964003,279632622.8943677,319011,6511.3962,7005.198399999999,25.20371003466036,173.2872033562261,False,False,True
1542240000000,2018-11-15,BTCUSDT,5917.2,5939.54,5403.42,5753.4,47700.829401,270133503.66131264,303825,6497.161799999999,6986.870400000001,21.70171800137176,199.2038316879242,False,False,True
1542326400000,2018-11-16,BTCUSDT,5757.09,5782.89,5549.25,5655.94,38721.802274,219097215.966752,221493,6476.498,6968.92005,19.97787153087856,201.66355799592964,False,False,True
1542412800000,2018-11-17,BTCUSDT,5650.57,5656.6,5565.43,5628.29,26411.241413,148072393.10210443,171403,6456.3722,6951.7041,19.504510038731624,193.7711609962204,False,False,True
1542499200000,2018-11-18,BTCUSDT,5630.49,5738.17,5617.0,5662.0,23844.999347,134893236.9862243,154817,6437.6846,6933.7749,21.933125750368077,188.58536378220467,False,False,True
1542585600000,2018-11-19,BTCUSDT,5661.94,5664.0,4855.0,4910.03,70580.892856,368688743.45440894,378495,6403.3538,6909.57505,12.716385074395788,232.90069494061862,False,False,True
1542672000000,2018-11-20,BTCUSDT,4913.4,5048.24,4326.0,4558.86,117380.95159,548036628.7293574,596769,6362.2988000000005,6883.7994,10.497797370369142,267.85350244486017,False,False,True
1542758400000,2018-11-21,BTCUSDT,4559.91,4787.2,4413.85,4661.07,61071.829475,281264433.4846592,301920,6325.0044,6857.78475,15.138505662201581,275.3889665559416,False,False,True
1542844800000,2018-11-22,BTCUSDT,4661.08,4721.77,4335.0,4370.0,34531.119143,157459733.72414753,180335,6282.2044,6831.3396999999995,13.061522025962844,283.34475465908866,False,False,True
1542931200000,2018-11-23,BTCUSDT,4370.9,4484.0,4222.94,4420.61,49371.920322,215283656.1153948,227935,6238.7408,6806.617749999999,15.239077935970869,281.7529864691538,False,False,True
1543017600000,2018-11-24,BTCUSDT,4415.63,4527.0,3824.69,3932.44,61693.111006,258702927.69916424,275070,6184.676599999999,6780.34215,12.092762631182495,311.7927731499285,False,False,True
1543104000000,2018-11-25,BTCUSDT,3933.68,4233.0,3652.66,4085.78,101693.975588,398253568.5292384,428171,6134.5068,6754.221050000001,17.831519975599875,330.97471792493366,False,False,True
1543190400000,2018-11-26,BTCUSDT,4088.69,4206.0,3701.0,3862.2,94503.750767,373225761.8074076,413329,6079.445600000001,6728.521049999999,16.173605055767666,343.40509521600984,False,False,True
1543276800000,2018-11-27,BTCUSDT,3864.45,3940.0,3689.12,3875.21,67480.607212,257593168.12182525,288731,6023.4896,6705.897099999999,16.65918489528768,336.79615984343775,False,False,True
1543363200000,2018-11-28,BTCUSDT,3875.63,4394.47,3874.27,4264.85,91983.567949,382697308.297627,386714,5975.6544,6684.8916500000005,29.77874736632556,349.89643414033503,False,False,True
1543449600000,2018-11-29,BTCUSDT,4262.06,4450.38,4125.65,4295.84,73980.198669,316809038.40988266,316601,5928.9511999999995,6662.972299999999,30.712982509817365,348.09883170173975,False,False,True
1543536000000,2018-11-30,BTCUSDT,4295.72,4341.36,3943.0,4041.32,67758.446283,278810574.935784,288098,5884.724,6639.8622,27.479426990237656,351.68891515161545,False,False,True
1543622400000,2018-12-01,BTCUSDT,4041.27,4299.99,3963.01,4190.02,44840.073481,186157614.3155972,205472,5842.564200000001,6618.5023,31.98487096225223,350.63827835507146,False,False,True
1543708800000,2018-12-02,BTCUSDT,4190.98,4312.99,4103.04,4161.01,38912.15479,162917339.00647366,178087,5799.125800000001,6597.6573499999995,31.57276356751983,340.5891156154235,False,False,True
1543795200000,2018-12-03,BTCUSDT,4160.55,4179.0,3827.0,3884.01,49094.369163,195055919.54337287,207134,5750.019199999999,6576.8701,27.879070395549206,341.40417878575045,False,False,True
1543881600000,2018-12-04,BTCUSDT,3884.76,4085.0,3781.0,3951.64,48489.551613,191673423.70626596,220815,5694.0019999999995,6555.429249999999,30.031337140134426,338.73245172962544,False,False,True
1543968000000,2018-12-05,BTCUSDT,3950.98,3970.0,3745.0,3769.84,44004.799448,169404368.19157183,199011,5634.2134,6533.111,27.643184778053765,330.6087051775093,False,False,True
1544054400000,2018-12-06,BTCUSDT,3768.44,3899.99,3500.0,3508.75,68378.796943,254722331.4949405,293512,5569.570600000001,6508.01985,24.61570852720132,335.56451195054433,False,False,True
1544140800000,2018-12-07,BTCUSDT,3508.75,3549.99,3224.6,3403.55,95145.457442,322364604.2802089,413521,5505.2624,6483.1314,23.498969556796723,334.837761096934,False,False,True
1544227200000,2018-12-08,BTCUSDT,3403.57,3495.0,3222.0,3410.93,55365.949949,187909876.24894732,253650,5442.903399999999,6460.3005,23.760273501517773,330.4207781614387,False,False,True
1544313600000,2018-12-09,BTCUSDT,3411.36,3658.0,3394.04,3545.37,45956.893296,161618597.82859048,194567,5382.0428,6440.517599999999,28.548212456054202,325.67357972133595,False,False,True
1544400000000,2018-12-10,BTCUSDT,3548.49,3610.0,3370.11,3432.88,40989.244553,142507933.07357892,192599,5318.8982,6419.806950000001,27.019203885486064,319.546181169812,False,False,True
1544486400000,2018-12-11,BTCUSDT,3434.01,3480.0,3324.32,3380.39,35920.864154,121841475.29281934,162266,5254.882,6399.4239,26.311067662140772,307.84145394339686,False,False,True
1544572800000,2018-12-12,BTCUSDT,3379.23,3492.0,3350.0,3445.0,33922.931286,116227185.79240072,152067,5192.7118,6379.9791,28.785196954527308,295.99563580458283,False,False,True
1544659200000,2018-12-13,BTCUSDT,3446.38,3460.0,3255.5,3302.06,40040.917013,134817053.72748312,160471,5127.443,6359.794449999999,26.653101700249564,289.4602332471126,False,False,True
1544745600000,2018-12-14,BTCUSDT,3302.06,3335.39,3177.0,3224.17,44492.983807,145101409.49359843,184525,5061.3646,6340.420299999999,25.54285511141812,280.09807372946176,False,False,True
1544832000000,2018-12-15,BTCUSDT,3225.19,3276.5,3156.26,3211.72,29796.041436,95588793.64058843,139806,4994.8264,6319.17245,25.361006284553056,268.67963989164303,False,False,True
1544918400000,2018-12-16,BTCUSDT,3211.71,3294.0,3186.0,3228.67,24628.808538,80068159.40481837,125565,4929.2878,6298.436,26.13205552263875,257.2025227565257,False,False,True
1545004800000,2018-12-17,BTCUSDT,3229.22,3585.0,3216.0,3509.08,66761.751697,228756567.6495468,283814,4869.6708,6278.55635,37.61392214980053,265.1880568453453,False,False,True
1545091200000,2018-12-18,BTCUSDT,3509.03,3678.59,3424.47,3652.98,61369.615257,216563775.025232,296433,4815.8404,6259.2162,42.54912607930982,264.39748135639206,False,False,True
1545177600000,2018-12-19,BTCUSDT,3653.0,3912.73,3622.55,3662.22,94137.341014,352638213.53853136,434026,4762.4673999999995,6239.327150000001,42.8616913069784,266.2390898309355,False,False,True
1545264000000,2018-12-20,BTCUSDT,3660.01,4120.0,3635.0,4049.62,101543.835986,399967057.78281647,500506,4716.0212,6221.00395,54.1297157915669,281.8648691287258,False,False,True
1545350400000,2018-12-21,BTCUSDT,4051.86,4139.99,3764.0,3838.66,82343.850112,325803279.9626696,436187,4664.5944,6202.762250000001,48.51854655844714,288.58809276238827,False,False,True
1545436800000,2018-12-22,BTCUSDT,3840.25,3979.0,3785.0,3948.91,42822.350872,165085567.58556616,249148,4614.893,6184.3818,51.35650206600705,281.83180042221767,False,False,True
1545523200000,2018-12-23,BTCUSDT,3948.91,4021.53,3870.0,3929.71,40117.531529,158756356.8176238,258417,4565.7454,6165.73615,50.83098045101872,272.52452896348785,False,False,True
1545609600000,2018-12-24,BTCUSDT,3929.71,4198.0,3924.83,4008.01,64647.809129,264628967.0659108,400403,4516.1885999999995,6147.3207999999995,52.94563896241933,272.5706340375244,False,False,True
1545696000000,2018-12-25,BTCUSDT,4010.11,4020.0,3646.41,3745.79,62725.629432,235584302.95256105,356377,4461.7246000000005,6128.03255,45.836048266670986,279.78630303484414,False,False,True
1545782400000,2018-12-26,BTCUSDT,3745.56,3837.15,3656.74,3777.74,42629.375817,159705204.50415567,267746,4406.8972,6109.4626,46.773888536366755,272.68799567521245,False,False,True
1545868800000,2018-12-27,BTCUSDT,3777.74,3813.98,3535.0,3567.91,44097.392912,161915849.87310502,262733,4346.6862,6093.477199999999,41.670813913284164,273.13742455555445,False,False,True
1545955200000,2018-12-28,BTCUSDT,3567.89,3887.25,3540.04,3839.26,45964.304987,170638519.2472785,251040,4293.874599999999,6078.3135,49.364438665154246,278.42832280158626,False,False,True
1546041600000,2018-12-29,BTCUSDT,3839.0,3892.0,3670.0,3695.32,38874.373903,148205200.1077372,244844,4239.3812,6064.1401000000005,45.905475553893304,274.3977283157587,False,False,True
1546128000000,2018-12-30,BTCUSDT,3696.71,3903.5,3657.9,3801.91,33222.369262,124966229.52022897,218929,4186.7584,6051.68575,48.76827143702372,272.3407477217759,False,False,True
1546214400000,2018-12-31,BTCUSDT,3803.12,3810.0,3630.33,3702.9,29991.77835,111847216.11708207,190308,4131.820199999999,6037.020350000001,46.31628493282836,265.7214085987919,False,False,True
1546300800000,2019-01-01,BTCUSDT,3701.23,3810.16,3642.0,3797.14,23741.687033,88149249.09230462,154227,4078.7016000000003,6024.06155,48.94739790463053,258.7527365560211,False,False,True
1546387200000,2019-01-02,BTCUSDT,3796.45,3882.14,3750.45,3858.56,35156.463369,133876627.2465106,218538,4026.7196000000004,6010.93445,50.64519426402027,249.67682680201958,False,False,True
1546473600000,2019-01-03,BTCUSDT,3857.57,3862.74,3730.0,3766.78,29406.948359,111657372.69526468,199812,3983.607,5997.5203,48.07250466712561,241.32419631616102,False,False,True
1546560000000,2019-01-04,BTCUSDT,3767.2,3823.64,3703.57,3792.01,29519.554671,111034550.64066195,192232,3944.3792000000003,5982.91805,48.84184395626903,232.66318229357807,False,False,True
1546646400000,2019-01-05,BTCUSDT,3790.09,3840.99,3751.0,3770.96,30490.667751,115893501.27515878,203673,3906.6796000000004,5968.0668000000005,48.200207579018,222.47224070117963,False,False,True
1546732800000,2019-01-06,BTCUSDT,3771.12,4027.71,3740.0,3987.6,36553.806709,142198812.18914708,240496,3873.8658,5954.197250000001,54.78379048649021,227.13208065109538,True,False,False
1546819200000,2019-01-07,BTCUSDT,3987.62,4017.9,3921.53,3975.45,31869.846264,126830380.4928724,221219,3840.1348,5940.4803,54.36645280225392,217.79193203316,False,False,False
1546905600000,2019-01-08,BTCUSDT,3976.76,4069.8,3903.0,3955.13,38901.423122,154778846.54236615,242898,3821.0368,5930.030949999999,53.630617815918946,214.1496511736486,False,False,False
1546992000000,2019-01-09,BTCUSDT,3955.45,4006.81,3930.04,3966.65,28989.439511,115218950.31554872,209240,3809.1925999999994,5919.1143,54.01064981591519,204.33681894695943,False,False,False
1547078400000,2019-01-10,BTCUSDT,3966.06,3996.01,3540.0,3585.88,59402.22851,221789348.03469807,374760,3787.6888,5906.3588500000005,41.812587885322486,222.31347473646233,False,False,True
1547164800000,2019-01-11,BTCUSDT,3585.88,3658.0,3465.0,3601.31,38338.654733,137560743.6248598,264996,3772.315,5893.1054,42.38048403301578,220.2196551124293,False,False,True
1547251200000,2019-01-12,BTCUSDT,3601.31,3618.19,3530.0,3583.13,21999.928354,78908770.67658037,175679,3755.5654,5880.667149999999,41.86207416563176,210.78896546154152,False,False,True
1547337600000,2019-01-13,BTCUSDT,3584.1,3611.1,3441.3,3476.81,26385.757454,92882249.46737902,183113,3746.4527999999996,5867.38255,38.86772628529169,207.86118221428853,False,False,True
1547424000000,2019-01-14,BTCUSDT,3477.56,3671.87,3467.02,3626.09,35235.211215,125631820.06705056,229452,3737.2589999999996,5856.243100000001,44.8342625181154,207.64609777041076,False,False,True
1547510400000,2019-01-15,BTCUSDT,3626.08,3648.42,3516.62,3553.06,34137.997459,122785440.2288754,231684,3731.0762,5843.0188,42.64161061139929,202.2285193582386,False,False,True
1547596800000,2019-01-16,BTCUSDT,3553.06,3645.0,3543.51,3591.84,27480.179977,98504455.20666537,205159,3725.4088,5829.02765,44.202127552567674,195.03291083265012,False,False,True
1547683200000,2019-01-17,BTCUSDT,3591.84,3634.7,3530.39,3616.21,29755.440838,106709136.97324342,217797,3712.436,5815.32465,45.21091118119467,188.55270291603225,False,False,True
1547769600000,2019-01-18,BTCUSDT,3613.32,3620.0,3565.75,3594.87,22713.446755,81699723.54479145,177567,3698.4166000000005,5800.22255,44.45302279286278,178.95965270774423,False,False,True
1547856000000,2019-01-19,BTCUSDT,3594.87,3720.0,3594.23,3665.3,22171.578123,81354185.90325992,175054,3690.8962,5785.979750000001,47.576483856959605,175.16039180004822,False,False,True
1547942400000,2019-01-20,BTCUSDT,3665.75,3693.73,3475.0,3539.28,27901.938598,99767239.95381454,204941,3677.8813999999998,5770.74125,42.92537760471619,178.27250667147337,False,False,True
1548028800000,2019-01-21,BTCUSDT,3539.26,3559.51,3475.5,3526.9,19644.436839,69316548.76685554,160825,3665.1992000000005,5755.7297499999995,42.48596224841519,171.53947048065388,False,False,True
1548115200000,2019-01-22,BTCUSDT,3526.88,3608.5,3434.85,3570.93,29336.442967,103804480.11605988,195484,3658.9376,5740.535499999999,44.65588982613623,171.6902225891786,False,False,True
1548201600000,2019-01-23,BTCUSDT,3570.41,3607.98,3514.5,3552.82,24938.842698,88816396.34583545,192892,3650.9611999999997,5724.5147,43.9218718933283,166.103778118523,False,False,True
1548288000000,2019-01-24,BTCUSDT,3552.97,3589.0,3529.22,3569.62,20826.25118,74037052.86632736,162159,3646.9568,5708.802299999999,44.82786158129892,158.5092225386285,False,False,True
1548374400000,2019-01-25,BTCUSDT,3569.07,3587.15,3522.51,3565.29,17608.346671,62634926.45524528,153413,3648.0875999999994,5693.318149999999,44.627738159311924,151.8042780715836,False,False,True
1548460800000,2019-01-26,BTCUSDT,3566.69,3662.94,3545.0,3565.25,19476.532344,69841766.64693148,135369,3651.3215999999998,5679.65985,44.62575621126943,149.3854010664705,False,False,True
1548547200000,2019-01-27,BTCUSDT,3565.62,3579.0,3486.0,3550.84,22735.598162,80743416.84653682,163855,3654.1198000000004,5665.5237,43.869893977721574,145.35787241886547,False,False,True
1548633600000,2019-01-28,BTCUSDT,3550.05,3557.75,3380.27,3434.15,40405.111401,139258708.7643088,260799,3651.8954000000003,5651.441599999999,38.223832195269175,147.65231010323222,False,False,True
1548720000000,2019-01-29,BTCUSDT,3434.0,3443.45,3349.92,3411.04,29544.928977,100542807.46479908,189650,3651.4586000000004,5637.42395,37.20264846062142,143.7864308101442,False,False,True
1548806400000,2019-01-30,BTCUSDT,3410.04,3478.0,3387.1,3458.18,23968.260243,82521122.86191754,180820,3653.0144,5623.4549,40.683757379311054,140.00882860941962,False,False,True
1548892800000,2019-01-31,BTCUSDT,3457.5,3489.2,3418.8,3434.1,29607.190253,101928346.97699684,198100,3652.7964,5608.86035,39.47982232078296,135.0367694230325,False,False,True
1548979200000,2019-02-01,BTCUSDT,3434.1,3488.0,3401.2,3462.07,25260.476159,87075914.2326683,167520,3655.9966,5592.55395,41.640136615233295,131.5912858928159,False,False,True
1549065600000,2019-02-02,BTCUSDT,3462.2,3526.4,3440.29,3504.77,17920.802,62134037.97539881,153234,3661.6086000000005,5573.490600000001,44.875207525146735,128.34262261475763,False,False,True
1549152000000,2019-02-03,BTCUSDT,3504.06,3511.09,3426.0,3458.11,19867.33639,68801620.06241606,138592,3666.5364,5553.871649999999,42.12710639784048,125.25314957084639,False,False,True
1549238400000,2019-02-04,BTCUSDT,3458.11,3484.88,3433.31,3463.22,23131.981108,80024258.22766612,155686,3671.2273999999998,5533.856699999999,42.542095671177684,119.9900674586431,False,False,True
1549324800000,2019-02-05,BTCUSDT,3463.22,3478.97,3448.43,3471.59,25264.41503,87491347.06381486,162066,3670.4776,5514.526999999999,43.259793817791625,113.60077692588288,False,False,True
1549411200000,2019-02-06,BTCUSDT,3471.57,3482.72,3380.0,3405.37,35310.244846,120500703.0051573,207024,3665.5254,5494.559950000001,39.098741092902394,112.82357857403409,False,False,True
1549497600000,2019-02-07,BTCUSDT,3407.0,3426.45,3390.0,3398.4,18665.538638,63611505.78657223,148209,3660.2490000000003,5474.578,38.67704426310019,107.36832296160307,False,False,True
1549584000000,2019-02-08,BTCUSDT,3398.4,3733.58,3373.1,3659.04,47968.058013,170118212.46197885,277242,3652.4374,5454.268150000001,57.246590419150856,125.4477284643457,True,False,False
1549670400000,2019-02-09,BTCUSDT,3660.27,3680.02,3625.13,3665.18,24759.833719,90488500.0676624,192209,3648.9678000000004,5430.60785,57.57253017131327,120.40789071689244,False,False,False
1549756800000,2019-02-10,BTCUSDT,3665.18,3684.99,3609.76,3680.06,23250.602634,84696423.96233752,171099,3643.5908,5408.12995,58.400237256430515,117.18089852282867,False,False,False
1549843200000,2019-02-11,BTCUSDT,3679.75,3684.9,3615.53,3631.05,24954.614571,90731831.90427426,172626,3637.6176,5386.6852,54.62058095812217,113.76583434262662,False,False,True
1549929600000,2019-02-12,BTCUSDT,3631.05,3667.6,3582.34,3631.46,29479.59823,106766439.99436474,198996,3630.0865999999996,5363.899650000001,54.64702496833317,111.72970331815328,True,False,False
1550016000000,2019-02-13,BTCUSDT,3631.51,3670.0,3591.75,3609.4,25773.997648,93350740.94830574,167690,3627.3588,5340.82145,52.862103313627664,109.33829593828519,False,False,True
1550102400000,2019-02-14,BTCUSDT,3608.34,3626.4,3568.11,3590.56,21753.501261,78367545.57945932,155215,3623.6152,5317.71925,51.320393329726734,105.69198908555053,False,False,True
1550188800000,2019-02-15,BTCUSDT,3590.57,3653.23,3573.45,3602.47,20777.872899,74938358.18352868,151256,3624.3064,5294.861999999999,52.26811835197755,103.84113272229693,False,False,True
1550275200000,2019-02-16,BTCUSDT,3602.49,3648.2,3597.91,3618.41,19565.992751,70894921.80761532,149393,3619.8894,5274.2994,53.570944232311845,100.01605181356145,False,False,True
1550361600000,2019-02-17,BTCUSDT,3617.22,3700.11,3604.4,3667.58,25690.227779,93426433.13226132,179511,3619.3346,5254.6144,57.43079029190776,99.70847668402135,True,False,False
1550448000000,2019-02-18,BTCUSDT,3667.62,3925.0,3655.0,3898.6,64042.730492,242898012.76922596,393515,3621.2684000000004,5236.4788499999995,70.03526249749738,111.87215692087696,False,False,False
1550534400000,2019-02-19,BTCUSDT,3897.35,3994.52,3856.0,3907.79,50207.172667,197091641.0474,332281,3625.3662,5218.9239,70.41059478690678,113.77557428367147,False,False,False
1550620800000,2019-02-20,BTCUSDT,3907.35,3986.98,3870.66,3969.74,36205.14085,142571564.56112987,250176,3628.8182,5203.7234,72.87694392103411,113.95731897769495,False,False,False
1550707200000,2019-02-21,BTCUSDT,3969.74,4016.48,3901.03,3937.31,31103.884728,122714273.87417652,209571,3630.3932,5188.289000000001,69.60612790159512,114.06393905071673,False,False,False
1550793600000,2019-02-22,BTCUSDT,3937.31,3988.0,3926.65,3962.0,23943.16375,94739322.74557024,179588,3634.2976,5173.424900000001,70.68486756900904,110.29865768995124,False,False,False
1550880000000,2019-02-23,BTCUSDT,3962.0,4162.02,3933.15,4117.76,33657.942883,135782959.41827348,231563,3640.8125999999993,5160.4134,76.38027699323351,118.76803928352618,False,False,False
1550966400000,2019-02-24,BTCUSDT,4118.0,4198.0,3712.66,3743.56,62224.18689,244146803.51887,410578,3640.2646000000004,5147.7062,50.830387048478585,144.95175076327433,False,False,False
1551052800000,2019-02-25,BTCUSDT,3743.56,3872.66,3740.0,3827.92,38102.966245,145285565.2031707,262716,3637.071,5134.19685,54.52365508755639,144.07376856589758,False,False,False
1551139200000,2019-02-26,BTCUSDT,3828.44,3841.51,3777.0,3809.23,28838.748036,109932596.10609365,213897,3633.7466000000004,5122.52295,53.563719312560984,138.39064223976206,False,False,False
1551225600000,2019-02-27,BTCUSDT,3809.31,3838.85,3677.17,3818.07,31500.995466,119564023.12004228,201626,3631.0054000000005,5110.45155,53.97644831997638,140.05416779406477,False,False,False
1551312000000,2019-02-28,BTCUSDT,3818.04,3888.0,3763.87,3813.69,32561.961044,124703738.39336836,233849,3627.9462,5097.97835,53.72166934052711,138.91672723734587,False,False,False
1551398400000,2019-03-01,BTCUSDT,3814.26,3857.0,3813.01,3823.0,23174.57217,88851336.5211179,179860,3632.6886,5085.8616,54.21635566249909,132.13624672039256,False,False,False
1551484800000,2019-03-02,BTCUSDT,3822.17,3841.31,3772.25,3819.93,19445.838355,74175357.77882297,149854,3637.061,5074.02085,54.01132894502376,127.63080052607881,False,False,False
1551571200000,2019-03-03,BTCUSDT,3819.97,3835.0,3781.32,3807.75,16718.16541,63791898.99159701,127681,3641.5534000000002,5061.7238,53.15251798879636,122.34860048850175,False,False,False
1551657600000,2019-03-04,BTCUSDT,3807.32,3830.0,3670.69,3715.3,34742.84166,129739738.23815794,218615,3646.3232000000003,5048.741550000001,47.038702131144305,124.98870045360877,False,False,False
1551744000000,2019-03-05,BTCUSDT,3716.1,3877.1,3703.55,3857.73,32962.536162,124945530.76214452,202444,3650.956,5035.107749999999,55.5260738565453,128.45736470692242,False,False,False
1551830400000,2019-03-06,BTCUSDT,3857.58,3907.0,3813.09,3861.84,24775.11883,95417637.5889866,165101,3657.1316,5022.47715,55.746461700223314,125.9896957992851,False,False,False
1551916800000,2019-03-07,BTCUSDT,3861.84,3905.4,3840.4,3873.64,26455.257661,102585458.38333896,180520,3662.7675999999997,5009.4577,56.41426931220929,121.63328895647902,False,False,False
1552003200000,2019-03-08,BTCUSDT,3873.63,3932.0,3800.0,3864.89,34730.366592,135000852.01035947,211534,3667.7412,4997.50795,55.74252999296752,122.37376831673052,False,False,False
1552089600000,2019-03-09,BTCUSDT,3864.88,3971.75,3854.75,3943.04,30979.747653,121353606.96803357,206869,3674.7046,4984.82315,60.29044589671834,121.98992772267835,False,False,False
1552176000000,2019-03-10,BTCUSDT,3943.43,3943.43,3881.69,3916.82,23187.561412,90693949.72150733,167920,3679.735,4972.6028,58.132055933123496,117.68636145677273,False,False,False
1552262400000,2019-03-11,BTCUSDT,3915.99,3936.98,3830.0,3871.61,38066.885705,147721971.09446937,209916,3686.3816,4959.3358,54.50852204935018,116.92162135271754,False,False,False
1552348800000,2019-03-12,BTCUSDT,3871.61,3905.2,3826.06,3882.73,26921.008622,104393849.44844826,182885,3693.4981999999995,4945.34125,55.24742874226546,114.2229341132377,False,False,False
1552435200000,2019-03-13,BTCUSDT,3882.69,3893.56,3840.0,3866.0,24461.008757,94680049.46033752,186572,3699.3995999999997,4931.00305,53.83076765809289,109.88986739086359,False,False,False
1552521600000,2019-03-14,BTCUSDT,3866.0,3920.0,3810.43,3877.12,27048.74853,104673038.77602254,196651,3705.8856,4916.888650000001,54.6629164791542,109.86701972008763,False,False,False
1552608000000,2019-03-15,BTCUSDT,3877.12,3939.22,3872.2,3923.76,21740.061498,84919900.71744472,163866,3712.9683999999997,4901.964250000001,58.076018770777374,106.80651831150993,False,False,False
1552694400000,2019-03-16,BTCUSDT,3924.46,4056.98,3921.98,4005.98,28568.376124,114227606.40681696,216198,3721.7822,4886.613600000001,63.318600781710465,108.82033843211637,False,False,False
1552780800000,2019-03-17,BTCUSDT,4005.98,4012.0,3950.01,3981.14,18814.255577,74893913.05776027,146953,3730.1,4871.3632,60.84315595841951,105.47531425839375,False,False,False
1552867200000,2019-03-18,BTCUSDT,3981.85,4037.0,3953.33,3987.81,22454.47801,89526258.38910636,157876,3738.8394,4856.37805,61.280885924788514,103.91779181136563,False,False,False
1552953600000,2019-03-19,BTCUSDT,3987.83,4031.0,3970.0,4015.53,19893.741815,79503748.36263466,147394,3750.467,4841.39965,63.12578841160518,100.85223525341095,False,False,False
1553040000000,2019-03-20,BTCUSDT,4017.48,4050.0,3980.5,4043.04,23432.300255,94019734.23326428,175036,3763.1069999999995,4825.6148,64.91260970827022,98.6127898781673,False,False,False
1553126400000,2019-03-21,BTCUSDT,4043.04,4069.32,3880.01,3980.64,35997.682119,144010401.50845116,236100,3773.5562,4809.00795,58.04222421318726,105.09116202972679,False,False,False
1553212800000,2019-03-22,BTCUSDT,3980.85,4008.0,3968.25,3986.93,20022.606318,79861943.8108997,153703,3784.6128,4792.6275,58.5188239911919,100.42393617046059,False,False,False
1553299200000,2019-03-23,BTCUSDT,3987.89,4018.83,3978.01,4006.01,17302.604318,69169819.8628637,143155,3795.4916000000003,4775.86225,60.0029861507719,96.16651215828482,False,False,False
1553385600000,2019-03-24,BTCUSDT,4006.01,4006.02,3950.0,3992.18,17179.850648,68524082.74695624,131087,3805.2398,4762.323149999999,58.37268272670991,93.29890414697877,False,False,False
1553472000000,2019-03-25,BTCUSDT,3991.35,3999.3,3888.71,3936.12,33192.890217,131507366.37512892,227739,3814.8,4749.4237,52.18335893327435,94.53398242219458,False,False,False
1553558400000,2019-03-26,BTCUSDT,3935.47,3958.98,3894.0,3948.55,29349.537627,115330070.99071544,192418,3824.5066,4737.18875,53.364105203823804,92.42298367775211,False,False,False
1553644800000,2019-03-27,BTCUSDT,3948.77,4048.0,3936.15,4038.05,32364.555852,129681258.0162135,224309,3835.8358000000003,4726.45375,60.85871731952539,93.81062770076983,False,False,False
1553731200000,2019-03-28,BTCUSDT,4039.58,4039.7,4002.0,4027.81,20089.293875,80822230.57984656,157060,3848.2846000000004,4715.33875,59.67704313379524,89.8027257221434,False,False,False
1553817600000,2019-03-29,BTCUSDT,4028.22,4123.71,4024.03,4103.25,30084.217444,122585822.5865048,203826,3862.3815999999997,4704.295,65.05960650429674,90.50824531341887,False,False,False
1553904000000,2019-03-30,BTCUSDT,4104.24,4140.0,4052.0,4106.97,19509.292601,79853835.581824,162463,3871.3402,4693.3553,65.30554290895196,90.32908493388896,False,False,False
1553990400000,2019-03-31,BTCUSDT,4106.99,4116.12,4082.57,4103.95,13525.087433,55472147.12701675,124046,3880.1156,4682.18195,64.9061232973604,86.27343601003975,False,False,False
1554076800000,2019-04-01,BTCUSDT,4102.44,4158.7,4067.0,4144.56,25507.067641,105388238.14788891,184268,3889.4056,4670.46785,67.76150897262306,86.66104772360832,False,False,False
1554163200000,2019-04-02,BTCUSDT,4144.54,4897.99,4140.54,4857.29,105383.639263,489018726.75750667,609133,3913.9303999999997,4662.37115,87.29686051060106,134.57454431477913,False,False,False
1554249600000,2019-04-03,BTCUSDT,4857.19,5275.01,4753.5,4932.6,109890.125743,548900970.9178842,692019,3939.9532,4654.45935,88.1162887159152,162.21279114943778,False,False,False
1554336000000,2019-04-04,BTCUSDT,4932.59,5039.08,4777.0,4898.66,61054.254168,301411332.0090243,419141,3965.7383999999997,4646.4276500000005,85.44136206086269,169.34616321019223,False,False,False
1554422400000,2019-04-05,BTCUSDT,4898.64,5028.22,4880.62,5004.95,39768.552806,197660830.71096665,292375,3994.0262,4640.208949999999,86.7934651791963,167.79286583803568,False,False,False
1554508800000,2019-04-06,BTCUSDT,5004.96,5205.0,4928.59,5043.89,41770.842313,210963411.61313188,281237,4022.8545999999997,4633.74615,87.2602722641707,175.55123256389027,False,False,False
1554595200000,2019-04-07,BTCUSDT,5042.07,5234.0,5026.0,5170.27,37615.486804,192916750.5719041,274084,4053.8918000000003,4627.63805,88.6611052781901,177.86900166646953,False,False,False
1554681600000,2019-04-08,BTCUSDT,5170.27,5305.0,5039.0,5236.9,50178.430782,260487077.7675668,350828,4085.2782,4621.36255,89.3274089923556,184.16407297600742,False,False,False
1554768000000,2019-04-09,BTCUSDT,5238.38,5238.4,5076.68,5150.0,34067.012311,175633627.31637353,253381,4110.3062,4613.31745,82.51690737351335,182.56092490629254,False,False,False
1554854400000,2019-04-10,BTCUSDT,5150.0,5422.0,5135.0,5308.25,40073.620471,210870034.51205528,260967,4138.3154,4606.24345,84.79097949638762,190.02085884155736,False,False,False
1554940800000,2019-04-11,BTCUSDT,5307.86,5332.67,4927.0,5017.37,54696.600686,277736905.85749793,369304,4159.268,4597.790300000001,67.42937252969556,205.42436892430328,False,False,False
1555027200000,2019-04-12,BTCUSDT,5017.37,5080.58,4861.22,5048.01,33276.678614,166485761.0793121,226036,4181.482,4590.1234,68.16872892207294,206.4197711439959,False,False,False
1555113600000,2019-04-13,BTCUSDT,5047.0,5099.0,5004.0,5045.22,17292.456802,87375984.44461507,138674,4203.1464000000005,4583.1118,68.0173214328653,198.4612160622819,False,False,False
1555200000000,2019-04-14,BTCUSDT,5047.45,5152.99,5000.0,5131.3,18281.607739,92594930.42710131,131700,4223.4172,4576.4427000000005,70.21536917558154,195.2132720578332,False,False,False
1555286400000,2019-04-15,BTCUSDT,5131.28,5167.38,4950.0,5024.95,29057.191581,147687551.9414771,204944,4249.045,4568.1218,64.3327054548361,196.796609767988,False,False,False
1555372800000,2019-04-16,BTCUSDT,5024.95,5197.72,5003.94,5173.72,24242.229493,123581651.71216355,168550,4275.961,4560.8175,68.32988806860399,196.5811376417032,False,False,False
1555459200000,2019-04-17,BTCUSDT,5173.72,5230.4,5146.8,5202.82,23307.536134,120972345.51821636,179490,4303.8328,4553.849700000001,69.06029075021496,188.5110563815815,False,False,False
1555545600000,2019-04-18,BTCUSDT,5202.41,5287.0,5198.8,5258.44,22619.239001,118573129.86520116,167110,4332.6402,4547.00905,70.46248873893252,181.34598092575425,False,False,False
1555632000000,2019-04-19,BTCUSDT,5258.44,5320.0,5175.0,5258.68,24611.236323,128937309.63806376,178148,4361.54,4540.2444,70.46870802451679,178.74983943105752,False,False,False
1555718400000,2019-04-20,BTCUSDT,5258.68,5333.42,5230.1,5291.73,19168.908274,101343660.15324436,157080,4390.9146,4534.0741,71.36291951277877,173.36199375741052,False,False,False
1555804800000,2019-04-21,BTCUSDT,5292.91,5314.35,5165.0,5256.14,25549.570939,133929931.15068737,210494,4419.6388,4527.8048,68.941986362461,171.64685134616695,False,False,False
1555891200000,2019-04-22,BTCUSDT,5257.41,5400.0,5208.35,5357.14,29563.852309,156632202.9709961,210361,4450.6266,4521.62155,71.85954365686838,173.07564767858358,False,False,False
1555977600000,2019-04-23,BTCUSDT,5357.14,5600.0,5332.41,5493.31,41262.103917,227154061.8577141,282563,4486.1867999999995,4515.90985,75.23702722158865,179.82667284439907,False,False,False
1556064000000,2019-04-24,BTCUSDT,5490.91,5582.2,5333.35,5415.0,48224.152413,262493252.9358424,339599,4517.3322,4510.0135,70.03137409374052,184.75691049837053,False,False,False
1556150400000,2019-04-25,BTCUSDT,5415.0,5491.84,5102.0,5219.9,49636.089948,265091565.61466023,331089,4544.493399999999,4503.0367,59.066374025459695,199.4057026056298,False,False,False
1556236800000,2019-04-26,BTCUSDT,5220.47,5510.0,5161.62,5314.1,48912.294513,259659705.6513858,333183,4573.3026,4496.24215,62.14802108269765,210.04672384808484,False,False,False
1556323200000,2019-04-27,BTCUSDT,5315.0,5342.5,5257.67,5295.69,15422.896935,81749716.42174439,145733,4601.9186,4489.43755,61.17864982724022,201.10267214465023,False,False,False
1556409600000,2019-04-28,BTCUSDT,5295.69,5340.0,5259.48,5307.52,14371.433869,76277087.37424076,127730,4629.2082,4482.8201500000005,61.59320896763512,192.4896241343181,False,False,False
1556496000000,2019-04-29,BTCUSDT,5309.81,5332.0,5178.8,5238.14,19918.135079,104822151.5144498,178472,4655.6346,4477.747450000001,57.701526513092794,189.68322241043822,False,False,False
1556582400000,2019-04-30,BTCUSDT,5238.14,5339.98,5192.15,5320.81,22238.06823,117309839.23079813,180989,4684.6186,4472.86145,60.87379959315643,186.69370652397836,False,False,False
1556668800000,2019-05-01,BTCUSDT,5321.94,5402.0,5316.2,5383.2,17217.473216,92194935.6047804,161488,4714.628000000001,4468.1128,63.12165818976454,179.48701320083705,False,False,False
1556755200000,2019-05-02,BTCUSDT,5383.2,5538.0,5370.0,5492.87,22795.787835,124498567.2076544,181896,4747.165400000001,4463.88045,66.73903461941356,178.66651225792012,False,False,False
1556841600000,2019-05-03,BTCUSDT,5494.81,5844.0,5477.57,5772.69,46297.172849,264435878.92811012,338298,4785.0768,4458.981400000001,73.80044979676995,192.07818995378298,False,False,False
1556928000000,2019-05-04,BTCUSDT,5770.62,5900.0,5587.45,5829.45,39682.408991,228942582.4507792,283145,4823.1906,4454.3323,74.96165975382412,200.68331924279852,False,False,False
1557014400000,2019-05-05,BTCUSDT,5829.83,5839.9,5696.0,5775.62,23822.543775,137653160.7660216,185365,4858.5834,4449.50595,71.71530882447365,196.6273678683129,False,False,False
1557100800000,2019-05-06,BTCUSDT,5773.18,5805.0,5619.14,5747.79,25256.596325,144358553.85462248,230431,4893.9164,4445.1501,70.02683520215447,195.8582701634334,False,False,False
1557187200000,2019-05-07,BTCUSDT,5749.92,6028.41,5747.74,5846.34,39905.064422,236176663.81792104,301388,4931.0869999999995,4441.7374,72.49629371617249,201.9162508660453,False,False,False
1557273600000,2019-05-08,BTCUSDT,5846.34,6014.72,5772.2,5987.29,23074.05152,136245255.5572078,190966,4970.522199999999,4438.73185,75.59348506748306,204.81651866132782,False,False,False
1557360000000,2019-05-09,BTCUSDT,5986.66,6224.55,5983.71,6209.18,27453.011436,167489934.34358987,227841,5013.845,4436.827200000001,79.5060368667212,207.389624471233,False,False,False
1557446400000,2019-05-10,BTCUSDT,6209.95,6468.92,6172.0,6373.33,36623.61079,231801342.4320928,283074,5061.6988,4435.78785,81.82700263139468,213.78465129471635,False,False,False
1557532800000,2019-05-11,BTCUSDT,6375.16,7343.99,6372.85,7076.22,74022.424393,507216001.34340405,562540,5123.4846,4438.4014,88.06170995181522,267.8814619165223,False,False,False
1557619200000,2019-05-12,BTCUSDT,7076.24,7521.78,6750.0,6967.31,86948.975339,619939454.4896551,647345,5182.7106,4440.41045,83.29339276896832,303.8742146367707,False,False,False
1557705600000,2019-05-13,BTCUSDT,6968.24,8100.0,6870.0,7790.71,85804.735333,648012612.2927012,588497,5258.6812,4446.72355,88.40515592151795,370.0260564484299,False,False,False
1557792000000,2019-05-14,BTCUSDT,7795.62,8366.0,7599.56,7947.56,76583.722603,611103206.0032725,655426,5338.91,4453.7682,89.08996120023943,398.3413381306849,False,False,False
1557878400000,2019-05-15,BTCUSDT,7945.26,8249.0,7850.0,8169.87,37884.327211,305196285.2755824,347533,5423.3364,4462.089550000001,89.99215895957836,398.38838540706456,False,False,False
1557964800000,2019-05-16,BTCUSDT,8169.08,8320.0,7705.0,7866.59,69630.513996,557126171.2789642,666538,5499.907200000001,4468.97285,80.2433020301844,413.86064359227424,False,False,False
1558051200000,2019-05-17,BTCUSDT,7868.67,7925.0,6913.0,7355.26,88752.008159,645676487.3744029,803893,5566.4562,4474.026650000001,67.05415002600014,456.58488333568323,False,False,False
1558137600000,2019-05-18,BTCUSDT,7355.28,7458.0,7156.61,7257.45,37054.944779,271170511.0509332,379504,5629.5401999999995,4478.65955,64.85811592892588,445.4995345259916,False,False,False
1558224000000,2019-05-19,BTCUSDT,7257.32,8275.09,7243.08,8148.48,65577.442058,517729474.35844094,583432,5710.370400000001,4487.5423,73.40350104549053,487.3931392027065,False,False,False
1558310400000,2019-05-20,BTCUSDT,8147.94,8156.03,7553.0,7938.15,65859.208564,517939277.868858,610360,5787.054399999999,4495.18305,69.13015828827477,495.65291497394173,False,False,False
1558396800000,2019-05-21,BTCUSDT,7937.16,8042.32,7771.0,7904.87,52301.752247,413637782.3697456,554038,5862.2606,4502.5375,68.45111376350066,479.6291353329459,False,False,False
1558483200000,2019-05-22,BTCUSDT,7904.48,8016.0,7465.0,7628.43,49136.994589,384730220.72195166,461337,5917.683400000001,4508.7442,62.92223471873556,484.7270542377355,False,False,False
1558569600000,2019-05-23,BTCUSDT,7627.8,7940.98,7461.0,7851.51,49648.184701,381536239.5128484,449220,5976.061599999999,4515.5725,65.35416979980408,484.38797893504005,False,False,False
1558656000000,2019-05-24,BTCUSDT,7849.95,8130.0,7766.0,7964.87,46664.785325,371381043.73160255,428676,6037.3858,4523.0519,66.55465815232753,475.7888375825372,False,False,False
1558742400000,2019-05-25,BTCUSDT,7964.52,8091.8,7908.34,8025.41,28414.328817,227376280.5854076,264448,6097.795,4530.5833999999995,67.208149978682,454.90820632664173,False,False,False
1558828800000,2019-05-26,BTCUSDT,8023.0,8740.0,7833.42,8614.43,49652.144567,409616322.3884788,377306,6169.2058,4540.76325,72.7806979282501,487.17047730331024,False,False,False
1558915200000,2019-05-27,BTCUSDT,8612.54,8908.32,8589.0,8756.32,51886.768793,452651204.9349024,478773,6240.9268,4552.14565,73.93000295892826,475.1811574959309,False,False,False
1559001600000,2019-05-28,BTCUSDT,8752.52,8798.49,8510.63,8715.64,31470.551534,273791910.6314759,349123,6310.5016000000005,4563.6239,72.97859309889954,461.8010748176502,False,False,False
1559088000000,2019-05-29,BTCUSDT,8716.87,8750.0,8406.6,8645.68,33880.865922,292094591.01803863,352317,6380.4152,4574.68705,71.27969894814193,453.34385518781806,False,False,False
1559174400000,2019-05-30,BTCUSDT,8646.5,9074.26,8005.0,8269.54,70379.998521,603312537.3808434,617341,6439.641,4583.7857,62.81316053182119,497.3378655315454,False,False,False
1559260800000,2019-05-31,BTCUSDT,8267.1,8594.0,8108.5,8555.0,44727.49162,373629673.9190144,416525,6510.393599999999,4594.29535,66.10373896269965,496.4923037078636,False,False,False
1559347200000,2019-06-01,BTCUSDT,8555.0,8626.0,8442.36,8544.07,31868.234157,272098436.34069574,348375,6580.3148,4604.7274,65.8634206622925,474.1457105858733,False,False,False
1559433600000,2019-06-02,BTCUSDT,8545.1,8814.78,8524.0,8725.98,27835.133265,241414596.7195052,299353,6653.93,4618.74525,67.95169241753737,461.0481598297396,False,False,False
1559520000000,2019-06-03,BTCUSDT,8726.0,8800.95,8080.8,8115.82,45692.965104,387155494.9730488,431252,6713.620399999999,4630.55735,55.653730644097074,479.55543412761534,False,False,False
1559606400000,2019-06-04,BTCUSDT,8115.66,8115.66,7481.02,7687.03,74143.948941,582173398.3257968,645913,6766.862000000001,4640.712799999999,48.94925868991851,490.6443316899285,False,False,False
1559692800000,2019-06-05,BTCUSDT,7687.04,7896.7,7572.78,7776.5,48679.656455,377635818.0044095,426120,6818.9176,4651.45385,50.294777553186556,478.7354508549336,False,False,False
1559779200000,2019-06-06,BTCUSDT,7778.08,7868.13,7444.58,7786.7,36624.118747,282156410.54378915,371485,6870.5952,4662.0773500000005,50.45509991882167,474.79363293672407,False,False,False
1559865600000,2019-06-07,BTCUSDT,7787.57,8100.0,7737.49,7980.53,33942.225658,269125728.1416496,323096,6925.036999999999,4677.42985,53.52296338509932,466.7733734412438,False,False,False
1559952000000,2019-06-08,BTCUSDT,7978.94,8044.65,7751.0,7893.62,22657.329634,179047320.02388045,250864,6977.7357999999995,4694.103650000001,51.96909002641613,454.40741819544064,False,False,False
1560038400000,2019-06-09,BTCUSDT,7895.28,7935.0,7506.66,7628.13,31568.465157,243970971.0244344,322175,7024.4638,4708.93895,47.438359496892076,452.54545975290915,False,False,False
1560124800000,2019-06-10,BTCUSDT,7627.57,8020.0,7511.0,7982.75,36756.078468,287125339.97011447,387179,7078.996,4727.0027,53.295451425121556,456.57792691341564,False,False,False
1560211200000,2019-06-11,BTCUSDT,7981.0,8010.0,7692.23,7884.9,30334.999427,238031771.51747337,309059,7129.5512,4744.3241499999995,51.58725489549643,446.66307499102885,False,False,False
1560297600000,2019-06-12,BTCUSDT,7884.9,8200.0,7788.99,8127.64,41597.082622,333291726.6460002,361980,7182.237799999999,4765.30015,55.405746089292336,444.11642677738394,False,False,False
1560384000000,2019-06-13,BTCUSDT,8127.64,8309.82,8010.03,8218.54,30467.764341,248418184.7720466,341246,7238.3086,4785.96395,56.78048183236996,433.8073962932851,False,False,False
1560470400000,2019-06-14,BTCUSDT,8216.44,8684.41,8144.32,8650.0,39835.246255,333475488.55375946,410072,7306.9106,4809.90295,62.66391047738485,441.39901084376476,False,False,False
1560556800000,2019-06-15,BTCUSDT,8650.88,8864.99,8567.63,8808.7,31791.636039,276420769.2933853,335840,7376.8026,4834.5704,64.57416708564443,431.1105100692102,False,False,False
1560643200000,2019-06-16,BTCUSDT,8810.77,9333.0,8760.0,8953.33,63289.251219,574211342.9796603,552319,7449.955399999999,4858.0128,66.26800203598324,441.2454736356952,False,False,False
1560729600000,2019-06-17,BTCUSDT,8953.0,9444.0,8950.0,9313.96,47895.485374,441567296.0592663,462160,7530.0842,4883.1034,70.10614457021994,445.0136540902884,False,False,False
1560816000000,2019-06-18,BTCUSDT,9312.13,9336.36,8950.0,9081.55,51554.569401,470271954.2987056,449730,7606.9524,4908.30455,64.97512359745713,440.8241073695536,False,False,False
1560902400000,2019-06-19,BTCUSDT,9081.97,9304.0,8960.0,9255.49,32147.706495,293748062.6668488,306202,7685.646,4933.6319,66.92614427292847,433.9080997002998,False,False,False
1560988800000,2019-06-20,BTCUSDT,9253.76,9590.0,9175.2,9517.12,34556.053982,323621848.1987617,350662,7768.3243999999995,4960.41245,69.66345521813996,432.5432354359926,False,False,False
1561075200000,2019-06-21,BTCUSDT,9518.06,10174.99,9518.06,10159.86,50484.415892,494783687.9853515,474344,7861.6642,4991.7917,75.11283631745323,448.63800433342163,False,False,False
1561161600000,2019-06-22,BTCUSDT,10159.86,11160.0,9921.72,10729.5,104169.447976,1112069567.638115,923334,7960.8004,5025.6810000000005,78.75520171080456,505.04100402389156,False,False,False
1561248000000,2019-06-23,BTCUSDT,10729.0,11392.64,10555.18,10906.07,57445.323945,625330374.7466884,557935,8062.332799999999,5061.36215,79.74477138743259,528.785218022185,False,False,False
1561334400000,2019-06-24,BTCUSDT,10905.95,11143.63,10620.8,11056.59,43101.045285,469746663.93811727,440335,8167.9522,5099.10135,80.57540172413437,528.3598453063146,False,False,False
1561420800000,2019-06-25,BTCUSDT,11056.59,11850.0,11026.0,11820.86,61276.686648,697773986.2691858,597798,8289.4136,5141.187900000001,84.133306751752,549.4769992130064,False,False,False
1561507200000,2019-06-26,BTCUSDT,11821.28,13970.0,11741.0,13093.8,155930.147386,1996178374.594492,1355074,8434.362799999999,5189.60225,88.05704416892378,669.4429278406487,False,False,False
1561593600000,2019-06-27,BTCUSDT,13098.38,13478.04,10525.1,11329.99,173894.820889,2058443849.314,1357233,8541.2168,5228.52535,64.32153866595566,832.5498615663167,False,False,False
1561680000000,2019-06-28,BTCUSDT,11329.99,12480.0,10982.88,12400.63,95795.203964,1129888341.3212836,883116,8665.0458,5273.364100000001,69.66638161670669,880.0191571687228,False,False,False
1561766400000,2019-06-29,BTCUSDT,12407.06,12441.54,11475.02,11903.13,69642.074157,829011822.2365324,732073,8775.6418,5315.977800000001,64.80799864926391,886.1977887995283,False,False,False
1561852800000,2019-06-30,BTCUSDT,11903.13,12180.0,10766.03,10854.1,84512.530443,971151050.9005816,711267,8851.199400000001,5353.023300000001,55.94801922814799,923.8958038852763,False,False,False
1561939200000,2019-07-01,BTCUSDT,10854.1,11282.28,10030.0,10624.93,90962.268271,972343281.8603553,757458,8924.3518,5389.637650000001,54.2046273985041,947.3518178934709,False,False,False
1562025600000,2019-07-02,BTCUSDT,10624.9,10938.75,9727.0,10842.85,109561.038728,1128353804.8007915,870148,8985.3946,5427.731050000001,55.62079235598099,966.2374023296516,False,False,False
1562112000000,2019-07-03,BTCUSDT,10844.98,11991.89,10841.04,11940.0,96815.90029,1097804642.7577736,814754,9065.2434,5471.37245,61.993245276088125,979.4240164489621,False,False,False
1562198400000,2019-07-04,BTCUSDT,11940.0,12000.0,11055.0,11145.67,66512.221892,775818897.3894848,643867,9124.7594,5510.95745,55.751535569314285,976.9651581311791,False,False,False
1562284800000,2019-07-05,BTCUSDT,11145.67,11406.83,10796.44,10970.73,63534.350582,705853649.0264896,564857,9186.8422,5548.2657,54.451246648069564,950.7812182646663,False,False,False
1562371200000,2019-07-06,BTCUSDT,10982.41,11665.0,10964.51,11256.49,51469.496331,585001376.155429,470692,9264.8668,5586.2832499999995,56.2463692868041,932.9032741029044,False,False,False
1562457600000,2019-07-07,BTCUSDT,11256.45,11538.0,11094.37,11406.24,38884.795599,439439052.9455421,366769,9347.8426,5625.00335,57.198350145114304,897.955183095554,False,False,False
1562544000000,2019-07-08,BTCUSDT,11410.0,12338.03,11220.0,12238.6,52182.367215,618530684.4325522,507860,9429.645,5665.94825,62.130464636371926,913.6748128744431,False,False,False
1562630400000,2019-07-09,BTCUSDT,12238.6,12794.73,12068.0,12543.41,78442.130343,975986802.0300353,660273,9521.7502,5709.472,63.776596371319144,900.32161195484,False,False,False
1562716800000,2019-07-10,BTCUSDT,12548.51,13147.08,11569.0,12108.37,109246.044997,1369749939.9675038,899391,9605.8202,5750.269300000001,59.78237235348797,948.7329253866372,False,False,False
1562803200000,2019-07-11,BTCUSDT,12108.11,12111.73,11000.0,11342.89,87506.461058,1007356802.218256,760057,9680.1094,5787.3352,53.44032457840563,960.375573573306,False,False,False
1562889600000,2019-07-12,BTCUSDT,11342.88,11885.0,11073.0,11757.22,56321.858281,649824820.7654814,537561,9758.2236,5826.08125,56.151798101349414,949.7773183180699,False,False,False
1562976000000,2019-07-13,BTCUSDT,11757.22,11799.98,10830.0,11355.76,54245.594548,614050007.9919451,510305,9826.0414,5864.1311,52.93503406664385,951.2203670096363,False,False,False
1563062400000,2019-07-14,BTCUSDT,11355.78,11452.0,10103.0,10174.18,72517.579236,777646151.6029468,649043,9869.0168,5896.1133,44.80032166626037,979.6331979375195,False,False,False
1563148800000,2019-07-15,BTCUSDT,10174.18,11100.0,9860.0,10838.72,81922.426332,851028723.7031858,732206,9913.5026,5932.46735,49.500642848882094,998.2308266562682,False,False,False
1563235200000,2019-07-16,BTCUSDT,10833.78,11028.0,9350.01,9439.59,97219.443413,982462166.6932294,796646,9927.168,5960.469,41.49017502741473,1046.7850533236776,False,False,True
1563321600000,2019-07-17,BTCUSDT,9430.17,9957.0,9060.0,9667.92,84942.672717,809555508.3476789,757742,9946.2136,5990.331999999999,43.10820393709616,1036.086120943415,False,False,True
1563408000000,2019-07-18,BTCUSDT,9668.86,10788.0,9252.0,10627.16,80283.310252,807822745.1854327,734821,9985.8432,6024.458250000001,49.43464576697452,1071.7942551617425,True,False,False
1563494400000,2019-07-19,BTCUSDT,10628.64,10769.71,10121.84,10504.29,56546.932133,589931612.3419864,567735,10030.5382,6058.465200000001,48.68779599773985,1041.513951221618,False,False,False
1563580800000,2019-07-20,BTCUSDT,10505.78,11068.99,10350.0,10740.23,47331.899848,505569016.3500829,461660,10074.2428,6093.18065,50.242337061830746,1018.4765261343596,False,False,False
1563667200000,2019-07-21,BTCUSDT,10740.27,10817.9,10288.0,10589.45,38834.287935,409661485.9985647,395452,10115.1504,6126.8351,49.21617435098914,983.5782028390482,False,False,False
1563753600000,2019-07-22,BTCUSDT,10590.15,10683.16,10100.0,10340.31,40467.954839,421016379.36208767,389565,10147.437,6159.70275,47.49019822907935,954.9769026362591,False,False,False
1563840000000,2019-07-23,BTCUSDT,10343.08,10343.97,9822.0,9864.91,47624.37071,478441909.40505725,448147,10182.4188,6190.06725,44.297851915965225,924.0478381622405,False,False,True
1563926400000,2019-07-24,BTCUSDT,9864.78,9937.0,9525.0,9763.28,43475.380377,422534162.14571214,424762,10223.943800000001,6220.02885,43.6227543667184,887.4729925792234,False,False,True
1564012800000,2019-07-25,BTCUSDT,9763.4,10175.0,9720.03,9879.87,37873.354728,378938450.0817674,368176,10266.0112,6249.490199999999,44.66461790071542,856.5799216807075,False,False,True
1564099200000,2019-07-26,BTCUSDT,9882.15,9889.98,9637.0,9824.0,27167.463217,265108103.13392133,299935,10306.7572,6278.73295,44.242678147792155,813.4656415606569,False,False,True
1564185600000,2019-07-27,BTCUSDT,9824.0,10188.66,9333.0,9476.52,43809.778301,424932724.9687315,401418,10336.677,6306.3399,41.609871187581106,816.4795243063243,False,False,True
1564272000000,2019-07-28,BTCUSDT,9478.92,9594.99,9165.0,9541.54,29401.022937,278537286.1348134,271327,10369.635400000001,6334.214349999999,42.301768977032694,788.8731297130154,False,False,True
1564358400000,2019-07-29,BTCUSDT,9541.54,9729.0,9395.0,9507.64,29021.937411,277497756.7684168,294468,10407.2256,6363.82315,42.02218098500374,756.3821918763715,False,False,True
1564444800000,2019-07-30,BTCUSDT,9509.07,9714.28,9402.0,9574.21,32536.368834,310867928.28793913,283961,10439.0548,6393.68765,42.82138409724384,724.6606067423451,False,False,True
1564531200000,2019-07-31,BTCUSDT,9575.0,10109.8,9555.0,10080.53,39515.35456,389690761.44466114,364212,10482.9674,6426.174650000001,48.62235509396985,712.5277062607489,False,False,True
1564617600000,2019-08-01,BTCUSDT,10080.53,10467.86,9863.46,10374.99,41727.637028,422156523.6690079,378062,10527.9144,6460.665550000001,51.69189288617827,704.8042986706955,False,False,True
1564704000000,2019-08-02,BTCUSDT,10375.0,10670.0,10281.35,10523.75,42990.444221,450323284.1507597,431322,10574.0186,6495.15385,53.21269045487878,682.2218487656459,False,False,True
1564790400000,2019-08-03,BTCUSDT,10523.75,10904.77,10497.93,10816.86,33802.318824,363852799.8717801,348893,10617.355800000001,6531.472849999999,56.14240527618552,662.551716710957,True,True,False
1564876800000,2019-08-04,BTCUSDT,10816.86,11040.0,10552.0,10929.23,39924.745141,431793873.4232976,353721,10659.766399999999,6568.159799999999,57.24765805315648,650.0837369458886,False,False,False
1564963200000,2019-08-05,BTCUSDT,10929.99,11937.52,10927.8,11828.8,65153.673713,757976547.217046,622610,10717.275800000001,6609.22275,64.87830756602469,675.7720414497538,False,False,False
1565049600000,2019-08-06,BTCUSDT,11830.0,12330.7,11226.7,11481.69,76705.389875,904119081.6157126,625827,10760.6304,6648.656849999999,60.39864177887981,706.3597527747714,False,False,False
1565136000000,2019-08-07,BTCUSDT,11481.69,12141.17,11382.84,11975.03,69173.390353,814597979.050504,592916,10818.5,6690.205499999999,64.18384302039789,710.0719132908592,False,False,False
1565222400000,2019-08-08,BTCUSDT,11975.04,12060.0,11521.0,11999.77,51207.257174,604389131.062836,473584,10873.385600000001,6732.507949999999,64.36777611181735,697.8524909129408,False,False,False
1565308800000,2019-08-09,BTCUSDT,11994.17,12045.68,11700.0,11879.99,39427.152588,467011047.9414285,410902,10920.643,6774.2734,62.68919295479598,672.6973129905879,False,False,False
1565395200000,2019-08-10,BTCUSDT,11879.98,11985.0,11270.0,11309.31,42633.087048,492217964.4905557,399237,10943.632000000001,6812.9653,55.29105748051923,675.7189334912601,False,False,False
1565481600000,2019-08-11,BTCUSDT,11309.24,11600.0,11112.11,11549.97,26772.90691,304862403.351449,306234,10960.041400000002,6852.95105,57.56534923308521,662.3025810990273,False,False,False
1565568000000,2019-08-12,BTCUSDT,11539.08,11577.89,11235.32,11396.08,17568.227075,200325471.60414097,255966,10969.8416,6892.083350000001,55.61707063410456,639.4645395919539,False,False,False
1565654400000,2019-08-13,BTCUSDT,11398.35,11456.16,10788.45,10892.71,33234.72968,368994475.5461124,337834,10966.563999999998,6928.720450000001,49.69267681174538,641.4820724782428,False,False,True
1565740800000,2019-08-14,BTCUSDT,10893.36,10897.48,9928.1,10050.37,54451.847499,567724729.1059059,534507,10931.154199999999,6961.146049999999,41.68973400985766,664.9033530155111,False,False,True
1565827200000,2019-08-15,BTCUSDT,10055.16,10460.0,9911.0,10293.93,38174.45112,387705855.0879112,373368,10875.156799999999,6994.8615,44.47428213186498,656.6245420858318,False,False,True
1565913600000,2019-08-16,BTCUSDT,10296.77,10536.03,9750.0,10331.54,51758.142918,527258446.3977765,504740,10855.1878,7029.348450000001,44.91175457024022,665.8677890797011,False,False,True
1566000000000,2019-08-17,BTCUSDT,10331.15,10465.14,10000.0,10216.02,29000.581201,297776329.0305825,332795,10811.4956,7063.373350000001,43.77102740094218,651.5300898597224,False,False,True
1566086400000,2019-08-18,BTCUSDT,10216.05,10500.0,10080.0,10306.78,24085.395172,248508872.4599864,265705,10779.568599999999,7097.61635,44.95398622546295,634.9922262983137,False,False,True
1566172800000,2019-08-19,BTCUSDT,10306.17,10930.0,10258.6,10915.54,37243.319217,396233441.0274596,337022,10780.7974,7135.02355,52.215582227127356,637.5927815627198,True,True,False
1566259200000,2019-08-20,BTCUSDT,10914.73,10949.96,10560.0,10760.51,32298.921679,346664453.1367265,305065,10783.509000000002,7171.51575,50.39241825186364,619.9047257368112,False,False,True
1566345600000,2019-08-21,BTCUSDT,10760.51,10804.13,9858.0,10142.57,47355.719282,482889274.517917,458814,10769.503399999998,7204.70475,43.8241043488641,643.2065310413246,False,False,True
1566432000000,2019-08-22,BTCUSDT,10140.82,10242.0,9762.0,10099.88,34059.642738,341371442.9068388,401148,10732.701,7237.9136,43.40320809489297,631.5489216812301,False,False,True
1566518400000,2019-08-23,BTCUSDT,10099.9,10445.0,10019.79,10389.55,27550.336173,282732431.7520724,326866,10717.5786,7272.54525,47.11478396153035,616.8104272754279,False,False,True
1566604800000,2019-08-24,BTCUSDT,10388.16,10419.42,9890.0,10134.35,27692.456844,279962133.6257099,313227,10700.851,7305.85905,44.35502477413864,610.5682538986116,False,False,True
1566691200000,2019-08-25,BTCUSDT,10134.61,10333.0,9906.97,10142.69,26271.657398,265132761.31704283,289956,10678.575,7339.545649999999,44.4695010844261,597.3869500487108,False,False,True
1566777600000,2019-08-26,BTCUSDT,10142.69,10604.0,10137.93,10372.25,41687.511599,432249835.49069726,405316,10657.8952,7374.4149,47.661244079434184,588.0071679023742,False,False,True
1566864000000,2019-08-27,BTCUSDT,10373.6,10391.08,10051.08,10185.05,28402.775383,289340681.0789518,292888,10616.8242,7407.0449499999995,45.37106409294493,570.2923701950618,False,False,True
1566950400000,2019-08-28,BTCUSDT,10185.69,10299.0,9601.01,9721.0,42110.555375,420034883.00315255,381293,10560.376,7437.32405,40.21270949602468,579.4136294668431,False,False,True
1567036800000,2019-08-29,BTCUSDT,9721.0,9724.0,9320.0,9498.44,35532.69491,337838761.5572865,343887,10508.1774,7466.41595,37.982319881017155,566.8840845049258,False,False,True
1567123200000,2019-08-30,BTCUSDT,9499.01,9696.0,9350.41,9584.54,26834.318104,255854874.4507745,259270,10473.010400000001,7496.1834,39.38304285512314,551.0773641831455,False,False,True
1567209600000,2019-08-31,BTCUSDT,9582.76,9684.51,9420.75,9587.47,17130.290074,164116756.46299693,199188,10429.6154,7525.963449999999,39.43317550856365,530.5546953129209,False,False,True
1567296000000,2019-09-01,BTCUSDT,9588.74,9830.0,9520.0,9724.98,19545.404843,188513289.12235728,191324,10396.9998,7556.54135,41.86329870545734,514.8007885048552,False,False,True
1567382400000,2019-09-02,BTCUSDT,9723.59,10450.0,9712.5,10340.0,44740.248093,448462178.630381,354155,10400.316200000001,7590.28855,51.27893910116468,530.7078750402227,False,False,True
1567468800000,2019-09-03,BTCUSDT,10340.0,10773.0,10272.0,10615.28,47998.376781,505617667.3992669,416076,10395.8474,7625.3526,54.80703526640527,528.5858839659211,True,True,False
1567555200000,2019-09-04,BTCUSDT,10611.85,10799.0,10369.89,10567.02,43943.889026,463526509.325937,383457,10418.396,7660.09565,54.06783855285641,521.480463682641,False,False,False
1567641600000,2019-09-05,BTCUSDT,10565.92,10900.0,10450.0,10564.49,33970.960639,358861340.7897901,309846,10436.3274,7694.5802,54.02669990200649,516.3747162767381,False,False,False
1567728000000,2019-09-06,BTCUSDT,10563.13,10905.87,10150.0,10298.73,58799.640959,623662984.3843305,455334,10429.7588,7726.580849999999,49.74501793702117,533.4815222569712,False,False,True
1567814400000,2019-09-07,BTCUSDT,10298.71,10558.0,10288.57,10455.88,27637.877392,287851131.1802577,272011,10428.7906,7759.3213,52.159431968384446,514.6206992386161,True,True,False
1567900800000,2019-09-08,BTCUSDT,10455.9,10592.5,10208.0,10381.18,23984.672018,249900964.37153128,237752,10421.6096,7791.3785,50.90743088643986,505.32636357871496,False,False,True
1567987200000,2019-09-09,BTCUSDT,10381.24,10480.0,10068.5,10303.12,39835.727608,409724831.9471226,330459,10415.883,7823.20755,49.56846368714151,498.62448046594966,False,False,True
1568073600000,2019-09-10,BTCUSDT,10302.58,10384.99,9953.0,10098.15,28915.412225,294323839.5070076,286763,10411.0398,7853.8883000000005,46.13696220118478,493.8648747183818,False,False,True
1568160000000,2019-09-11,BTCUSDT,10098.19,10293.0,9880.0,10158.33,31953.824562,321637085.47650874,309120,10416.9082,7884.09115,47.29071410506269,488.08881223849744,False,False,True
1568246400000,2019-09-12,BTCUSDT,10158.75,10448.81,10040.0,10415.01,34511.162755,353390090.96777725,317881,10429.942799999999,7917.448399999999,52.01218279252749,482.4260399357476,False,False,True
1568332800000,2019-09-13,BTCUSDT,10415.01,10439.0,10153.0,10342.06,30280.339776,311632094.25618845,304947,10439.186599999999,7950.0191,50.624255923628354,468.39560851176566,False,False,True
1568419200000,2019-09-14,BTCUSDT,10344.13,10419.99,10222.33,10335.02,23621.533519,244063007.0902248,253929,10449.407,7982.648050000001,50.48424902037429,449.05735076092526,False,False,True
1568505600000,2019-09-15,BTCUSDT,10332.81,10360.0,10252.15,10302.01,18047.654013,185853330.43704256,194733,10465.9168,8015.06775,49.7889346915028,424.68539713514497,False,False,True
1568592000000,2019-09-16,BTCUSDT,10303.34,10355.0,10078.0,10251.31,28971.401657,296325130.1709013,274368,10480.1122,8047.2558500000005,48.67995756551594,414.1364401969203,False,False,True
1568678400000,2019-09-17,BTCUSDT,10249.68,10275.0,10128.01,10187.82,22914.324563,233944812.560508,287483,10493.715799999998,8079.07995,47.26034862293754,395.054551611426,False,False,True
1568764800000,2019-09-18,BTCUSDT,10187.48,10258.02,10100.0,10156.99,24250.249303,247024351.59799168,299466,10505.371400000002,8110.76525,46.550451664159795,378.12351221060993,False,False,True
1568851200000,2019-09-19,BTCUSDT,10156.41,10325.0,9653.0,10244.29,44826.282579,447676492.9840264,429727,10508.6466,8142.947949999999,48.89153376769329,399.1146899098521,False,False,True
1568937600000,2019-09-20,BTCUSDT,10243.7,10281.0,10061.39,10168.59,25088.491069,255205290.2118373,267032,10504.518600000001,8175.2144,46.97037629673902,386.2929263448627,False,False,True
1569024000000,2019-09-21,BTCUSDT,10167.92,10176.7,9900.0,9986.39,20544.175196,206034034.50803515,245439,10493.7714,8205.857699999999,42.62859904381966,378.4648601773726,False,False,True
1569110400000,2019-09-22,BTCUSDT,9985.15,10089.0,9853.97,10028.87,22049.275256,220133631.61284167,253713,10478.0116,8236.69285,43.92995241945521,368.21951302184607,False,False,True
1569196800000,2019-09-23,BTCUSDT,10028.05,10049.99,9615.77,9702.25,31937.232356,314390584.62646127,332817,10453.472000000002,8265.8359,36.983665876680924,372.9338335202856,False,False,True
1569283200000,2019-09-24,BTCUSDT,9702.2,9794.99,7800.0,8493.14,94007.345203,838996309.1611282,748712,10386.7588,8288.977149999999,22.684132637773615,488.7949882688366,False,False,True
1569369600000,2019-09-25,BTCUSDT,8497.55,8730.0,8215.64,8430.05,60783.892258,512437200.3611044,544806,10325.726,8311.412199999999,22.201764303442133,490.6210605353483,False,False,True
1569456000000,2019-09-26,BTCUSDT,8430.05,8465.99,7750.0,8063.73,67930.853749,552794530.866682,522062,10247.5,8332.14675,19.59613928044233,506.7188419256806,False,False,True
1569542400000,2019-09-27,BTCUSDT,8063.49,8265.0,7852.15,8177.91,43882.924625,352800745.20792854,369518,10171.0628,8353.67825,22.643577410724177,500.01392464527487,False,False,True
1569628800000,2019-09-28,BTCUSDT,8177.47,8315.0,8001.09,8198.81,34473.605165,280672404.6804955,319113,10097.4392,8375.25865,23.21724801839457,486.72078717061237,False,False,True
1569715200000,2019-09-29,BTCUSDT,8199.38,8229.13,7890.0,8043.82,31544.211388,253660600.3252929,322501,10032.1294,8396.14775,21.919080808508355,476.17858808699714,False,False,True
1569801600000,2019-09-30,BTCUSDT,8043.04,8337.26,7710.0,8289.34,55865.48726,449120676.8427603,455556,9966.9168,8418.20885,28.718396925719006,486.9701175093545,False,False,True
1569888000000,2019-10-01,BTCUSDT,8289.97,8500.0,8173.05,8292.44,43472.418091,362980689.8799913,387653,9904.844000000001,8440.05225,28.802699986328946,475.5401091158292,False,False,True
1569974400000,2019-10-02,BTCUSDT,8292.67,8373.91,8151.22,8359.94,26243.386644,216325351.8586446,261430,9854.1886,8461.822049999999,30.723915046127075,457.4793870361271,False,False,True
1570060800000,2019-10-03,BTCUSDT,8360.0,8393.0,8060.0,8223.96,30488.284058,250291751.27141392,281307,9817.6604,8483.03615,29.02474509361383,448.5880022478323,False,False,True
1570147200000,2019-10-04,BTCUSDT,8224.43,8232.41,8005.0,8137.13,26476.330404,215325611.6822151,259012,9774.5244,8503.78275,27.961342463301293,432.7895735158443,False,False,True
1570233600000,2019-10-05,BTCUSDT,8137.09,8183.41,8012.98,8126.19,21907.615564,177252877.0029691,237769,9730.4174,8524.33605,27.823028533297247,414.04960397899833,False,False,True
1570320000000,2019-10-06,BTCUSDT,8127.55,8153.87,7785.0,7854.25,34676.104049,275447898.032875,325795,9683.181999999999,8543.3921,24.569565784051434,410.82248940906993,False,False,True
1570406400000,2019-10-07,BTCUSDT,7855.3,8299.92,7762.0,8190.09,52202.072297,420921679.8442632,482605,9640.8482,8564.43935,34.72163797556453,419.90088302270783,False,False,True
1570492800000,2019-10-08,BTCUSDT,8190.82,8325.0,8088.75,8168.39,35452.657423,290675248.1414453,395685,9585.905200000001,8585.34665,34.399477739613815,406.7829628068001,False,False,True
1570579200000,2019-10-09,BTCUSDT,8170.79,8670.0,8115.0,8560.74,55038.704378,462845251.8136103,537805,9541.9098,8608.1203,44.43757753179732,417.3698940348859,False,False,True
1570665600000,2019-10-10,BTCUSDT,8562.15,8644.0,8414.52,8558.03,39137.946167,333925412.3041418,406932,9510.219,8630.94955,44.38705549330559,403.94918731810833,False,False,True
1570752000000,2019-10-11,BTCUSDT,8557.82,8779.51,8212.38,8258.5,50405.284418,424413201.53293216,471818,9473.391399999999,8652.561450000001,39.09625519446804,415.60495965252926,False,False,True
1570838400000,2019-10-12,BTCUSDT,8257.95,8400.0,8250.0,8300.09,21339.334098,177707852.5948189,280633,9431.6022,8674.319150000001,40.16277700313487,396.6331768202058,False,False,True
1570924800000,2019-10-13,BTCUSDT,8301.98,8451.37,8160.0,8275.01,27840.739953,232149438.3639587,320051,9394.4154,8695.50395,39.711168916906274,389.1143784759055,False,False,True
1571011200000,2019-10-14,BTCUSDT,8275.24,8388.85,8203.0,8348.2,29810.663253,247530733.18003485,345679,9358.5256,8717.1059,41.76896063912168,374.59549429905513,False,False,True
1571097600000,2019-10-15,BTCUSDT,8346.86,8403.0,8090.0,8159.29,32773.062476,270727559.77701086,399447,9314.2664,8737.3861,38.14951957233764,370.1958161348369,False,False,True
1571184000000,2019-10-16,BTCUSDT,8159.3,8181.16,7917.0,7991.74,34733.593966,279586845.5362138,421026,9270.4002,8756.80995,35.23333032622669,362.62182926806287,False,False,True
1571270400000,2019-10-17,BTCUSDT,7995.02,8124.92,7929.03,8070.58,29656.949158,238343204.48251528,356490,9237.391800000001,8776.6431,37.648568297768435,350.7124128917727,False,False,True
1571356800000,2019-10-18,BTCUSDT,8070.71,8115.0,7816.01,7947.01,31353.181416,248931322.1008505,399783,9206.3632,8795.655349999999,35.41912078318606,347.01795482807466,False,False,True
1571443200000,2019-10-19,BTCUSDT,7946.89,8098.1,7866.92,7948.01,26627.889388,211909734.13572004,349746,9173.6326,8811.10895,35.452432752101416,338.74381519749795,False,False,True
1571529600000,2019-10-20,BTCUSDT,7949.87,8297.0,7870.0,8223.35,34286.452654,275899861.65387124,396091,9146.3502,8827.5627,44.01530829340541,345.04782839767665,False,False,True
1571616000000,2019-10-21,BTCUSDT,8223.35,8333.0,8142.03,8197.27,30448.679539,250117281.63661337,367169,9115.796,8844.05575,43.427644426224425,334.0422692264141,False,False,True
1571702400000,2019-10-22,BTCUSDT,8197.28,8297.99,8000.0,8020.0,34651.828663,283535483.41051364,384699,9069.396,8859.131,39.56123839503777,331.46710713881305,False,False,True
1571788800000,2019-10-23,BTCUSDT,8020.06,8047.59,7300.0,7466.62,63897.457098,488220760.6464156,610241,9006.4228,8871.24465,30.44799800193728,361.1901709146121,False,False,True
1571875200000,2019-10-24,BTCUSDT,7468.47,7503.68,7337.99,7412.41,32714.383265,243246414.9489239,403778,8943.3306,8882.45535,29.72560377811564,347.22587299213984,False,False,True
1571961600000,2019-10-25,BTCUSDT,7412.41,8799.0,7361.0,8655.02,90748.218174,737329544.8835196,775418,8905.1412,8899.545950000002,55.68167588658486,425.13831063555847,False,False,True
1572048000000,2019-10-26,BTCUSDT,8655.88,10370.0,8470.38,9230.0,162588.585413,1522244166.4108484,1185369,8883.7666,8919.945950000001,62.57067892391121,530.4584313044472,True,False,False
1572134400000,2019-10-27,BTCUSDT,9230.0,9794.98,9074.34,9529.93,93833.541604,887438297.7462668,799978,8865.2476,8941.05435,65.5766069332283,544.0428290684152,False,False,False
1572220800000,2019-10-28,BTCUSDT,9528.23,9902.1,9160.0,9205.14,80174.217323,759178942.9488419,681128,8841.7268,8961.993199999999,59.96092650318739,558.1897698492428,False,False,False
1572307200000,2019-10-29,BTCUSDT,9204.45,9550.0,9072.0,9407.62,64158.462446,600611324.6356996,559589,8823.8168,8983.79125,62.13775385041323,552.4619291457254,False,False,False
1572393600000,2019-10-30,BTCUSDT,9407.62,9409.84,9001.01,9154.72,55241.786434,506584830.0313323,524035,8804.948199999999,9004.33875,57.90332491733547,542.2025056353165,False,False,False
1572480000000,2019-10-31,BTCUSDT,9154.02,9405.0,8913.0,9140.85,54376.024902,498152743.7348088,490183,8784.5986,9024.3865,57.671205941300606,538.616612375651,False,False,False
1572566400000,2019-11-01,BTCUSDT,9140.86,9279.0,9030.0,9231.61,43594.814115,398803069.00908464,478002,8760.9306,9045.4198,58.834119052166734,517.929711491676,False,False,False
1572652800000,2019-11-02,BTCUSDT,9231.4,9373.74,9186.21,9289.52,28923.060828,268119579.73009112,325421,8739.8798,9065.9988,59.59684825884872,494.3297320994135,False,False,False
1572739200000,2019-11-03,BTCUSDT,9289.85,9362.57,9066.14,9194.71,27894.378279,256664259.6621914,326024,8717.0736,9085.95825,57.7115462152707,480.19403694945544,False,False,False
1572825600000,2019-11-04,BTCUSDT,9196.46,9513.68,9115.84,9393.35,45894.456277,426792003.1749065,453749,8698.9004,9106.6328,60.528855993195904,474.3116057387801,False,False,False
1572912000000,2019-11-05,BTCUSDT,9392.4,9454.95,9175.76,9308.66,45935.873665,428156963.0785469,492885,8680.0474,9126.8827,58.73230338283578,460.3743481860101,False,False,False
1572998400000,2019-11-06,BTCUSDT,9307.73,9440.91,9250.01,9339.05,37336.170372,348607499.83121693,402997,8663.072,9147.119299999998,59.20027334528143,441.1261804584379,False,False,False
1573084800000,2019-11-07,BTCUSDT,9339.16,9375.0,9101.0,9216.2,39117.470853,361217475.05834645,401984,8644.2562,9166.9196,56.41522207243884,429.188596139978,False,False,False
1573171200000,2019-11-08,BTCUSDT,9214.0,9261.0,8696.0,8773.73,62107.289243,555589995.9935858,567331,8614.845,9184.00255,47.70945079291315,438.88941070140817,False,False,False
1573257600000,2019-11-09,BTCUSDT,8773.74,8880.0,8724.88,8809.41,29469.481405,259733491.8299089,326730,8587.6614,9200.583050000001,48.40092905511423,418.6201670798791,False,False,False
1573344000000,2019-11-10,BTCUSDT,8809.18,9147.19,8750.0,9039.47,34422.029797,307316853.90375423,375946,8568.723,9218.7054,52.7404872928343,417.08944085988776,False,False,False
1573430400000,2019-11-11,BTCUSDT,9040.16,9072.32,8618.68,8733.27,44888.053545,394585996.3292871,415982,8542.811,9236.27225,47.06678053354721,419.7001950841815,False,False,False
1573516800000,2019-11-12,BTCUSDT,8733.36,8888.0,8567.6,8821.94,40366.629471,352675938.430593,406765,8525.2048,9253.811450000001,48.784990412119484,412.60732400673993,False,False,False
1573603200000,2019-11-13,BTCUSDT,8821.91,8844.99,8702.0,8777.12,26810.116918,235060554.1241016,281593,8530.884399999999,9271.2186,47.937944141670236,393.34894372054424,False,False,False
1573689600000,2019-11-14,BTCUSDT,8777.54,8800.0,8582.6,8646.68,33468.468961,290104306.9530332,337019,8535.216999999999,9287.914400000001,45.463879600910474,380.78116202621965,False,False,False
1573776000000,2019-11-15,BTCUSDT,8646.38,8790.0,8400.0,8471.73,46087.417751,394708981.3155723,423919,8543.377,9304.08235,42.30988257209802,381.4396504529182,False,False,True
1573862400000,2019-11-16,BTCUSDT,8471.62,8543.0,8400.0,8491.02,20902.299752,177222838.38564816,231473,8549.6392,9319.9334,42.78122475492469,364.4082468491384,False,False,True
1573948800000,2019-11-17,BTCUSDT,8490.74,8635.0,8350.68,8502.4,27009.037082,229995700.81158423,259594,8555.711,9335.5294,43.07669903306919,358.6876577884856,False,False,True
1574035200000,2019-11-18,BTCUSDT,8502.87,8503.52,8060.0,8187.17,43017.69094,358706174.8252184,366263,8558.578000000001,9349.000900000001,37.32666660739292,364.7471108035938,False,False,True
1574121600000,2019-11-19,BTCUSDT,8186.5,8218.63,8003.0,8133.64,43556.061025,353463792.04443395,357382,8555.464,9360.80565,36.437204776782025,354.095888603337,False,False,True
1574208000000,2019-11-20,BTCUSDT,8133.83,8264.29,8038.4,8098.01,32466.23098,263387575.485922,288843,8551.5754,9372.14845,35.82527594663685,344.9383251316702,False,False,True
1574294400000,2019-11-21,BTCUSDT,8098.56,8134.73,7500.0,7627.74,58418.780261,455166676.2781802,430062,8536.9314,9381.40905,28.921421430511856,365.637730479408,False,False,True
1574380800000,2019-11-22,BTCUSDT,7627.79,7750.0,6790.0,7268.23,126603.140259,917881536.262084,817604,8517.816799999999,9389.01125,24.961227852400725,408.0921783023074,False,False,True
1574467200000,2019-11-23,BTCUSDT,7268.23,7344.48,7080.01,7311.57,50449.894755,364446217.3737604,414045,8501.3056,9396.3374,26.271895161262293,397.833451280714,False,False,True
1574553600000,2019-11-24,BTCUSDT,7311.1,7330.39,6861.0,6903.28,67890.206483,481922941.3269758,446014,8476.8474,9400.91735,22.31721577534131,402.9446333320916,False,False,True
1574640000000,2019-11-25,BTCUSDT,6900.23,7377.69,6515.0,7109.57,119645.735197,831628458.3049068,679721,8461.9538,9405.4193,28.19819137743869,435.783588094085,False,False,True
1574726400000,2019-11-26,BTCUSDT,7109.99,7340.0,7017.48,7156.14,65722.39769,469602476.91268086,433933,8441.2748,9409.33335,29.49582525123762,427.6933318016504,False,False,True
1574812800000,2019-11-27,BTCUSDT,7154.75,7655.0,6840.0,7508.52,92452.87349,671646609.1695509,582055,8428.0774,9411.49485,38.54599414787429,455.3580938158183,False,False,True
1574899200000,2019-11-28,BTCUSDT,7507.9,7643.0,7360.0,7419.49,56933.981109,427572714.9456008,388953,8405.2524,9413.75575,37.245161240145045,443.0468014004027,False,False,True
1574985600000,2019-11-29,BTCUSDT,7418.52,7850.0,7362.3,7739.68,60745.300873,463006956.68515134,412929,8388.885400000001,9413.5006,44.499461611358164,446.23631558608827,False,False,True
1575072000000,2019-11-30,BTCUSDT,7740.99,7810.0,7441.0,7541.89,46989.433619,358749026.3607554,346506,8374.5532,9411.472249999999,41.32179218918328,440.71943590136766,False,False,True
1575158400000,2019-12-01,BTCUSDT,7540.63,7541.85,7210.0,7390.89,60769.342313,446524917.2059704,420573,8356.369200000001,9407.57735,39.03032608133466,432.9459047655557,False,False,True
1575244800000,2019-12-02,BTCUSDT,7391.5,7420.56,7151.1,7294.28,46330.25604,337889295.5101809,326881,8336.7546,9404.7158,37.59390571245838,421.26834013944466,False,False,True
1575331200000,2019-12-03,BTCUSDT,7294.42,7400.0,7241.35,7292.71,33149.477487,242379261.1043476,265391,8315.6448,9404.40305,37.569707713968,402.5098872723415,False,False,True
1575417600000,2019-12-04,BTCUSDT,7292.71,7750.0,7067.0,7194.32,83147.149142,608623482.7599232,516158,8296.3454,9404.0874,36.00559522478277,422.5448953243171,False,False,True
1575504000000,2019-12-05,BTCUSDT,7194.59,7485.0,7150.0,7389.0,59306.678855,434738864.7840124,430359,8284.2906,9400.29,41.2201110420674,416.29168851543733,False,False,True
1575590400000,2019-12-06,BTCUSDT,7389.0,7590.03,7305.0,7527.47,48189.087944,356905919.01556,367854,8273.428399999999,9398.2366,44.67334076527183,406.91585362147754,False,False,True
1575676800000,2019-12-07,BTCUSDT,7527.8,7619.62,7470.16,7488.21,31498.684173,237000924.85530463,263592,8264.2524,9396.1533,43.88610817529645,388.526149791372,False,False,True
1575763200000,2019-12-08,BTCUSDT,7487.31,7564.0,7374.86,7510.11,29856.897631,223314325.61846468,257514,8255.4944,9395.5617,44.47390906166205,374.2842819491312,False,False,True
1575849600000,2019-12-09,BTCUSDT,7510.11,7650.0,7273.0,7338.64,46621.887493,347471155.4826833,359648,8237.8002,9392.99735,40.86451032800367,374.47826180990756,False,False,True
1575936000000,2019-12-10,BTCUSDT,7338.64,7407.6,7157.1,7224.13,49723.76214,363127435.3955167,439637,8218.3374,9389.29365,38.61089701542108,365.6226716806285,False,False,True
1576022400000,2019-12-11,BTCUSDT,7224.15,7275.5,7125.66,7210.0,30093.091944,217095653.86658928,268269,8202.1374,9385.2166,38.3299947186342,350.2096237034408,False,False,True
1576108800000,2019-12-12,BTCUSDT,7210.0,7295.0,7080.3,7198.08,42288.600932,303657479.492691,331414,8196.766599999999,9378.13485,38.07831863946747,340.5303648674807,False,False,True
1576195200000,2019-12-13,BTCUSDT,7197.76,7309.05,7190.76,7258.48,27609.873795,199836160.23365223,252135,8193.688,9370.645649999999,40.220236152375115,324.65605309123214,False,False,True
1576281600000,2019-12-14,BTCUSDT,7257.37,7271.77,7012.0,7064.05,29561.985967,211004228.015854,276819,8161.8686,9362.3877,35.91367276743169,320.021335013287,False,False,True
1576368000000,2019-12-15,BTCUSDT,7064.14,7200.3,7008.35,7118.59,26395.778137,187402764.56353116,262651,8119.6404,9354.752250000001,37.921668582637366,310.87338251233797,False,False,True
1576454400000,2019-12-16,BTCUSDT,7119.6,7150.0,6836.0,6891.72,43863.993059,307508569.8925137,371202,8066.8762,9347.863150000001,33.25411383850388,311.09671233288526,False,False,True
1576540800000,2019-12-17,BTCUSDT,6891.44,6942.21,6560.0,6623.82,53865.069929,364087469.8222779,454097,8015.2498,9338.20725,28.753488592207148,316.1762328805363,False,False,True
1576627200000,2019-12-18,BTCUSDT,6623.84,7440.0,6435.0,7277.83,95636.651251,654057202.1588289,714073,7972.654,9331.876049999999,47.45114227477917,365.37793053192655,False,False,True
1576713600000,2019-12-19,BTCUSDT,7277.83,7380.0,7038.31,7150.3,55509.049075,397407677.058565,439761,7932.565600000001,9323.99765,44.97266584139666,363.68593549393177,False,False,True
1576800000000,2019-12-20,BTCUSDT,7151.31,7220.0,7079.5,7187.83,32132.069205,229842650.42149532,312766,7893.5052000000005,9319.3577,45.86872618484919,347.74408295865095,False,False,True
1576886400000,2019-12-21,BTCUSDT,7188.01,7190.58,7105.0,7132.75,19467.174028,139069157.08645767,212162,7851.528,9316.5863,44.71782120426123,329.018077033033,False,False,True
1576972800000,2019-12-22,BTCUSDT,7131.59,7518.54,7122.47,7501.44,39137.45515,285577206.9406348,356612,7815.7664,9315.211,53.185349978222554,333.8075001021021,False,False,True
1577059200000,2019-12-23,BTCUSDT,7500.71,7695.38,7265.84,7317.09,68051.997203,510710431.7668603,530669,7778.214,9312.86295,49.13296264601745,340.64553580909484,False,False,True
1577145600000,2019-12-24,BTCUSDT,7317.3,7436.68,7157.04,7255.77,43629.494188,318428019.00091,384678,7735.4624,9309.23915,47.827570674277524,336.2879975370166,False,False,True
1577232000000,2019-12-25,BTCUSDT,7255.77,7271.77,7128.86,7204.63,27492.044323,198273303.10954583,289924,7693.3818,9305.7942,46.712896239068726,322.4752834272298,False,False,True
1577318400000,2019-12-26,BTCUSDT,7205.01,7435.0,7157.12,7202.0,36259.761076,263289798.9561876,337695,7650.640800000001,9303.66355,46.65267828334074,319.28990603957055,False,False,True
1577404800000,2019-12-27,BTCUSDT,7202.0,7275.86,7076.42,7254.74,33642.701861,242214722.72289035,297262,7611.4116,9300.0235,48.097604517466266,310.7291984653155,False,False,True
1577491200000,2019-12-28,BTCUSDT,7254.77,7365.01,7238.67,7316.14,26848.982199,196322192.43800187,272607,7582.259800000001,9297.1797,49.80223543782363,297.5585414320787,False,False,True
1577577600000,2019-12-29,BTCUSDT,7315.36,7528.45,7288.0,7388.24,31387.106085,231731575.8282169,283213,7553.8364,9293.482699999999,51.80396696626111,293.47935990121596,False,False,True
1577664000000,2019-12-30,BTCUSDT,7388.43,7408.24,7220.0,7246.0,29605.911782,216508875.51767525,279033,7517.967000000001,9288.62,47.75785903182634,285.9622627654148,False,False,True
1577750400000,2019-12-31,BTCUSDT,7246.0,7320.0,7145.01,7195.23,25954.453533,187518399.34504,251976,7487.2062,9281.346150000001,46.36584775326987,278.0356725678851,False,False,True
1577836800000,2020-01-01,BTCUSDT,7195.24,7255.0,7175.15,7200.85,16792.388165,121214452.11606228,194010,7454.7844,9273.3069,46.55156265495444,263.87955309875053,False,False,True
1577923200000,2020-01-02,BTCUSDT,7200.77,7212.5,6924.74,6965.71,31951.483932,225982341.3011403,302667,7418.5562,9263.3688,40.2688219212564,265.5852993059827,False,False,True
1578009600000,2020-01-03,BTCUSDT,6965.49,7405.0,6871.04,7344.96,68428.500451,495098582.96203536,519854,7392.5218,9253.5238,51.61203290092944,284.7549207841268,False,False,True
1578096000000,2020-01-04,BTCUSDT,7345.0,7404.0,7272.21,7354.11,29987.974977,219874240.93994808,279370,7370.1694,9244.8866,51.84961563493201,273.828855013832,False,False,True
1578182400000,2020-01-05,BTCUSDT,7354.19,7495.0,7318.0,7358.75,38331.085604,284848683.7891762,329209,7347.524,9235.402900000001,51.97838005470174,266.91250822712976,True,False,False
1578268800000,2020-01-06,BTCUSDT,7357.64,7795.34,7346.76,7758.0,54635.695316,413330481.2260492,449937,7332.6359999999995,9226.6073,61.51508376758494,279.88875763947766,False,False,False
1578355200000,2020-01-07,BTCUSDT,7758.9,8207.68,7723.71,8145.28,91171.684661,724202791.1429626,685315,7331.798200000001,9216.5344,68.12727628949624,294.4659892366579,False,False,False
1578441600000,2020-01-08,BTCUSDT,8145.92,8455.0,7870.0,8055.98,112622.64264,926410232.6045058,830375,7330.245,9203.1668,65.33959909282734,315.2184185768966,False,False,False
1578528000000,2020-01-09,BTCUSDT,8054.72,8055.96,7750.0,7817.76,64239.51983,507258250.4748797,478800,7324.64,9187.72525,58.46667854280644,314.5585315356897,False,False,False
1578614400000,2020-01-10,BTCUSDT,7817.74,8199.0,7672.0,8197.02,82406.777448,652774220.3884369,606101,7336.025599999999,9173.4274,64.81261048895159,329.73292214028334,False,False,False
1578700800000,2020-01-11,BTCUSDT,8198.86,8286.34,8003.16,8020.01,54810.032667,445034349.5647021,469131,7351.0612,9154.42315,60.19018548819986,326.4077134159774,False,False,False
1578787200000,2020-01-12,BTCUSDT,8020.01,8197.0,7960.0,8184.98,38131.494336,309351920.45885,350662,7368.5294,9129.87905,62.84948385565319,320.02144817197905,False,False,False
1578873600000,2020-01-13,BTCUSDT,8184.97,8196.0,8055.89,8110.34,31159.755683,252656965.3581501,289144,7392.6705999999995,9113.7808,60.868323659698824,307.1706304454091,False,False,False
1578960000000,2020-01-14,BTCUSDT,8110.34,8880.0,8105.54,8810.01,120399.126742,1032735180.8658738,915328,7426.679400000001,9095.8277,70.31470631162925,340.5484425564513,False,False,False
1579046400000,2020-01-15,BTCUSDT,8814.64,8916.48,8564.0,8821.41,84816.297606,743712237.2790816,764048,7459.9848,9080.419100000001,70.43991631352843,341.4006966595619,False,False,False
1579132800000,2020-01-16,BTCUSDT,8820.01,8859.81,8586.0,8720.01,51991.074284,451752380.28108114,543064,7484.214599999999,9069.74865,67.7044421132095,336.5727897553075,False,False,False
1579219200000,2020-01-17,BTCUSDT,8720.15,9041.65,8672.44,8913.28,70897.737377,629568740.707009,676403,7514.0904,9061.1904,70.08873573293744,338.9040190584998,False,False,False
1579305600000,2020-01-18,BTCUSDT,8913.27,8988.88,8806.38,8915.96,38294.746545,340852837.9160803,458182,7537.616,9051.55595,70.1216760827954,327.7323034114641,False,False,False
1579392000000,2020-01-19,BTCUSDT,8915.09,9198.98,8466.0,8701.7,70676.889259,623950864.2762928,615665,7560.812199999999,9035.36445,64.04878715793396,356.67856745350235,False,False,False
1579478400000,2020-01-20,BTCUSDT,8701.72,8746.99,8521.28,8642.35,38896.639746,336447837.0018059,385006,7585.8414,9022.84785,62.435763335788835,347.32366977825217,False,False,False
1579564800000,2020-01-21,BTCUSDT,8642.35,8789.0,8488.0,8736.03,36494.687659,316056704.984738,365621,7614.6764,9011.674350000001,63.97785531912504,344.0148362226627,False,False,False
1579651200000,2020-01-22,BTCUSDT,8736.04,8818.0,8590.0,8682.36,29080.557138,252638888.21492556,317424,7642.469399999999,8998.8037,62.39743769509045,335.72806220675824,False,False,False
1579737600000,2020-01-23,BTCUSDT,8682.77,8691.81,8306.39,8404.52,48165.944597,407428808.67533696,464805,7666.6734,8983.7951,54.84438956720276,339.27748633484697,False,False,False
1579824000000,2020-01-24,BTCUSDT,8404.52,8528.02,8238.0,8439.0,41687.529529,349874174.79003936,407271,7687.6734,8964.7971,55.563266898760865,335.75909445378653,False,False,False
1579910400000,2020-01-25,BTCUSDT,8438.99,8451.26,8254.9,8340.58,25521.157932,212869245.63589776,283118,7703.935600000001,8943.78295,52.970986821462404,325.80201627851613,False,False,False
1579996800000,2020-01-26,BTCUSDT,8340.01,8618.13,8293.66,8615.0,31130.485164,263941925.272999,332612,7726.4714,8926.3161,58.74978408335405,325.70687225862207,False,False,False
1580083200000,2020-01-27,BTCUSDT,8614.39,9000.0,8535.0,8907.57,53973.542996,473194952.8044688,514196,7754.4206,8914.1395,63.849897566295674,335.65638138300625,False,False,False
1580169600000,2020-01-28,BTCUSDT,8907.57,9400.0,8862.4,9374.21,74584.853765,676593159.4823396,616678,7795.132,8902.224450000002,70.18225312556268,350.08092556993444,False,False,False
1580256000000,2020-01-29,BTCUSDT,9375.34,9449.24,9216.0,9301.53,53864.065122,503188568.8363578,492545,7836.68,8891.9533,68.17905288991915,341.73514517208196,False,False,False
1580342400000,2020-01-30,BTCUSDT,9301.57,9578.0,9204.44,9513.21,60626.744259,569652869.8196837,529570,7882.744199999999,8888.64845,70.79375585204161,344.0083490883618,False,False,False
1580428800000,2020-01-31,BTCUSDT,9511.52,9530.22,9210.01,9352.89,45552.022352,425779010.4065367,428547,7925.8404,8881.2193,66.34719361402301,342.30846701062165,False,False,False
1580515200000,2020-02-01,BTCUSDT,9351.71,9464.53,9281.0,9384.61,28578.067354,268137739.9933375,334972,7968.362999999999,8880.9444,66.79162750708221,330.96714793843444,False,False,False
1580601600000,2020-02-02,BTCUSDT,9384.41,9477.03,9120.0,9331.51,45690.91254,428064088.6904683,446558,8013.7122,8879.26235,65.23839951667887,332.82878022854635,False,False,False
1580688000000,2020-02-03,BTCUSDT,9331.59,9618.79,9234.0,9292.24,50892.133451,476379993.49247247,492124,8057.185199999999,8872.58775,64.05209124262916,336.5402959265074,False,False,False
1580774400000,2020-02-04,BTCUSDT,9291.35,9350.0,9093.01,9197.02,53308.175266,491136137.2107625,528930,8103.2912,8866.0514,61.14852201473908,330.8581319317569,False,False,False
1580860800000,2020-02-05,BTCUSDT,9197.02,9744.45,9177.22,9612.04,64870.415615,613540574.7818311,661758,8163.055600000001,8860.41045,67.96485887973705,347.7418367937743,False,False,False
1580947200000,2020-02-06,BTCUSDT,9612.03,9862.57,9526.35,9772.0,64949.706588,631245079.8223813,682179,8212.938999999998,8856.323199999999,70.13940680726076,346.91884845136184,False,False,False
1581033600000,2020-02-07,BTCUSDT,9772.0,9885.0,9730.0,9813.73,43966.114632,430744860.1814393,582249,8266.2076,8853.690299999998,70.69820910092685,333.21035927626457,False,False,False
1581120000000,2020-02-08,BTCUSDT,9813.87,9940.0,9667.11,9895.05,43600.843666,427781790.200816,514573,8320.351999999999,8853.841,71.80549039441163,328.90176218510277,False,False,False
1581206400000,2020-02-09,BTCUSDT,9895.04,10166.0,9880.75,10151.75,43408.475616,437441704.9053964,536848,8380.732,8855.78335,75.01511561740121,325.7837791718812,False,False,False
1581292800000,2020-02-10,BTCUSDT,10151.72,10188.0,9756.0,9851.83,59573.084619,590091358.442907,690308,8427.7398,8855.64315,65.61643953434938,333.37065208817535,False,False,False
1581379200000,2020-02-11,BTCUSDT,9851.74,10323.59,9700.0,10223.08,62422.395224,624970415.4054741,710170,8485.8596,8857.638550000001,70.53725253009554,354.10060551044853,False,False,False
1581465600000,2020-02-12,BTCUSDT,10223.08,10450.0,10223.08,10326.46,61008.06393,629756037.5160786,857655,8547.2734,8861.88825,71.74970239821927,345.0162765454165,False,False,False
1581552000000,2020-02-13,BTCUSDT,10325.33,10500.0,10080.0,10229.63,79344.358759,815507473.735361,932802,8607.7734,8865.3287,68.89010128215536,350.37225679217244,False,False,False
1581638400000,2020-02-14,BTCUSDT,10227.78,10381.56,10111.37,10344.36,47038.480173,482455622.003626,622310,8670.6206,8869.5123,70.39564279407114,344.6449527355886,False,False,False
1581724800000,2020-02-15,BTCUSDT,10344.36,10375.0,9801.0,9904.72,57657.202947,580845331.1747848,739781,8723.6202,8871.16485,58.677233648730365,361.027456111618,False,False,False
1581811200000,2020-02-16,BTCUSDT,9904.46,10050.0,9638.12,9917.27,60023.999537,592584876.9040861,708070,8775.6428,8870.34855,58.887624407847596,364.6597806750738,False,False,False
1581897600000,2020-02-17,BTCUSDT,9910.7,9964.16,9452.67,9706.0,70261.011901,680009637.6159953,778058,8821.998,8867.0036,53.911434451695875,375.1476534839971,False,False,False
1581984000000,2020-02-18,BTCUSDT,9706.0,10250.0,9576.01,10164.71,70604.124019,696870122.812608,723413,8880.3722,8865.2084,61.515470338189395,396.4935353779973,False,False,False
1582070400000,2020-02-19,BTCUSDT,10164.78,10250.0,9350.0,9593.79,55162.586895,547679966.9292257,588760,8928.3434,8859.093050000001,50.37533123658716,432.45828285099753,False,False,False
1582156800000,2020-02-20,BTCUSDT,9594.65,9699.0,9400.0,9596.42,60152.342914,576020107.4626018,667387,8976.2548,8852.429,50.419874195586644,422.92554836164055,False,False,False
1582243200000,2020-02-21,BTCUSDT,9597.21,9755.51,9550.21,9677.05,42181.554524,408286949.8035292,470599,9030.481600000001,8841.670250000001,51.84689828524779,407.3808663358092,False,False,False
1582329600000,2020-02-22,BTCUSDT,9677.05,9709.17,9560.02,9650.86,24636.757623,237544283.22525856,319961,9076.5996,8832.5161,51.33010206349799,388.93580445467995,False,False,False
1582416000000,2020-02-23,BTCUSDT,9650.85,9990.0,9645.0,9936.4,37702.089843,371815095.46744496,441935,9128.2454,8822.32295,56.42935630766952,385.7975327079171,False,False,False
1582502400000,2020-02-24,BTCUSDT,9936.4,9990.0,9473.56,9656.13,55796.59612,542081527.6408329,589384,9174.193000000001,8810.60475,50.80296851743439,395.1291375144945,False,False,False
1582588800000,2020-02-25,BTCUSDT,9655.52,9675.0,9250.0,9315.84,54379.344552,514946930.5660231,579079,9205.3498,8797.784,44.9436135386334,397.26277054917347,False,False,False
1582675200000,2020-02-26,BTCUSDT,9316.48,9377.44,8633.63,8785.25,92130.345482,830717784.3790948,871018,9218.1492,8785.1637,37.65172311905223,422.01614408137544,False,False,True
1582761600000,2020-02-27,BTCUSDT,8786.0,8971.77,8531.0,8823.21,72483.578762,636955872.7625463,696646,9233.4938,8771.5299,38.42147936901476,423.3557052184201,False,False,True
1582848000000,2020-02-28,BTCUSDT,8823.25,8900.0,8445.0,8692.91,71155.208977,615664817.0103912,655727,9250.996799999999,8758.01405,36.74451371481005,425.616011988533,False,False,True
1582934400000,2020-02-29,BTCUSDT,8690.8,8790.0,8523.55,8523.61,36748.183035,318585951.9885324,414175,9257.5286,8746.16855,34.629590212843496,414.24701113220925,False,False,True
1583020800000,2020-03-01,BTCUSDT,8523.61,8750.0,8411.0,8531.88,43892.201779,375729315.25408256,472019,9267.766,8738.5761,34.82692497948665,408.87222462276577,False,False,True
1583107200000,2020-03-02,BTCUSDT,8530.3,8965.75,8498.0,8915.24,60401.31773,528906629.5628192,564535,9282.3712,8731.68265,43.36215261206588,413.0777800068539,False,False,True
1583193600000,2020-03-03,BTCUSDT,8911.18,8919.65,8651.0,8760.07,55154.997282,484181096.3229558,512762,9295.3658,8723.825299999999,41.02044376327819,402.76151000636435,False,False,True
1583280000000,2020-03-04,BTCUSDT,8760.07,8848.29,8660.0,8750.87,38696.482578,338849891.95293546,454817,9294.183,8716.49955,40.87948495173641,387.44211643448125,False,False,True
1583366400000,2020-03-05,BTCUSDT,8750.99,9159.42,8746.54,9054.68,58201.866355,524102029.20478296,619552,9298.8484,8710.23905,47.31756848276311,389.2591081177325,False,False,True
1583452800000,2020-03-06,BTCUSDT,9054.64,9170.0,8985.5,9131.88,43782.948044,397598476.42056286,493216,9307.0858,8701.32075,48.84208165667574,374.6334575378945,False,False,True
1583539200000,2020-03-07,BTCUSDT,9130.89,9188.0,8835.0,8886.66,45422.204525,409983263.789138,485400,9306.553399999999,8691.951500000001,44.442723621701084,373.08821057090205,False,False,True
1583625600000,2020-03-08,BTCUSDT,8885.25,8886.76,8000.0,8033.31,77537.315166,656931544.7821604,740741,9288.9004,8681.405200000001,33.22671109163021,409.7790526729805,False,False,True
1583712000000,2020-03-09,BTCUSDT,8034.76,8179.31,7632.01,7929.87,116968.863268,918787729.0855838,929234,9273.4638,8670.55515,32.166983698009545,419.60197748205337,False,False,True
1583798400000,2020-03-10,BTCUSDT,7929.87,8149.0,7728.01,7894.56,86783.443875,689700153.4490932,737528,9258.508,8658.0802,31.794207055159717,419.70112194762095,False,False,True
1583884800000,2020-03-11,BTCUSDT,7894.57,7980.0,7590.0,7934.52,79942.411172,624465167.3648188,699401,9242.4778,8647.08105,32.74411407478057,417.57961323707656,False,False,True
1583971200000,2020-03-12,BTCUSDT,7934.58,7966.17,4410.0,4800.0,261505.608653,1628590104.222213,1770812,9164.830600000001,8620.3676,15.044424249623788,641.7646408629996,False,False,True
1584057600000,2020-03-13,BTCUSDT,4800.01,5955.0,3782.13,5578.6,402201.673764,2063819540.638995,2309830,9108.3122,8596.39935,25.776891835356253,751.1293093727854,False,False,True
1584144000000,2020-03-14,BTCUSDT,5576.05,5640.52,5055.13,5172.06,136910.135974,736651880.9210789,1106125,9042.973399999999,8571.3344,24.06724045282901,739.2907872747294,False,False,True
1584230400000,2020-03-15,BTCUSDT,5172.48,5940.0,5093.1,5361.3,139916.146534,753755706.4268771,1037714,8983.387799999999,8549.535899999999,26.510647235133575,746.9771596122487,False,False,True
1584316800000,2020-03-16,BTCUSDT,5360.33,5365.42,4442.12,5028.97,227276.92276,1113690309.1015868,1608176,8911.6672,8527.188549999999,24.98984927935892,759.5716482113738,False,False,True
1584403200000,2020-03-17,BTCUSDT,5028.86,5525.0,4921.45,5312.64,150089.926318,793147908.2684975,1069217,8839.7686,8505.82905,28.74719945789502,748.4272447677042,False,False,True
1584489600000,2020-03-18,BTCUSDT,5312.64,5436.17,5009.37,5393.04,137127.634894,719748122.45302,962843,8760.1452,8484.8569,29.82020278052363,725.4538701414397,False,False,True
1584576000000,2020-03-19,BTCUSDT,5393.26,6400.0,5252.53,6162.37,199020.873439,1164739707.514236,1403608,8697.362,8467.04385,39.247826697464596,755.5978794170512,False,False,True
1584662400000,2020-03-20,BTCUSDT,6162.05,6900.0,5670.0,6208.36,219298.329514,1401734013.175202,1580069,8631.265,8446.38565,39.768718673587266,789.4837451729762,False,False,True
1584748800000,2020-03-21,BTCUSDT,6204.57,6456.98,5860.02,6186.98,128913.668363,794962136.6384171,990974,8567.9468,8424.24415,39.5987393160966,775.7320490891922,False,False,True
1584835200000,2020-03-22,BTCUSDT,6187.04,6407.87,5734.01,5816.19,119115.990527,722895653.5100614,952259,8496.5784,8400.49,36.67131257782858,768.4554741542498,False,False,True
1584921600000,2020-03-23,BTCUSDT,5816.05,6600.0,5688.0,6467.31,164674.215785,1015525672.0743864,1099406,8439.2944,8380.0041,44.43901089263554,778.7086545718034,False,False,True
1585008000000,2020-03-24,BTCUSDT,6465.25,6833.0,6371.33,6744.72,151138.009878,1001890515.2399888,1012669,8388.344000000001,8362.234050000001,47.399267863333606,756.0630363881032,False,False,True
1585094400000,2020-03-25,BTCUSDT,6744.69,6957.96,6450.0,6677.43,132155.734989,880250736.9079887,912179,8337.9522,8343.3418,46.7486268996379,738.3413909318101,False,False,True
1585180800000,2020-03-26,BTCUSDT,6677.42,6780.0,6510.0,6737.36,83026.555211,552537189.4793514,668467,8280.4586,8325.1227,47.44061476471088,704.8884344366809,False,False,True
1585267200000,2020-03-27,BTCUSDT,6737.27,6842.59,6261.0,6359.11,82914.968354,551326113.8552039,643631,8212.2008,8305.40265,43.590457758561776,696.0814034054894,False,False,True
1585353600000,2020-03-28,BTCUSDT,6359.11,6360.0,6024.0,6236.65,93159.693429,577986706.1289365,725588,8140.659199999999,8286.095150000001,42.39095477674891,670.3613031622401,False,False,True
1585440000000,2020-03-29,BTCUSDT,6236.65,6266.0,5866.56,5881.42,63311.627714,383707122.50096285,496709,8060.386600000001,8264.7106,39.035369636846255,651.0097815077944,False,False,True
1585526400000,2020-03-30,BTCUSDT,5880.5,6599.0,5857.76,6394.38,118889.549992,747569726.4544197,784034,7985.2392,8244.60745,45.71747957697343,657.4547971143805,False,False,True
1585612800000,2020-03-31,BTCUSDT,6394.45,6523.23,6321.4,6410.44,72337.595259,465780496.6224872,538231,7916.4114,8224.94935,45.91734625264554,624.9101687490677,False,False,True
1585699200000,2020-04-01,BTCUSDT,6412.14,6679.94,6150.11,6642.92,97500.7524,618527468.834164,758061,7844.8082,8206.48885,48.85313079105463,618.1187281241343,False,False,True
1585785600000,2020-04-02,BTCUSDT,6643.36,7198.0,6551.0,6794.09,149299.906871,1014494762.4416424,1101043,7774.1608,8188.949250000001,50.726171399896565,620.1816761152676,False,False,True
1585872000000,2020-04-03,BTCUSDT,6793.86,7048.0,6602.1,6734.1,104080.276939,710254017.100272,840456,7704.2502,8171.3632,49.94451857488047,607.732984964177,False,False,True
1585958400000,2020-04-04,BTCUSDT,6732.97,6990.41,6650.01,6856.99,72990.861139,495076283.5209042,659051,7634.5028,8154.70905,51.590169596909945,588.6377717524501,False,False,True
1586044800000,2020-04-05,BTCUSDT,6857.41,6895.54,6677.52,6772.78,49685.356983,337062083.002028,506433,7571.863999999999,8137.788,50.36816171157333,562.1650737701322,False,False,True
1586131200000,2020-04-06,BTCUSDT,6772.78,7355.14,6765.0,7329.9,118052.000832,837357664.6519214,956586,7520.1166,8123.216050000001,57.534722438302104,564.1632827865513,False,False,True
1586217600000,2020-04-07,BTCUSDT,7329.9,7459.69,7077.0,7197.32,103585.168918,757201786.6976631,924436,7469.943,8108.3597,55.481606836596576,551.2009054446547,False,False,True
1586304000000,2020-04-08,BTCUSDT,7197.32,7420.0,7150.0,7361.28,76059.145838,555122600.275026,750516,7413.8744,8095.23415,57.50138084281409,531.1151264843223,False,False,True
1586390400000,2020-04-09,BTCUSDT,7360.26,7371.92,7108.08,7283.54,61094.872417,444741085.9037586,686207,7367.669400000001,8081.5075,56.19945363944759,512.0240460211564,False,False,True
1586476800000,2020-04-10,BTCUSDT,7283.54,7295.75,6739.98,6858.92,104674.623375,727281590.7719399,949050,7312.9194,8067.290849999999,49.59432870299367,515.1487570196452,False,False,True
1586563200000,2020-04-11,BTCUSDT,6858.92,6944.3,6760.0,6876.83,45470.293206,311699573.516674,484618,7256.915,8059.2093,49.86199630276776,491.51670294681344,False,False,True
1586649600000,2020-04-12,BTCUSDT,6876.84,7177.0,6780.0,6903.79,73868.666501,516235035.1865113,648323,7201.9736,8051.578,50.289923430775076,484.7655098791839,False,False,True
1586736000000,2020-04-13,BTCUSDT,6903.79,6903.79,6575.0,6837.91,96415.476573,649390681.2485026,804179,7140.0038,8045.4489,49.1851949164649,473.6244020306708,False,False,True
1586822400000,2020-04-14,BTCUSDT,6838.04,6978.0,6754.28,6868.7,69068.623285,474794776.19211113,608665,7084.255199999999,8038.9028499999995,49.7408819138776,455.7740875999086,False,False,True
1586908800000,2020-04-15,BTCUSDT,6868.57,6933.0,6605.0,6621.24,61571.384994,416947490.61569566,581374,7030.363200000001,8031.015,45.43999296246265,446.64736705705803,False,False,True
1586995200000,2020-04-16,BTCUSDT,6621.25,7190.0,6468.27,7101.94,125009.857539,865277543.3946935,971163,6996.697000000001,8026.305600000001,53.79729254934641,466.29612655298246,True,False,False
1587081600000,2020-04-17,BTCUSDT,7101.99,7148.12,6972.98,7027.55,54126.509763,382334236.1694789,537554,6960.7838,8019.996649999999,52.45814147803315,445.49926037062664,False,False,False
1587168000000,2020-04-18,BTCUSDT,7026.78,7293.08,7014.4,7248.6,49488.542819,354845083.7761889,494670,6931.8976,8014.77745,55.96581945624732,433.5835989155819,False,False,False
1587254400000,2020-04-19,BTCUSDT,7248.6,7266.15,7055.6,7120.74,45664.86393,326485586.9317384,483574,6903.840200000001,8008.581450000001,53.506694769950464,417.65262756446884,False,False,False
1587340800000,2020-04-20,BTCUSDT,7121.4,7220.0,6751.0,6826.83,90149.49137,629612368.7476892,785174,6869.7392,8001.595800000001,48.25756365712766,421.3202970241497,False,False,True
1587427200000,2020-04-21,BTCUSDT,6828.98,6940.0,6762.0,6841.37,60109.710808,411800606.0815972,555797,6828.261799999999,7995.116999999999,48.52659132845275,403.940275808139,True,False,False
1587513600000,2020-04-22,BTCUSDT,6841.36,7156.38,6818.0,7125.14,61486.377334,431271646.1755991,508659,6795.5632000000005,7990.11175,53.59742027718163,399.25739896470054,False,False,False
1587600000000,2020-04-23,BTCUSDT,7125.12,7738.0,7020.0,7482.39,102773.569561,756320213.5858521,881099,6770.193600000001,7988.25245,59.06484610525248,422.0247276100791,False,False,False
1587686400000,2020-04-24,BTCUSDT,7483.96,7615.96,7388.0,7505.0,60182.119939,452118137.7940016,601093,6739.2,7984.826999999999,59.390965365277104,408.1629613522163,False,False,False
1587772800000,2020-04-25,BTCUSDT,7505.0,7705.0,7431.07,7538.67,43874.427726,331292050.77197313,521943,6707.3358,7981.6784,59.90325594110388,398.5748926842009,False,False,False
1587859200000,2020-04-26,BTCUSDT,7539.03,7700.0,7480.0,7693.1,50522.616209,384202783.2747096,554480,6683.464599999999,7977.340200000001,62.25518511539158,385.819543206758,False,False,False
1587945600000,2020-04-27,BTCUSDT,7693.1,7792.02,7606.0,7774.62,65441.339576,504025811.6512536,637800,6678.2908,7973.4231500000005,63.47317650965956,371.5481472634182,False,False,False
1588032000000,2020-04-28,BTCUSDT,7773.51,7780.0,7659.12,7738.98,46302.752638,357391780.9307627,499414,6674.473000000001,7970.8255500000005,62.523257185634854,353.64327960174546,False,False,False
1588118400000,2020-04-29,BTCUSDT,7738.58,8952.89,7710.05,8778.57,183546.887514,1536390177.0449488,1433128,6692.153200000001,7973.217949999999,74.50763888323152,417.1573310587636,False,False,False
1588204800000,2020-04-30,BTCUSDT,8778.58,9460.0,8401.0,8620.0,206277.214124,1839283907.46252,1661554,6705.8628,7974.942899999999,70.78916935526969,463.00323598313764,False,False,False
1588291200000,2020-05-01,BTCUSDT,8620.0,9059.18,8613.56,8826.96,91468.815059,805640126.6308703,865960,6786.401999999999,7977.336700000001,72.70392641333106,461.7615762700564,False,False,False
1588377600000,2020-05-02,BTCUSDT,8825.67,9010.0,8753.0,8972.05,59002.08755,523838859.5442492,637884,6854.271,7981.4005,73.99107285028106,447.1357493936238,False,False,False
1588464000000,2020-05-03,BTCUSDT,8972.58,9200.0,8712.0,8894.16,90126.065643,808427095.9321591,877460,6928.713000000001,7985.9126,72.02746475598448,450.0546244369364,False,False,False
1588550400000,2020-05-04,BTCUSDT,8894.15,8950.0,8522.0,8871.96,84418.512331,738343818.6939254,848802,6998.9262,7989.919500000001,71.44548718821159,448.4792941200124,False,False,False
1588636800000,2020-05-05,BTCUSDT,8871.92,9118.58,8760.0,9021.83,76480.765342,683083018.8779808,812543,7078.783399999999,7995.293600000001,73.02979230107464,442.05791596858296,False,False,False
1588723200000,2020-05-06,BTCUSDT,9021.36,9395.0,8906.21,9142.92,105925.30242,972793508.4649074,1007661,7155.388999999999,8001.268150000001,74.27187486043711,445.3959219708271,False,False,False
1588809600000,2020-05-07,BTCUSDT,9143.4,10067.0,9021.0,9986.4,147154.611378,1409783462.006364,1254835,7247.2562,8010.0833999999995,80.87804390880058,488.2962132586252,False,False,False
1588896000000,2020-05-08,BTCUSDT,9986.3,10035.96,9705.0,9800.01,100683.7964,997005843.7404792,967816,7320.009,8018.0971,76.22061237368948,477.0579123115805,False,False,False
1588982400000,2020-05-09,BTCUSDT,9800.02,9914.25,9520.0,9539.4,81950.679567,795001351.6797024,839384,7386.6298,8025.694100000001,70.1388733864237,471.14306143218187,False,False,False
1589068800000,2020-05-10,BTCUSDT,9539.1,9574.83,8117.0,8722.77,183865.182028,1594996476.9756367,1565771,7437.3456,8031.974850000001,55.259592046761405,541.6206999013117,False,False,False
1589155200000,2020-05-11,BTCUSDT,8722.77,9168.0,8200.0,8561.52,168807.251832,1468392820.7608037,1367382,7492.2522,8037.720399999999,52.87437716197323,572.0763641940752,False,False,False
1589241600000,2020-05-12,BTCUSDT,8562.04,8978.26,8528.78,8810.79,86522.780066,760195457.0509585,784859,7539.121799999999,8038.499249999999,56.03370490176175,563.3194810373556,False,False,False
1589328000000,2020-05-13,BTCUSDT,8810.99,9398.0,8792.99,9309.37,92466.274018,839725719.9602077,869216,7590.4148,8038.8961,61.58157916901292,566.297375248973,False,False,False
1589414400000,2020-05-14,BTCUSDT,9309.35,9939.0,9256.76,9791.98,129565.37747,1247456797.8136663,1199530,7652.705800000001,8040.20635,66.04762381460544,574.5789913026177,False,False,False
1589500800000,2020-05-15,BTCUSDT,9791.97,9845.62,9150.0,9316.42,115890.761516,1099721375.8919055,1055630,7704.286999999999,8040.76275,58.79466581977715,583.2247776381452,False,False,False
1589587200000,2020-05-16,BTCUSDT,9315.96,9588.0,9220.0,9381.27,59587.627862,560547005.0259086,692028,7764.7302,8040.630999999999,59.44862834011263,567.8515792354206,False,False,False
1589673600000,2020-05-17,BTCUSDT,9380.81,9888.0,9322.1,9680.04,68647.764323,663088800.815278,722718,7833.598000000001,8043.2576,62.40867616925214,567.7121807186048,False,False,False
1589760000000,2020-05-18,BTCUSDT,9681.11,9950.0,9464.23,9733.93,82006.603583,797622297.3261682,794292,7910.6482,8046.222999999999,62.934235822976824,561.8591678101332,False,False,False
1589846400000,2020-05-19,BTCUSDT,9733.93,9897.21,9474.0,9775.53,78539.760454,760713946.0085461,773581,7978.2712,8048.9426,63.36008778492845,551.955655823695,False,False,False
1589932800000,2020-05-20,BTCUSDT,9775.13,9842.0,9326.0,9511.43,74923.73809,721190802.7634026,731189,8040.291,8050.0521499999995,58.74562668524592,549.3873946934311,False,False,False
1590019200000,2020-05-21,BTCUSDT,9511.43,9578.47,8815.0,9068.65,108928.780969,1002046265.9412596,951971,8088.8056,8049.421850000001,51.91858791776127,564.679009358186,False,False,False
1590105600000,2020-05-22,BTCUSDT,9067.51,9271.0,8933.52,9170.0,58943.131024,537847834.4967086,693694,8136.3238,8048.3051000000005,53.257611330433676,548.4505086897442,False,False,False
1590192000000,2020-05-23,BTCUSDT,9170.0,9307.85,9070.0,9179.15,43526.296966,400407195.6289224,512460,8185.2248,8047.65755,53.383831730981996,526.2647580690482,False,False,False
1590278400000,2020-05-24,BTCUSDT,9179.01,9298.0,8700.0,8720.34,70379.86645,636787240.3733248,774088,8222.4918,8044.564,46.59009501594686,531.388703921259,False,False,False
1590364800000,2020-05-25,BTCUSDT,8718.14,8979.66,8642.72,8900.35,62833.910949,553545285.9140139,733557,8265.0432,8042.98475,49.31544956120955,517.4995107840263,False,False,False
1590451200000,2020-05-26,BTCUSDT,8900.35,9017.67,8700.0,8841.18,58299.770138,516455128.890688,678304,8295.2688,8043.322000000001,48.440467499442185,503.225974299453,False,False,False
1590537600000,2020-05-27,BTCUSDT,8841.0,9225.0,8811.73,9204.07,68910.355514,624660855.7800369,662850,8335.4038,8045.295299999999,53.848731800917705,496.80054756377785,False,False,False
1590624000000,2020-05-28,BTCUSDT,9204.07,9625.47,9110.0,9575.89,74110.787662,693930106.1813825,738725,8379.696000000002,8047.9774,58.63625822464414,498.13407988065086,False,False,False
1590710400000,2020-05-29,BTCUSDT,9575.87,9605.26,9330.0,9427.07,57374.362961,542758086.6064701,593705,8422.5666,8051.4464,56.126628018949425,482.21450274631866,False,False,False
1590796800000,2020-05-30,BTCUSDT,9426.6,9740.0,9331.23,9697.72,55665.27254,530598690.0714505,651290,8479.3426,8055.8253,59.51988417154947,476.9684668358674,False,False,False
1590883200000,2020-05-31,BTCUSDT,9697.72,9700.0,9381.41,9448.27,48333.786403,461272298.85252047,651473,8530.7714,8059.18105,55.27646392441908,465.655719204734,False,False,False
1590969600000,2020-06-01,BTCUSDT,9448.27,10380.0,9421.67,10200.77,76649.12696,749707596.6593573,826964,8596.711,8066.9515,63.68700153926378,500.84673926153874,False,False,False
1591056000000,2020-06-02,BTCUSDT,10202.71,10228.99,9266.0,9518.04,108970.773151,1070060237.1302092,1004312,8650.3136,8072.18305,53.80129875698257,533.8569721714289,False,False,False
1591142400000,2020-06-03,BTCUSDT,9518.02,9690.0,9365.21,9666.24,46252.644939,441928818.0430156,562784,8706.2644,8078.059149999999,55.418971725743454,518.9236170163268,False,False,False
1591228800000,2020-06-04,BTCUSDT,9666.32,9881.63,9450.0,9789.06,57456.100969,557234945.6467389,665881,8769.620799999999,8084.49245,56.76996178689652,512.6883586580177,False,False,False
1591315200000,2020-06-05,BTCUSDT,9788.14,9854.75,9581.0,9621.16,47788.05005,465200788.2036338,566062,8820.0052,8091.6624,54.345411261849534,495.6213330395879,False,False,False
1591401600000,2020-06-06,BTCUSDT,9621.17,9735.0,9531.05,9666.3,32752.950893,315604867.236149,435796,8872.780200000001,8099.325699999999,54.903053061386,474.7876663939031,False,False,False
1591488000000,2020-06-07,BTCUSDT,9666.85,9802.0,9372.46,9746.99,57952.848385,556919603.7915448,637766,8922.748,8107.570599999999,55.93907124158778,471.55569022291013,False,False,False
1591574400000,2020-06-08,BTCUSDT,9746.99,9800.0,9633.0,9782.01,40664.664125,395459395.8213373,485139,8975.9734,8118.341949999999,56.40714752078987,449.80171234984516,False,False,False
1591660800000,2020-06-09,BTCUSDT,9782.0,9877.0,9570.0,9772.43,46024.001289,447208895.8386984,551863,9034.885400000001,8130.862950000001,56.23116314859432,439.60159003914197,False,False,False
1591747200000,2020-06-10,BTCUSDT,9772.44,9992.72,9704.18,9885.0,47130.762982,462384305.3511994,560909,9095.758,8143.7301,57.893543878760184,428.8114764649175,False,False,False
1591833600000,2020-06-11,BTCUSDT,9885.22,9964.0,9113.0,9280.4,94418.98473,902075648.5453848,966502,9138.8632,8155.615699999999,47.46607363292916,458.9677995745663,False,False,False
1591920000000,2020-06-12,BTCUSDT,9278.88,9557.12,9232.51,9465.13,50119.066932,472007894.37567526,553203,9178.518,8167.393500000001,50.40533212174735,449.3708138906688,False,False,False
1592006400000,2020-06-13,BTCUSDT,9464.96,9494.73,9351.0,9473.34,27759.784851,261673162.2584724,392763,9217.8848,8178.9794999999995,50.53778514938918,427.5393271841924,False,False,False
1592092800000,2020-06-14,BTCUSDT,9473.34,9480.99,9245.0,9342.1,30055.506608,282131272.3800662,415568,9253.9534,8188.1474,48.31637381074695,413.85723238532154,False,False,False
1592179200000,2020-06-15,BTCUSDT,9342.1,9495.0,8910.45,9426.02,86107.924707,793518842.5509843,839521,9288.6118,8198.18005,49.83481893193113,426.0495729292271,False,False,False
1592265600000,2020-06-16,BTCUSDT,9426.05,9589.0,9373.09,9525.59,52052.446927,494458269.13979113,543481,9323.6312,8207.1096,51.649880619779466,411.0396034342823,False,False,False
1592352000000,2020-06-17,BTCUSDT,9526.97,9565.0,9236.61,9465.14,48046.411152,453209812.2257807,536158,9358.1544,8216.72585,50.456286230079314,405.13606033183356,False,False,False
1592438400000,2020-06-18,BTCUSDT,9465.13,9489.0,9280.0,9386.32,37381.953765,351649555.0725387,475074,9370.3094,8226.703000000001,48.87044908769613,391.1263417367026,False,False,False
1592524800000,2020-06-19,BTCUSDT,9386.32,9438.3,9215.79,9310.23,45330.983673,423086965.1927383,503484,9384.114,8236.78275,47.32412081994237,379.08231732693804,False,False,True
1592611200000,2020-06-20,BTCUSDT,9310.23,9395.0,9170.95,9358.95,30329.065384,282120360.5567526,382778,9394.7538,8247.11395,48.44887569836916,368.0085803750139,False,False,True
1592697600000,2020-06-21,BTCUSDT,9358.95,9422.0,9281.54,9294.69,24316.926234,227467940.6102112,321015,9401.2066,8257.6158,47.02270399047659,351.75511034822716,False,False,True
1592784000000,2020-06-22,BTCUSDT,9294.69,9780.0,9277.09,9685.69,57895.468343,550995799.0694705,588704,9417.037199999999,8269.09925,55.58910430214868,362.55188818049663,True,True,False
1592870400000,2020-06-23,BTCUSDT,9685.69,9720.0,9577.03,9624.89,41031.02938,395487616.460878,474319,9432.095800000001,8279.58635,54.12353540364495,346.8674675961754,False,False,False
1592956800000,2020-06-24,BTCUSDT,9624.33,9670.0,9208.0,9296.49,61571.561464,579426702.7966821,572362,9437.589,8288.62775,46.926997973956134,355.0912199107343,False,False,True
1593043200000,2020-06-25,BTCUSDT,9298.33,9340.0,9009.69,9249.49,55831.619156,514396747.4047828,536205,9439.7204,8297.32465,45.98461085864478,353.3211327742533,False,False,True
1593129600000,2020-06-26,BTCUSDT,9249.49,9298.0,9045.45,9162.21,50292.298277,461347064.8295031,510947,9423.2366,8306.4425,44.209113868922564,346.12319471894943,False,False,True
1593216000000,2020-06-27,BTCUSDT,9162.21,9196.24,8833.0,9012.0,46290.930113,419606802.2372013,499415,9407.4764,8315.38185,41.256741446731965,347.3458236675959,False,False,True
1593302400000,2020-06-28,BTCUSDT,9012.0,9191.0,8948.06,9116.35,30688.176421,278721674.9221112,374404,9399.0154,8324.913600000002,44.0520012371887,339.88826483419626,False,False,True
1593388800000,2020-06-29,BTCUSDT,9116.16,9238.0,9024.67,9192.56,42120.293261,384206326.4706804,434299,9408.4112,8334.886,46.07034876445589,330.84838877461084,False,False,True
1593475200000,2020-06-30,BTCUSDT,9192.93,9205.0,9064.89,9138.55,31463.162801,287781334.51701576,328083,9419.951799999999,8344.28635,44.83586926129274,317.224218147853,False,False,True
1593561600000,2020-07-01,BTCUSDT,9138.08,9292.0,9080.1,9232.0,38488.528699,354087627.1696612,374832,9428.376,8355.1261,47.459175999914805,309.7010597087206,False,False,True
1593648000000,2020-07-02,BTCUSDT,9231.99,9261.96,8940.0,9086.54,45725.168076,417724468.8873568,470292,9423.9194,8364.96585,43.95527177822213,310.57669830095483,False,False,True
1593734400000,2020-07-03,BTCUSDT,9086.54,9125.0,9037.47,9058.26,28943.420177,263123750.4671724,343189,9409.245,8375.79855,43.2861555640974,294.64479127945816,False,False,True
1593820800000,2020-07-04,BTCUSDT,9057.79,9190.0,9040.04,9135.46,26441.968484,240576054.91572312,335225,9405.6258,8388.35675,45.71549952220932,284.3101633309254,False,False,True
1593907200000,2020-07-05,BTCUSDT,9135.0,9145.24,8893.03,9069.41,34073.653627,308410443.6592152,384500,9399.3886,8397.31465,43.97972759160799,282.0172945215735,False,False,True
1593993600000,2020-07-06,BTCUSDT,9069.41,9375.0,9055.92,9344.2,54463.132277,502548376.20946366,533540,9392.6718,8408.28415,52.12412090279039,284.6646306271754,False,False,True
1594080000000,2020-07-07,BTCUSDT,9342.47,9379.42,9203.0,9257.39,34587.336678,320576525.3553498,433481,9383.141,8418.631949999999,49.66749355698166,276.93287129666294,False,False,True
1594166400000,2020-07-08,BTCUSDT,9257.4,9470.0,9231.0,9436.06,56140.517781,525344876.6999235,652605,9376.3516,8430.1485,54.42811943921239,274.2233804897584,True,True,False
1594252800000,2020-07-09,BTCUSDT,9436.06,9440.79,9160.0,9232.43,48044.450645,447640493.54432976,575491,9370.7716,8438.80345,48.76683619467262,274.69242474049,False,False,True
1594339200000,2020-07-10,BTCUSDT,9232.42,9317.48,9125.0,9288.34,38295.494006,352238898.7694825,525484,9375.1654,8448.6597,50.29552628037176,268.82010868759784,False,False,True
1594425600000,2020-07-11,BTCUSDT,9288.34,9299.28,9178.25,9234.03,22561.366,208410250.50959367,413452,9376.446000000002,8458.551000000001,48.773142984845556,258.2636723527695,False,False,True
1594512000000,2020-07-12,BTCUSDT,9234.02,9345.0,9157.5,9302.75,30872.702286,285591381.4915314,484875,9378.918,8469.0416,50.80235308729669,253.2091243275717,False,False,True
1594598400000,2020-07-13,BTCUSDT,9303.31,9343.82,9200.89,9242.62,42740.069115,396614086.7962699,642552,9389.3636,8479.2447,48.97429401514718,245.33204401845944,False,False,True
1594684800000,2020-07-14,BTCUSDT,9242.61,9279.54,9113.0,9255.85,45772.552509,421789086.45494735,613139,9396.4736,8489.250250000001,49.4056755211544,239.70404087428383,False,False,True
1594771200000,2020-07-15,BTCUSDT,9255.85,9276.49,9160.57,9197.6,39053.579665,360201683.4948052,554780,9403.601999999999,8498.65755,47.501526915938314,230.86232366897787,False,False,True
1594857600000,2020-07-16,BTCUSDT,9197.6,9226.15,9047.25,9133.72,43375.571191,395883667.0248003,681807,9402.195,8507.38495,45.433510631588604,227.15072912119373,False,False,True
1594944000000,2020-07-17,BTCUSDT,9133.72,9186.83,9089.81,9154.32,28054.358741,256360345.57676795,470991,9393.7636,8516.92655,46.24623313277122,217.85567704110852,False,False,True
1595030400000,2020-07-18,BTCUSDT,9154.31,9219.3,9121.1,9170.28,22554.541457,206628105.3627889,430377,9388.627799999998,8526.8018,46.90603235782273,209.30884296674355,False,False,True
1595116800000,2020-07-19,BTCUSDT,9170.3,9232.27,9101.35,9208.99,26052.019417,238521988.0313255,440449,9378.8532,8536.8425,48.55540069906093,203.70963989769047,False,False,True
1595203200000,2020-07-20,BTCUSDT,9208.99,9221.52,9131.0,9160.78,35458.764082,325297289.27265835,557096,9373.1034,8547.81785,46.613260407931534,195.62466561928403,False,False,True
1595289600000,2020-07-21,BTCUSDT,9160.78,9437.73,9152.8,9390.0,60413.582486,563360524.7994282,782959,9356.888,8558.04305,55.68852546018182,202.00361807504947,True,True,False
1595376000000,2020-07-22,BTCUSDT,9390.0,9544.0,9261.0,9518.16,48815.004107,457776105.6155714,663029,9356.890399999998,8568.863299999999,59.80291281852204,207.78907392683166,False,False,False
1595462400000,2020-07-23,BTCUSDT,9518.16,9664.0,9440.33,9603.27,51856.2335,494282948.7336824,735371,9355.631,8580.0859,62.30598919047786,208.92342578920085,False,False,False
1595548800000,2020-07-24,BTCUSDT,9603.27,9637.0,9463.44,9537.8,43931.136205,419240263.5218282,677725,9350.6058,8588.9849,59.249581807607065,206.3974668042579,False,False,False
1595635200000,2020-07-25,BTCUSDT,9538.1,9732.9,9513.0,9700.42,40679.545416,391431695.7168218,675222,9352.191,8596.7606,63.976553532536805,207.3619334610966,False,False,False
1595721600000,2020-07-26,BTCUSDT,9700.42,10111.0,9650.0,9931.54,65279.269319,644607634.4817771,945611,9357.495799999999,8606.1384,69.4079103316672,225.4789382138754,False,False,False
1595808000000,2020-07-27,BTCUSDT,9931.54,11394.86,9917.21,11029.96,150188.933144,1580355372.0991795,1901088,9383.155200000001,8622.1994,82.73274730184954,314.9197283414558,False,False,False
1595894400000,2020-07-28,BTCUSDT,11029.96,11242.23,10565.0,10906.27,97267.734187,1065375500.1891888,1475636,9405.640399999998,8635.745649999999,78.58199650345682,340.79903345992324,False,False,False
1595980800000,2020-07-29,BTCUSDT,10906.27,11342.82,10812.0,11100.53,76838.094233,853242253.6158236,1127302,9432.2024,8651.14825,80.25728486495565,354.3719596413573,False,False,False
1596067200000,2020-07-30,BTCUSDT,11100.52,11170.0,10831.0,11099.61,60794.826456,669779541.8872833,879960,9456.4946,8665.7214,80.22528037162976,353.2739625241175,False,False,False
1596153600000,2020-07-31,BTCUSDT,11099.79,11444.0,10960.0,11335.46,70063.660974,786344325.8552314,971584,9497.595800000001,8681.847,82.18642782032983,362.6115366295377,False,False,False
1596240000000,2020-08-01,BTCUSDT,11335.46,11861.0,11220.0,11801.17,85087.485126,987817017.3186324,1174252,9544.3166,8696.8028,85.28890903053562,382.496426870285,False,False,False
1596326400000,2020-08-02,BTCUSDT,11801.17,12123.46,10518.5,11071.35,97553.077604,1105757335.5281618,1459900,9576.2768,8708.0525,65.91465444520692,469.81525352240743,False,False,False
1596412800000,2020-08-03,BTCUSDT,11071.36,11473.0,10936.0,11219.81,56931.841475,641127593.2614517,919185,9613.831,8720.5515,67.53045241974112,474.6141639850926,False,False,False
1596499200000,2020-08-04,BTCUSDT,11219.68,11414.98,11000.0,11191.97,58629.113709,658084242.6797222,863692,9649.15,8731.94495,66.89009035117928,470.35458084330025,False,False,False
1596585600000,2020-08-05,BTCUSDT,11191.99,11780.93,11093.0,11744.91,74970.256852,861433645.4244397,964637,9693.5364,8746.0897,72.47318899611668,485.895682211636,False,False,False
1596672000000,2020-08-06,BTCUSDT,11744.91,11900.0,11562.5,11762.46,63529.08502,746479211.7155949,919918,9739.4828,8761.3935,72.63093597377008,475.29599062509055,False,False,False
1596758400000,2020-08-07,BTCUSDT,11762.47,11909.94,11322.0,11594.23,65755.926022,767005529.2821208,940045,9783.641,8776.1529,68.57419858824726,483.341991294727,False,False,False
1596844800000,2020-08-08,BTCUSDT,11594.36,11808.27,11512.0,11761.41,41858.16104,489087264.3602809,779318,9832.6646,8791.2798,70.34672793818294,469.9797062022466,False,False,False
1596931200000,2020-08-09,BTCUSDT,11761.02,11797.11,11521.97,11681.68,41493.067342,483708602.8963804,853386,9879.119200000001,8806.2764,68.36624579068445,456.0625843306576,False,False,False
1597017600000,2020-08-10,BTCUSDT,11681.69,12067.35,11450.0,11892.92,84952.337887,1009169063.3832128,1340835,9931.0838,8823.7184,70.71837553954173,467.58311402132495,False,False,False
1597104000000,2020-08-11,BTCUSDT,11892.9,11935.0,11125.0,11392.08,90748.284634,1049615697.1379416,1343979,9965.2116,8838.4838,59.43453501403891,492.0414630198017,False,False,False
1597190400000,2020-08-12,BTCUSDT,11392.09,11617.52,11150.0,11564.33,64909.613644,743303608.0999826,1104096,10004.0004,8854.60255,61.698084849408396,490.28992994695875,False,False,False
1597276800000,2020-08-13,BTCUSDT,11564.34,11792.96,11270.36,11780.0,70132.491502,809611114.2132485,1243382,10053.670600000001,8870.42755,64.37826428371659,492.5977920936044,False,False,False
1597363200000,2020-08-14,BTCUSDT,11779.77,11850.0,11634.03,11760.54,59818.852697,702273220.6964157,1011746,10103.8916,8884.6924,63.9434764275967,472.83866408691836,False,False,False
1597449600000,2020-08-15,BTCUSDT,11760.55,11980.0,11680.0,11852.4,56237.90505,667446824.0641296,1018956,10157.695399999999,8897.083349999999,65.14029984414974,460.4930452235671,False,False,False
1597536000000,2020-08-16,BTCUSDT,11852.4,11931.72,11686.0,11911.0,41368.236906,489731524.6369436,790240,10215.6754,8910.130700000002,65.91750113563967,445.1521134218837,False,False,False
1597622400000,2020-08-17,BTCUSDT,11910.99,12468.0,11769.78,12281.13,84734.21154,1026883452.894772,1210228,10278.971,8923.970299999999,70.40558515242549,463.22839103460626,False,False,False
1597708800000,2020-08-18,BTCUSDT,12281.15,12387.77,11817.93,11945.01,75923.835527,920402307.1768104,1189390,10334.02,8936.9309,62.373072171461274,470.84350596070584,False,False,False
1597795200000,2020-08-19,BTCUSDT,11945.1,12020.08,11561.0,11754.59,73940.169606,870612801.5295693,1258060,10386.3408,8948.7808,58.31405878709205,470.00325553494116,False,False,False
1597881600000,2020-08-20,BTCUSDT,11754.38,11888.0,11668.0,11853.55,46085.254351,543576025.0485107,798027,10438.7718,8961.391,59.77896037204453,452.14588013958826,False,False,False
1597968000000,2020-08-21,BTCUSDT,11853.54,11878.0,11485.81,11531.34,64448.306142,755451999.6540914,1189668,10487.667800000001,8972.5865,53.221039103660104,447.8633172724749,False,False,False
1598054400000,2020-08-22,BTCUSDT,11531.23,11686.0,11376.81,11662.96,43678.701646,504305451.410864,809328,10539.7618,8984.9162,55.37464901091818,437.958080324441,False,False,False
1598140800000,2020-08-23,BTCUSDT,11663.51,11718.07,11514.13,11648.13,37900.00469,440406018.65187865,627352,10590.0152,8995.09665,55.06703077474534,421.24250315840953,False,False,False
1598227200000,2020-08-24,BTCUSDT,11648.12,11824.9,11585.09,11748.2,46212.391867,542298951.538298,656584,10643.590999999999,9004.97765,56.810547901777845,408.28303864709454,False,False,False
1598313600000,2020-08-25,BTCUSDT,11748.19,11767.85,11117.64,11318.42,69590.923272,797034671.6452801,996668,10683.0754,9012.501100000001,48.16622983259109,425.5635358865879,False,False,False
1598400000000,2020-08-26,BTCUSDT,11318.42,11539.32,11244.0,11461.43,53998.231231,615452789.9673375,862654,10727.156200000001,9020.333,50.8463977251969,416.26042618040304,False,False,False
1598486400000,2020-08-27,BTCUSDT,11461.42,11592.2,11125.0,11330.38,63246.036383,717474981.6640126,959270,10765.0426,9026.22615,48.37779841109411,419.8989671675172,False,False,False
1598572800000,2020-08-28,BTCUSDT,11330.38,11542.65,11276.89,11526.91,45953.908365,525606229.654251,719985,10810.9322,9034.60155,52.13115538546088,408.889040941266,False,False,False
1598659200000,2020-08-29,BTCUSDT,11526.9,11580.02,11417.04,11465.84,32973.7992,379228275.2707224,611834,10854.482200000002,9040.815349999999,50.89286083252878,391.32410944546126,False,False,False
1598745600000,2020-08-30,BTCUSDT,11465.84,11719.0,11458.0,11711.16,43177.879054,501375342.93503886,756541,10904.0248,9047.73885,55.46880465964452,382.0152444850712,False,False,False
1598832000000,2020-08-31,BTCUSDT,11711.17,11800.77,11570.0,11649.51,55353.617744,646723855.5714536,822062,10950.96,9054.83825,54.10436858991545,371.2120127361376,False,False,False
1598918400000,2020-09-01,BTCUSDT,11649.51,12050.85,11515.0,11921.97,78148.193668,928047313.4889666,1321492,11004.546999999999,9062.7263,58.91440456767696,382.97186896927064,False,False,False
1599004800000,2020-09-02,BTCUSDT,11921.97,11954.57,11160.1,11388.54,87221.845602,1005391012.1338753,1373524,11047.2008,9070.145400000001,48.25207026545395,412.3645926143227,False,False,False
1599091200000,2020-09-03,BTCUSDT,11388.54,11462.6,9960.8,10140.85,121950.106015,1325106403.3158674,1611610,11066.065799999998,9071.263299999999,33.14302821501191,490.18140742758544,False,False,True
1599177600000,2020-09-04,BTCUSDT,10138.29,10627.05,9875.5,10446.25,92733.599113,959925718.3512752,1434860,11092.3164,9074.964549999999,38.240683683282086,508.8505926113293,False,False,True
1599264000000,2020-09-05,BTCUSDT,10446.25,10565.68,9825.0,10166.69,90001.605568,917578408.8761182,1476782,11112.563800000002,9074.97445,35.56727672374596,525.4098359962344,False,False,True
1599350400000,2020-09-06,BTCUSDT,10166.69,10347.14,9994.86,10256.2,56368.788815,574903000.2351745,1053192,11134.2822,9078.2865,37.08391606728513,513.0434191393605,False,False,True
1599436800000,2020-09-07,BTCUSDT,10255.89,10410.75,9875.0,10373.44,62620.230676,634278537.8151095,927363,11157.5712,9082.1716,39.10573004538602,514.6653177722633,False,False,True
1599523200000,2020-09-08,BTCUSDT,10373.45,10438.0,9850.0,10126.65,73491.878418,742947901.9712393,1048125,11176.8886,9084.4196,36.45040152622683,519.9035093599588,False,False,True
1599609600000,2020-09-09,BTCUSDT,10126.66,10343.0,9981.01,10219.2,49347.113776,503082625.2147909,755560,11193.472600000001,9087.261299999998,38.14659361228624,508.6239729771046,False,False,True
1599696000000,2020-09-10,BTCUSDT,10219.29,10483.35,10070.83,10336.87,58253.75375,602390078.4922807,851877,11209.8468,9089.26365,40.327371349171756,501.75940347874007,False,False,True
1599782400000,2020-09-11,BTCUSDT,10336.86,10397.6,10200.0,10387.89,43830.254467,451241002.66033614,637869,11225.5392,9092.92245,41.29384672004088,480.0337318016873,False,False,True
1599868800000,2020-09-12,BTCUSDT,10387.89,10477.97,10269.25,10440.92,35379.153096,366912671.4437269,577724,11243.601600000002,9098.54785,42.33919776657935,460.6541795301382,False,False,True
1599955200000,2020-09-13,BTCUSDT,10440.67,10580.11,10200.0,10332.83,43837.609865,455338605.3291489,692439,11256.2498,9106.28575,40.746556305348314,454.9010238494141,False,False,True
1600041600000,2020-09-14,BTCUSDT,10332.84,10750.0,10212.34,10671.77,67059.291361,706175591.3866128,828957,11271.0544,9115.528549999999,47.425019059382386,460.8123792887417,False,False,True
1600128000000,2020-09-15,BTCUSDT,10671.77,10930.04,10606.48,10785.31,61822.452786,666457161.1491377,893852,11266.161399999999,9125.990549999999,49.479223563247466,451.0086379109745,False,False,True
1600214400000,2020-09-16,BTCUSDT,10785.23,11093.0,10661.22,10954.01,64991.51244,708644989.4830699,884153,11267.116199999999,9138.14255,52.45190615854335,449.6351637744764,False,False,True
1600300800000,2020-09-17,BTCUSDT,10954.01,11045.46,10745.83,10939.99,55601.614529,605010288.7799246,829137,11263.9054,9150.1831,52.17713171332027,438.9205092191566,False,False,True
1600387200000,2020-09-18,BTCUSDT,10940.0,11038.03,10812.84,10933.39,47266.728275,516147935.6692284,717371,11260.580999999998,9160.27385,52.03892663558278,423.65404427493115,False,False,True
1600473600000,2020-09-19,BTCUSDT,10933.4,11179.79,10887.37,11080.65,38440.036858,423651901.1577304,620127,11255.4848,9171.876750000001,54.90879007134538,414.28018396957896,False,False,True
1600560000000,2020-09-20,BTCUSDT,11080.64,11080.64,10723.0,10920.28,39157.922565,426815210.7555122,646329,11237.867000000002,9182.7238,51.30813451507209,410.2351708288947,False,False,True
1600646400000,2020-09-21,BTCUSDT,10920.28,10988.86,10296.35,10417.22,70683.431179,751020795.2358837,1028531,11224.784399999999,9189.5365,42.003373608993215,430.39765862683083,False,False,True
1600732800000,2020-09-22,BTCUSDT,10417.22,10572.71,10353.0,10529.61,43991.235476,460362500.7284081,738576,11210.9804,9196.52515,44.428121760740616,415.3485401534857,False,False,True
1600819200000,2020-09-23,BTCUSDT,10529.61,10537.15,10136.82,10241.46,51876.568079,539362015.157462,774391,11191.9702,9203.29915,39.83029062872751,414.2757872853796,False,False,True
1600905600000,2020-09-24,BTCUSDT,10241.46,10795.24,10190.93,10736.32,57676.619427,604520870.055638,789282,11171.798400000001,9216.814199999999,49.496663508636786,427.8496596221382,False,False,True
1600992000000,2020-09-25,BTCUSDT,10736.33,10760.53,10556.24,10686.67,48101.117008,512647249.14932007,733430,11150.2826,9230.5982,48.65214493127735,411.8811125062712,False,False,True
1601078400000,2020-09-26,BTCUSDT,10686.57,10820.94,10644.68,10728.6,28420.836659,304511477.68085533,502670,11132.97,9244.768399999999,49.436763248383,395.0510330415376,False,False,True
1601164800000,2020-09-27,BTCUSDT,10728.59,10799.0,10594.82,10774.25,30549.483253,327169249.4549957,516004,11113.226800000002,9258.96705,50.326701226973015,381.41738782428496,False,False,True
1601251200000,2020-09-28,BTCUSDT,10774.26,10950.0,10626.0,10696.12,50095.251734,544463219.5978093,686664,11093.5156,9288.44765,48.74538014373359,377.3161458368361,False,False,True
1601337600000,2020-09-29,BTCUSDT,10696.11,10867.54,10635.87,10840.48,41874.898399,449345822.46022886,587576,11072.4668,9314.75705,51.76137273060472,366.9128497056335,False,False,True
1601424000000,2020-09-30,BTCUSDT,10840.58,10849.34,10665.13,10776.59,39596.027322,425279696.28526336,595383,11060.157,9342.779700000001,50.34928633114862,353.8626461552312,False,False,True
1601510400000,2020-10-01,BTCUSDT,10776.59,10920.0,10437.0,10619.13,60866.332893,652168989.4617349,794855,11041.253,9369.06885,46.94981478574051,363.086742858429,False,False,True
1601596800000,2020-10-02,BTCUSDT,10619.13,10664.64,10374.0,10570.4,50130.393705,526864379.3093653,777193,11017.061000000002,9396.776,45.91658127290474,357.9119755113983,False,False,True
1601683200000,2020-10-03,BTCUSDT,10570.4,10603.56,10496.46,10542.06,22298.221341,235160884.60853612,381329,10992.6914,9422.9231,45.29230455627403,339.9968344034413,False,False,True
1601769600000,2020-10-04,BTCUSDT,10542.07,10696.87,10517.87,10666.63,23212.001595,246252050.90681076,377553,10968.975999999999,9449.29105,48.600311277193065,328.4970605174812,False,False,True
1601856000000,2020-10-05,BTCUSDT,10666.62,10798.0,10615.64,10792.21,34025.761653,364158510.2379805,483340,10946.6002,9472.44025,51.766648047602764,318.0586990519469,False,False,True
1601942400000,2020-10-06,BTCUSDT,10792.2,10800.0,10525.0,10599.66,48674.740471,520051256.0821992,734526,10912.9708,9494.39675,46.98713842972651,314.9830776910936,False,False,True
1602028800000,2020-10-07,BTCUSDT,10599.65,10681.87,10546.17,10666.39,32811.990279,348298562.85686266,503440,10887.398399999998,9516.7938,48.753028976342414,302.17714357030127,False,False,True
1602115200000,2020-10-08,BTCUSDT,10666.4,10950.0,10530.41,10925.57,51959.691572,559311760.4414803,659291,10870.818000000001,9542.340699999999,55.02011832989777,310.5637761724226,True,True,False
1602201600000,2020-10-09,BTCUSDT,10925.44,11104.64,10829.0,11050.64,48240.073237,530822321.5162346,635681,10854.759800000002,9565.25735,57.707895901637436,308.0692207315352,False,False,False
1602288000000,2020-10-10,BTCUSDT,11050.64,11491.0,11050.51,11293.22,43648.036943,494785212.2308736,698561,10849.9974,9587.99985,62.40078527774244,317.52784782213985,False,False,False
1602374400000,2020-10-11,BTCUSDT,11293.22,11445.0,11221.0,11369.02,29043.851339,329927755.03808504,509714,10844.118600000002,9611.4578,63.754220173174744,310.8472872634156,False,False,False
1602460800000,2020-10-12,BTCUSDT,11369.02,11720.01,11172.0,11528.25,52825.28371,604779845.7920177,740823,10841.721000000001,9635.41225,66.48355557500193,327.7874810303145,False,False,False
1602547200000,2020-10-13,BTCUSDT,11528.24,11557.0,11300.0,11420.56,42205.283709,482663390.7240357,618262,10835.1682,9660.719500000001,63.02686631533914,322.731232385292,False,False,False
1602633600000,2020-10-14,BTCUSDT,11420.57,11547.98,11280.0,11417.89,41415.106015,472007015.72093433,590025,10837.1576,9686.625699999999,62.939490770845296,318.82043007205687,False,False,False
1602720000000,2020-10-15,BTCUSDT,11417.89,11617.34,11250.83,11505.12,48760.717679,556436445.5576282,662386,10838.0314,9714.744200000001,64.6630739333178,322.2268279240528,False,False,False
1602806400000,2020-10-16,BTCUSDT,11505.13,11541.15,11200.0,11319.32,48797.749502,553211001.6122569,693210,10837.810199999998,9739.3689,58.42975373250366,323.5784830723348,False,False,False
1602892800000,2020-10-17,BTCUSDT,11319.24,11402.42,11255.0,11360.2,22368.915241,253582775.96265447,365973,10834.476,9764.117699999999,59.35805184844316,310.9957342814538,False,False,False
1602979200000,2020-10-18,BTCUSDT,11360.31,11505.0,11346.22,11503.14,23284.041191,266150824.34809864,346946,10835.222,9788.4188,62.51046077318923,300.1231818327785,False,False,False
1603065600000,2020-10-19,BTCUSDT,11503.14,11823.99,11407.96,11751.47,47414.534692,550728683.7992793,650960,10836.0282,9813.205699999999,67.26148362623104,308.40224027329435,False,False,False
1603152000000,2020-10-20,BTCUSDT,11751.46,12038.38,11677.59,11909.99,62134.750663,737425592.0819716,906111,10841.2378,9839.08515,69.88508704128964,312.14422311091613,False,False,False
1603238400000,2020-10-21,BTCUSDT,11910.0,13217.68,11886.95,12780.96,114584.456767,1437122186.6339955,1453620,10858.4176,9868.705,79.57174976110404,384.900350031565,False,False,False
1603324800000,2020-10-22,BTCUSDT,12780.75,13185.0,12678.08,12968.52,70038.824144,905778888.8702904,1035811,10890.0172,9899.6837,80.98982839764267,393.61603931502464,False,False,False
1603411200000,2020-10-23,BTCUSDT,12968.84,13027.69,12720.08,12923.07,50386.999841,650680239.1101469,699313,10945.661600000001,9927.64955,79.54877201939101,387.47275079252296,False,False,False
1603497600000,2020-10-24,BTCUSDT,12923.06,13166.73,12870.0,13111.73,35952.20907,468299521.7696653,536821,10998.971200000002,9957.2216,81.05559452994396,380.9911257359142,False,False,False
1603584000000,2020-10-25,BTCUSDT,13111.73,13350.0,12888.0,13028.83,38481.579504,502672049.2290516,610498,11056.214,9985.559350000001,78.32472487684427,386.7774738976346,False,False,False
1603670400000,2020-10-26,BTCUSDT,13029.64,13238.81,12765.0,13052.19,60951.672986,794395722.4533454,818144,11112.133800000001,10014.4026,78.54409016276239,392.9940829049464,False,False,False
1603756800000,2020-10-27,BTCUSDT,13052.15,13789.29,13019.87,13636.17,80796.553996,1085214437.7511137,1003550,11177.388399999998,10048.28885,83.13833020527068,419.88164841173597,False,False,False
1603843200000,2020-10-28,BTCUSDT,13636.16,13859.48,12888.0,13266.4,94440.561226,1263487952.9951568,1234511,11240.183399999998,10080.236700000001,72.54584909317633,459.28153066804055,False,False,False
1603929600000,2020-10-29,BTCUSDT,13266.4,13642.91,12920.77,13455.7,74872.602132,997867948.8609744,1008433,11304.913400000001,10112.99625,74.34772900614797,478.0571356203234,False,False,False
1604016000000,2020-10-30,BTCUSDT,13455.69,13669.98,13115.0,13560.1,70657.778881,946818817.5575092,1060387,11369.378,10146.6072,75.31016228331431,483.5516259331574,False,False,False
1604102400000,2020-10-31,BTCUSDT,13560.1,14100.0,13411.5,13791.0,67339.238515,927048458.5423616,1022202,11437.440200000001,10181.2187,77.33550694100032,498.1907955093605,False,False,False
1604188800000,2020-11-01,BTCUSDT,13791.0,13895.0,13603.0,13761.5,36285.648526,499124369.0753264,606248,11503.851800000002,10216.92,76.47239296281344,483.4628815444062,False,False,False
1604275200000,2020-11-02,BTCUSDT,13761.49,13830.0,13195.05,13549.37,64566.421908,873629993.8313928,869850,11568.1826,10249.15715,70.38883371379032,494.28339000552006,False,False,False
1604361600000,2020-11-03,BTCUSDT,13549.63,14066.11,13284.99,14023.53,74115.630787,1009402087.7104616,1052569,11635.2178,10284.137050000001,75.14791752983041,514.7717192908401,False,False,False
1604448000000,2020-11-04,BTCUSDT,14023.53,14259.0,13525.0,14144.01,93016.988262,1293872665.4179618,1212959,11702.3918,10318.6141,76.19483804198372,530.4308821986373,False,False,False
1604534400000,2020-11-05,BTCUSDT,14144.01,15750.0,14093.56,15590.02,143741.522673,2131865609.2908912,1736055,11795.112,10360.960500000001,84.58706587916558,610.8601048987347,False,False,False
1604620800000,2020-11-06,BTCUSDT,15590.02,15960.0,15166.0,15579.92,122618.197695,1909660728.8229203,1654968,11887.910600000001,10404.72595,84.36335108304876,623.9415259773965,False,False,False
1604707200000,2020-11-07,BTCUSDT,15579.93,15753.52,14344.22,14818.3,101431.206553,1536510177.0914736,1557021,11965.608800000002,10444.6106,69.44747242847083,680.038559836154,False,False,False
1604793600000,2020-11-08,BTCUSDT,14818.3,15650.0,14703.88,15475.1,65547.178574,998031373.8397804,998773,12053.497800000001,10486.3604,73.75664478707995,699.0443769907146,False,False,False
1604880000000,2020-11-09,BTCUSDT,15475.1,15840.0,14805.54,15328.41,108976.334134,1670447935.514179,1505441,12141.660399999999,10525.5905,71.33666590475445,723.0026357770921,False,False,False
1604966400000,2020-11-10,BTCUSDT,15328.41,15460.0,15072.46,15297.21,61681.919606,943615126.0891504,1093466,12239.2602,10564.55155,70.80454499009252,699.0410189358714,False,False,False
1605052800000,2020-11-11,BTCUSDT,15297.21,15965.0,15272.68,15684.24,78469.746458,1226425496.3618553,1247167,12342.3528,10605.2794,73.45020156426831,698.5609461547377,False,False,False
1605139200000,2020-11-12,BTCUSDT,15684.25,16340.7,15440.64,16291.86,102196.356592,1628755508.6741984,1472049,12463.3608,10648.273200000001,76.97750429910502,712.9537357151137,False,False,False
1605225600000,2020-11-13,BTCUSDT,16291.85,16480.0,15952.35,16320.7,75691.881014,1230358611.1248894,1208773,12575.048399999998,10691.003599999998,77.13279394194443,699.7177545926055,False,False,False
1605312000000,2020-11-14,BTCUSDT,16320.04,16326.99,15670.0,16070.45,59116.347179,944765868.609419,931424,12682.724000000002,10732.66095,72.55931406532366,696.6657721217051,False,False,False
1605398400000,2020-11-15,BTCUSDT,16069.56,16180.0,15774.72,15957.0,43596.841513,696651729.7452534,854441,12787.292,10768.553100000001,70.51794077138932,675.8525026844405,False,False,False
1605484800000,2020-11-16,BTCUSDT,15957.0,16880.0,15864.0,16713.57,81300.675924,1335728013.9057603,1202386,12906.078399999999,10809.02095,75.47351391910502,700.1487524926948,False,False,False
1605571200000,2020-11-17,BTCUSDT,16713.08,17858.82,16538.0,17659.38,115221.403102,1982752071.450512,1646652,13045.343599999998,10853.183050000001,79.999527059046,744.4824130289309,False,False,False
1605657600000,2020-11-18,BTCUSDT,17659.38,18476.93,17214.45,17776.12,149019.788134,2663337935.500298,2091832,13184.0564,10897.203399999999,80.47837423791496,781.4822406697215,False,False,False
1605744000000,2020-11-19,BTCUSDT,17777.75,18179.8,17335.65,17802.82,93009.561008,1656794228.8537636,1513304,13324.581,10941.746700000002,80.5928188583261,785.9585091933127,False,False,False
1605830400000,2020-11-20,BTCUSDT,17802.81,18815.22,17740.04,18655.67,88423.018489,1623135138.5910714,1444692,13485.3118,10990.665250000002,83.84972596414167,806.6171871080761,False,False,False
1605916800000,2020-11-21,BTCUSDT,18655.66,18965.9,18308.58,18703.8,75577.458394,1413641591.284171,1451352,13647.9798,11039.0751,84.01278453500979,795.9531023146421,False,False,False
1606003200000,2020-11-22,BTCUSDT,18703.8,18750.0,17610.86,18414.43,81645.737778,1497662550.0540428,1528524,13805.4272,11085.43265,78.85776265478441,820.4664521493105,False,False,False
1606089600000,2020-11-23,BTCUSDT,18413.88,18766.0,18000.0,18368.0,82961.506093,1529064319.6694436,1629379,13959.4546,11127.34065,78.03043220479664,816.5759912815026,False,False,False
1606176000000,2020-11-24,BTCUSDT,18368.01,19418.97,18018.0,19160.01,113581.509241,2145301450.4579408,2179862,14126.810599999999,11174.14065,81.58044800145103,858.3184204756811,False,False,False
1606262400000,2020-11-25,BTCUSDT,19160.0,19484.21,18500.27,18719.11,93266.576887,1774870796.288233,1785408,14289.1996,11220.039200000001,74.37547070274303,867.2913904417038,False,False,False
1606348800000,2020-11-26,BTCUSDT,18718.83,18915.03,16188.0,17149.47,181005.246693,3127314143.1045747,2770483,14418.861200000001,11262.172700000001,55.56199606356029,1000.1298625530105,False,False,False
1606435200000,2020-11-27,BTCUSDT,17149.47,17457.62,16438.08,17139.52,85297.024787,1446670351.435088,1572299,14543.1402,11305.0627,55.46621590989312,1001.516300942081,False,False,False
1606521600000,2020-11-28,BTCUSDT,17139.53,17880.49,16865.56,17719.85,64910.69997,1128061605.107225,1209385,14676.5244,11349.608,59.817082622343875,1002.4744223033609,False,False,False
1606608000000,2020-11-29,BTCUSDT,17719.84,18360.05,17517.0,18184.99,55329.016303,996743798.8649216,1141289,14814.3598,11393.986099999998,62.94215241255594,991.0869635674065,False,False,False
1606694400000,2020-11-30,BTCUSDT,18185.0,19863.16,18184.99,19695.87,115463.466888,2205929119.505336,1744149,14980.896799999999,11443.50555,70.86762423814152,1040.1643233125917,False,False,False
1606780800000,2020-12-01,BTCUSDT,19695.87,19888.0,18001.12,18764.96,127698.762652,2446070334.8287983,2023802,15125.631,11490.748249999999,62.06070440894623,1100.6440145045494,False,False,False
1606867200000,2020-12-02,BTCUSDT,18764.96,19342.0,18330.0,19204.09,75911.013478,1436895344.8259497,1566635,15281.301599999999,11539.862350000001,64.31363873665437,1094.3122991827959,False,False,False
1606953600000,2020-12-03,BTCUSDT,19204.08,19598.0,18867.2,19421.9,66689.391279,1286548310.8267057,1242229,15441.3818,11588.57165,65.41079684470594,1068.3471349554534,False,False,False
1607040000000,2020-12-04,BTCUSDT,19422.34,19527.0,18565.31,18650.52,71283.6682,1358079975.025498,1286657,15584.2898,11633.1546,58.54583402746899,1060.728768172921,False,False,False
1607126400000,2020-12-05,BTCUSDT,18650.51,19177.0,18500.0,19147.66,42922.748573,813445434.1308142,932124,15740.856600000001,11680.015249999999,61.36042993480757,1033.319570446284,False,False,False
1607212800000,2020-12-06,BTCUSDT,19147.66,19420.0,18857.0,19359.4,37043.091861,709558933.5829058,820382,15900.840600000001,11729.2551,62.52742831479922,999.7253154144065,False,False,False
1607299200000,2020-12-07,BTCUSDT,19358.67,19420.91,18902.88,19166.9,41372.296293,793517668.6839459,840954,16054.115799999998,11779.74635,60.73159845641971,965.3185071705202,False,False,False
1607385600000,2020-12-08,BTCUSDT,19166.9,19294.84,18200.0,18324.11,61626.947614,1160658077.404659,1143181,16185.5686,11825.516899999999,53.48844161429947,974.570042372626,False,False,False
1607472000000,2020-12-09,BTCUSDT,18324.11,18639.57,17650.0,18541.28,79585.553801,1450130664.0645845,1302476,16318.1944,11872.327550000002,54.97848337114711,975.6414679174384,False,False,False
1607558400000,2020-12-10,BTCUSDT,18541.29,18557.32,17911.12,18254.63,52890.675094,966149529.000607,891151,16427.6678,11919.999000000002,52.58391488461012,952.1099344947644,False,False,False
1607644800000,2020-12-11,BTCUSDT,18254.81,18292.73,17572.33,18036.53,72610.724259,1301081647.3079,1117810,16529.028000000002,11965.6799,50.77196217772471,935.5592248879954,False,False,False
1607731200000,2020-12-12,BTCUSDT,18036.53,18948.66,18020.7,18808.69,49519.978432,915552835.9061832,891810,16646.7404,12015.51745,56.488514355102005,935.0164231102814,False,False,False
1607817600000,2020-12-13,BTCUSDT,18808.69,19411.0,18711.12,19174.99,56560.821744,1083520569.094854,938022,16768.0056,12065.37205,58.92526303267076,918.2209643166899,False,False,False
1607904000000,2020-12-14,BTCUSDT,19174.99,19349.0,19000.0,19273.14,47257.201294,906101687.739595,842382,16892.8918,12113.8583,59.578480117317234,877.562324008355,False,False,False
1607990400000,2020-12-15,BTCUSDT,19273.69,19570.0,19050.0,19426.43,61834.366011,1196361527.9258018,1046423,17020.3766,12163.8551,60.631507660903075,852.0221580077582,False,False,False
1608076800000,2020-12-16,BTCUSDT,19426.43,21560.0,19278.6,21335.52,114306.33557,2325135958.6418405,1659135,17174.3636,12222.0441,70.82521251232188,954.1205752929184,False,False,False
1608163200000,2020-12-17,BTCUSDT,21335.52,23800.0,21230.0,22797.16,184882.476748,4196645567.4258766,2795084,17364.9788,12288.78855,75.95799299772166,1069.540534200567,False,False,False
1608249600000,2020-12-18,BTCUSDT,22797.15,23285.18,22350.0,23107.39,79646.134315,1820875361.2945976,1613775,17558.0126,12353.32165,76.88743273117213,1059.943353186241,False,False,False
1608336000000,2020-12-19,BTCUSDT,23107.39,24171.47,22750.0,23821.61,86045.064677,2018969878.8868675,1678611,17763.2428,12424.8395,78.9089676649817,1085.7666851015097,False,False,False
1608422400000,2020-12-20,BTCUSDT,23821.6,24295.0,23060.0,23455.52,76690.145685,1810862074.730308,1743225,17956.533199999998,12493.7859,75.27465427607552,1096.426207594259,False,False,False
1608508800000,2020-12-21,BTCUSDT,23455.54,24102.77,21815.0,22719.71,88030.297243,2035446293.9289708,1593949,18135.6974,12558.43915,68.45069569825124,1181.5221927660978,False,False,False
1608595200000,2020-12-22,BTCUSDT,22719.88,23837.1,22353.4,23810.79,87033.12616,2010758620.2435267,1496277,18340.925799999997,12629.3873,72.44036313326309,1203.1063218542336,False,False,False
1608681600000,2020-12-23,BTCUSDT,23810.79,24100.0,22600.0,23232.76,119047.259733,2797688007.071879,2194611,18525.110399999998,12697.2196,67.5656262140062,1224.3130131503597,False,False,False
1608768000000,2020-12-24,BTCUSDT,23232.39,23794.43,22703.42,23729.2,69013.834252,1602394244.0767715,1421257,18716.8142,12767.13065,69.46606716900618,1214.7913693539056,False,False,False
1608854400000,2020-12-25,BTCUSDT,23728.99,24789.86,23433.6,24712.47,79519.943569,1919766316.667737,1504426,18899.2632,12841.78295,72.85823724658486,1224.8962715429125,False,False,False
1608940800000,2020-12-26,BTCUSDT,24712.47,26867.03,24500.0,26493.39,97806.513386,2496533065.175581,1735574,19117.5326,12925.38775,77.69224227499755,1306.4772521469902,False,False,False
1609027200000,2020-12-27,BTCUSDT,26493.4,28422.0,25700.0,26281.66,148455.586214,4028928683.882025,2438493,19346.7998,13007.37105,75.96012462860999,1407.5860198507764,False,False,False
1609113600000,2020-12-28,BTCUSDT,26281.54,27500.0,26101.0,27079.41,79721.742496,2151806808.5743523,1508204,19578.886,13096.366100000001,77.95442369338117,1406.972732718578,False,False,False
1609200000000,2020-12-29,BTCUSDT,27079.42,27410.0,25880.0,27385.0,69411.592606,1851617219.7682345,1605166,19820.0178,13185.965450000002,78.68391890657968,1415.7603946672511,False,False,False
1609286400000,2020-12-30,BTCUSDT,27385.0,28996.0,27320.0,28875.54,95356.057826,2683953237.460271,1916095,20091.5844,13282.97645,81.84035824212248,1434.3489379053046,False,False,False
1609372800000,2020-12-31,BTCUSDT,28875.55,29300.0,27850.0,28923.63,75508.505152,2173600125.420073,1552793,20356.372199999998,13380.884100000001,81.9333114679038,1435.4668709120688,False,False,False
1609459200000,2021-01-01,BTCUSDT,28923.63,29600.0,28624.57,29331.69,54182.925011,1582526989.1618726,1314910,20617.1688,13480.412450000002,82.74061426212597,1402.6070944183496,False,False,False
1609545600000,2021-01-02,BTCUSDT,29331.7,33300.0,28946.53,32178.33,129993.873362,4073842163.67154,2245922,20934.3214,13593.67615,87.07839476855072,1613.3830162456104,False,False,False
1609632000000,2021-01-03,BTCUSDT,32176.45,34778.11,31962.99,33000.05,120957.56675,4057598425.492016,2369698,21272.913399999998,13711.3507,88.01479937036703,1699.2213722280667,False,False,False
1609718400000,2021-01-04,BTCUSDT,33000.05,33600.0,28130.0,31988.71,140899.88569,4429010349.695345,2642408,21593.547599999998,13824.36265,80.3016855152393,1968.5627027832047,False,False,False
1609804800000,2021-01-05,BTCUSDT,31989.75,34360.0,29900.0,33949.53,116049.997038,3743617144.6469154,2526851,21938.266799999998,13947.559150000001,83.34853923415714,2146.5225097272614,False,False,False
1609891200000,2021-01-06,BTCUSDT,33949.53,36939.21,33288.0,36769.36,127139.20131,4431954248.519615,2591783,22320.4664,14084.611200000001,86.56650510632765,2254.0001876038855,False,False,False
1609977600000,2021-01-07,BTCUSDT,36769.36,40365.0,36300.0,39432.28,132825.700437,5062569943.383372,2814686,22753.5896,14235.299149999999,88.77304147478745,2383.3573170607506,False,False,False
1610064000000,2021-01-08,BTCUSDT,39432.48,41950.0,36500.0,40582.81,139789.957499,5568443208.731365,2925632,23209.1894,14389.784749999999,89.57016226853038,2602.4032229849827,False,False,False
1610150400000,2021-01-09,BTCUSDT,40586.96,41380.0,38720.0,40088.22,75785.979675,3054779029.1617765,1998156,23637.8404,14542.101400000001,86.71972187597893,2606.5172784860556,False,False,False
1610236800000,2021-01-10,BTCUSDT,40088.22,41350.0,35111.11,38150.02,118209.544503,4604034729.507071,2628050,24026.764800000004,14686.369050000001,76.45197292889227,2865.9724728799088,False,False,False
1610323200000,2021-01-11,BTCUSDT,38150.02,38264.74,30420.0,35404.47,249131.539943,8426879770.740009,4431451,24366.5656,14817.14395,64.75562415479638,3221.598724817058,False,False,False
1610409600000,2021-01-12,BTCUSDT,35410.37,36628.0,32531.0,34051.24,133948.151996,4651302423.484116,2674145,24680.2304,14941.589100000001,59.89202728950773,3284.127387330125,False,False,False
1610496000000,2021-01-13,BTCUSDT,34049.15,37850.0,32380.0,37371.38,124477.914938,4322876606.419625,2514289,25044.457799999996,15083.386,66.53344183962263,3440.2611453779737,False,False,False
1610582400000,2021-01-14,BTCUSDT,37371.38,40100.0,36701.23,39144.5,102950.389421,3974826638.1450887,2297466,25452.9656,15233.52675,69.44348918571502,3437.29749213669,False,False,False
1610668800000,2021-01-15,BTCUSDT,39145.21,39747.76,34408.0,36742.22,118300.920916,4371588898.681637,2560801,25844.8206,15371.275050000002,61.62510738988665,3573.1876712697836,False,False,False
1610755200000,2021-01-16,BTCUSDT,36737.43,37950.0,35357.8,35994.98,86348.431508,3178840336.1492844,2066363,26221.929799999998,15505.5572,59.385425278754916,3503.117123321942,False,False,False
1610841600000,2021-01-17,BTCUSDT,35994.98,36852.5,33850.0,35828.61,80157.727384,2843103040.240664,1860642,26584.105,15638.540249999998,58.87239852915521,3467.358757370375,False,False,False
1610928000000,2021-01-18,BTCUSDT,35824.99,37469.83,34800.0,36631.27,70698.11875,2554843260.524399,1707766,26953.030600000002,15776.263900000002,60.63911275530657,3410.3924175582056,False,False,False
1611014400000,2021-01-19,BTCUSDT,36622.46,37850.0,35844.06,35891.49,79611.307769,2935348499.344214,1939371,27276.943000000003,15910.430049999999,58.15936104337348,3310.07438773262,False,False,False
1611100800000,2021-01-20,BTCUSDT,35901.94,36415.31,33400.0,35468.23,89368.422918,3126721093.520776,2234539,27611.0084,16042.0939,56.72995015012444,3289.0197886088613,False,False,False
1611187200000,2021-01-21,BTCUSDT,35468.23,35600.0,30071.0,30850.13,131803.182926,4281220573.9354296,2820752,27843.9292,16150.9975,44.01808234135275,3449.0183751368,False,False,False
1611273600000,2021-01-22,BTCUSDT,30851.99,33826.53,28850.0,32945.17,142971.684049,4483295872.022273,2707810,28114.3946,16269.00235,49.54192516183678,3558.126348341314,False,False,False
1611360000000,2021-01-23,BTCUSDT,32950.0,33456.0,31390.16,32078.0,64595.287675,2089098295.758437,1700056,28382.944199999998,16383.1054,47.45469962778634,3451.5344663169344,False,False,False
1611446400000,2021-01-24,BTCUSDT,32078.0,33071.0,30900.0,32259.9,57978.037966,1864609665.3657017,1528287,28645.189,16497.2246,47.95006972801946,3360.0677187228675,False,False,False
1611532800000,2021-01-25,BTCUSDT,32259.45,34875.0,31910.0,32254.2,88499.226921,2958759288.5635686,2106548,28903.085,16612.33345,47.93481958741525,3331.8485959569484,False,False,False
1611619200000,2021-01-26,BTCUSDT,32254.19,32921.88,30837.37,32467.77,84972.20691,2708545364.494641,2010392,29169.102399999996,16728.2306,48.594516015409354,3242.7529819600236,False,False,False
1611705600000,2021-01-27,BTCUSDT,32464.01,32557.29,29241.72,30366.15,95911.961711,2958081421.641559,2065953,29409.9432,16833.891200000002,42.84191494148931,3247.9541975343077,False,False,False
1611792000000,2021-01-28,BTCUSDT,30362.19,33783.98,29842.1,33364.86,92621.145617,2953553214.065682,2060660,29706.4148,16954.20175,51.63897321080679,3297.5203262818577,False,False,False
1611878400000,2021-01-29,BTCUSDT,33368.18,38531.9,31915.4,34252.2,231827.005626,8195593336.228466,4403349,30026.366199999997,17079.24965,53.89997662726907,3534.5903029760107,False,False,False
1611964800000,2021-01-30,BTCUSDT,34246.28,34933.0,32825.0,34262.88,84889.68134,2884500062.938079,2201040,30350.8932,17204.2848,53.92789625515326,3432.6909956205814,False,False,False
1612051200000,2021-01-31,BTCUSDT,34262.89,34342.69,32171.67,33092.98,68742.280384,2289641045.7580123,1707064,30636.578999999998,17323.7617,50.331940602309466,3342.5716387905404,False,False,False
1612137600000,2021-02-01,BTCUSDT,33092.97,34717.27,32296.16,33526.37,82718.276882,2791776658.0056057,1810492,30923.606600000003,17445.72495,51.61897669757018,3276.7529503055016,False,False,False
1612224000000,2021-02-02,BTCUSDT,33517.09,35984.33,33418.0,35466.24,78056.65988,2716321896.3176084,1789672,31247.468600000004,17577.284549999997,56.991147526322,3226.008453855109,False,False,False
1612310400000,2021-02-03,BTCUSDT,35472.71,37662.63,35362.38,37618.87,80784.333663,2951232788.1843047,1881740,31611.317399999996,17719.5275,62.029643176479205,3159.882850008316,False,False,False
1612396800000,2021-02-04,BTCUSDT,37620.26,38708.27,36161.95,36936.66,92080.735898,3452669022.153292,2211866,31923.3402,17858.16585,59.64485718594508,3116.056932150579,False,False,False
1612483200000,2021-02-05,BTCUSDT,36936.65,38310.12,36570.0,38290.24,66681.334275,2509278291.7515864,1853253,32233.201799999995,18003.813149999998,62.708319972372024,3017.775722711252,False,False,False
1612569600000,2021-02-06,BTCUSDT,38289.32,40955.51,38215.94,39186.94,98757.311183,3922095148.92815,2291646,32554.792800000003,18152.79785,64.62419834574955,2997.903885374734,False,False,False
1612656000000,2021-02-07,BTCUSDT,39181.01,39700.0,37351.0,38795.69,84363.679763,3256521384.2406106,1976357,32854.2744,18299.1855,63.100905366126476,2951.553607847967,False,False,False
1612742400000,2021-02-08,BTCUSDT,38795.69,46794.45,37988.89,46374.87,138597.536914,5881536976.635699,3230961,33312.661400000005,18483.0435,75.26449213685777,3369.696921573112,False,False,False
1612828800000,2021-02-09,BTCUSDT,46374.86,48142.19,44961.09,46420.42,115499.861712,5386255398.017187,3119034,33786.6756,18667.456599999998,75.31715349229498,3356.225712889319,False,False,False
1612915200000,2021-02-10,BTCUSDT,46420.42,47310.0,43727.0,44807.58,97154.1822,4431650130.251104,2891592,34206.6114,18842.9924,69.66187557164193,3372.4238762543678,False,False,False
1613001600000,2021-02-11,BTCUSDT,44807.58,48678.9,43994.02,47969.51,89561.081454,4185630934.4108953,2570949,34701.346399999995,19033.18225,73.81321204138752,3466.1707422361987,False,False,False
1613088000000,2021-02-12,BTCUSDT,47968.66,48985.8,46125.0,47287.6,85870.035697,4080571908.967661,2418841,35172.5144,19214.47045,71.53965659915691,3422.9299749336133,False,False,False
1613174400000,2021-02-13,BTCUSDT,47298.15,48150.0,46202.53,47153.69,63768.097399,3007710147.41816,2058823,35621.3388,19395.707550000003,71.07666922608202,3317.5399767240697,False,False,False
1613260800000,2021-02-14,BTCUSDT,47156.78,49707.43,47014.17,48577.79,73735.475533,3584808348.834733,2090070,36063.0268,19583.09385,73.07252898761493,3272.9485498152076,False,False,False
1613347200000,2021-02-15,BTCUSDT,48580.47,49010.92,45570.79,47911.1,79398.156784,3782219060.664722,2313155,36495.6156,19767.151299999998,70.6158301242414,3284.890081971264,False,False,False
1613433600000,2021-02-16,BTCUSDT,47911.1,50689.18,47003.62,49133.45,88813.266298,4349983777.692368,2199849,36936.6964,19956.14125,72.44500189909107,3313.509361830459,False,False,False
1613520000000,2021-02-17,BTCUSDT,49133.45,52618.74,48947.0,52119.71,85743.637818,4365831514.815297,2514374,37431.3906,20157.73395,76.32282254042879,3339.0972645568545,False,False,False
1613606400000,2021-02-18,BTCUSDT,52117.67,52530.0,50901.9,51552.6,60758.046954,3149973077.4874654,1891592,37884.9318,20360.1402,74.18760057080829,3216.883174231365,False,False,False
1613692800000,2021-02-19,BTCUSDT,51552.61,56368.0,50710.2,55906.0,79659.77802,4251167827.684247,2339215,38424.5792,20583.57115,79.03609354359364,3391.2343760719823,False,False,False
1613779200000,2021-02-20,BTCUSDT,55906.0,57700.46,53863.93,55841.19,80948.205314,4551890859.8512745,2642846,38954.7692,20806.81725,78.79879443944621,3423.041206352555,False,False,False
1613865600000,2021-02-21,BTCUSDT,55841.19,58352.8,55477.59,57408.57,58166.708511,3317998263.3478885,1950533,39459.374,21035.135550000003,80.33641866816328,3383.910405898802,False,False,False
1613952000000,2021-02-22,BTCUSDT,57412.35,57508.47,47622.0,54087.67,134019.434944,7213386720.436797,3313083,39881.1264,21246.7616,68.92966629725206,3848.378948334602,False,False,False
1614038400000,2021-02-23,BTCUSDT,54087.67,54183.59,44892.56,48891.0,169375.025051,8215839131.243385,3825196,40219.1722,21433.24545,55.620806443369695,4237.139737739273,False,False,False
1614124800000,2021-02-24,BTCUSDT,48891.0,51374.99,46988.69,49676.2,91881.209252,4574033001.379536,2194532,40533.7056,21622.819400000004,56.97262789390635,4247.794042186468,False,False,False
1614211200000,2021-02-25,BTCUSDT,49676.21,52041.73,46674.34,47073.73,83310.673121,4152188728.141616,2305679,40739.793,21799.779649999997,51.38570855751747,4327.765182030292,False,False,False
1614297600000,2021-02-26,BTCUSDT,47073.73,48424.11,44106.78,46276.87,109423.200663,5086374532.734615,2371766,40876.6848,21971.699399999998,49.77614408084687,4327.019811885271,False,False,False
1614384000000,2021-02-27,BTCUSDT,46276.88,48394.0,45000.0,46106.43,66060.834292,3105897438.550972,1757720,40987.1572,22145.271149999997,49.41957863908044,4260.375539607752,False,False,False
1614470400000,2021-02-28,BTCUSDT,46103.67,46638.46,43000.0,45135.66,83055.369042,3708359965.45458,1838345,41088.106,22313.1278,47.3395393857521,4215.953001064341,False,False,False
1614556800000,2021-03-01,BTCUSDT,45134.11,49790.0,44950.53,49587.03,85086.111648,4057515794.865728,2147223,41316.8462,22502.162949999998,56.40122189208921,4260.489929559745,False,False,False
1614643200000,2021-03-02,BTCUSDT,49595.76,50200.0,47047.6,48440.65,64221.06214,3120472069.909453,1855583,41577.5698,22685.563499999997,53.83209779848252,4181.340648876906,False,False,False
1614729600000,2021-03-03,BTCUSDT,48436.61,52640.0,48100.71,50349.37,81035.913705,4109521257.5407,2242131,41903.5324,22878.04835,57.31818135478891,4206.908459671413,False,False,False
1614816000000,2021-03-04,BTCUSDT,50349.37,51773.88,47500.0,48374.09,82649.716829,4079837240.8567615,2291936,42123.5866,23060.3638,52.86909672283906,4211.692141123454,False,False,False
1614902400000,2021-03-05,BTCUSDT,48374.09,49448.93,46300.0,48751.71,78192.496372,3727133104.837311,2054216,42315.7308,23242.716700000004,53.610423483343936,4135.780559614636,False,False,False
1614988800000,2021-03-06,BTCUSDT,48746.81,49200.0,47070.0,48882.2,44399.234242,2143910705.2915037,1476474,42558.5304,23427.402649999996,53.88038169675924,3992.5105196421628,False,False,False
1615075200000,2021-03-07,BTCUSDT,48882.2,51450.03,48882.2,50971.75,55235.028032,2778875909.4491262,1758101,42858.065800000004,23623.488449999997,58.08657747164307,3890.7476253820087,False,False,False
1615161600000,2021-03-08,BTCUSDT,50959.11,52402.78,49274.67,52375.17,66987.359664,3400847931.036074,1999401,43188.997,23826.09655,60.68035623425687,3836.273509283294,False,False,False
1615248000000,2021-03-09,BTCUSDT,52375.18,54895.0,51789.41,54884.5,71656.737076,3861450964.654904,2194398,43554.0616,24042.86235,64.86686073596609,3784.0818300487726,False,False,False
1615334400000,2021-03-10,BTCUSDT,54874.67,57387.69,53005.0,55851.59,84749.238943,4700197563.359213,2647284,43953.263600000006,24263.805500000002,66.35372976028822,3826.8395564738607,False,False,False
1615420800000,2021-03-11,BTCUSDT,55851.59,58150.0,54272.82,57773.16,81914.812859,4612366201.00222,2509970,44399.362199999996,24494.43065,69.14767361439439,3830.4353024400134,False,False,False
1615507200000,2021-03-12,BTCUSDT,57773.15,58081.51,54962.84,57221.72,73405.406047,4162054726.378839,2489931,44926.794,24721.798250000003,67.41753711711911,3779.594923694299,False,False,False
1615593600000,2021-03-13,BTCUSDT,57221.72,61844.0,56078.23,61188.39,83245.091346,4933383453.245977,2559002,45491.65840000001,24971.148100000002,72.70756099332534,3921.464572001849,False,False,False
1615680000000,2021-03-14,BTCUSDT,61188.38,61724.79,58966.78,58968.31,52601.05275,3176397573.8846426,1829769,46029.4646,25208.6825,66.22668140656637,3838.360674001717,False,False,False
1615766400000,2021-03-15,BTCUSDT,58976.08,60633.43,54600.0,55605.2,102771.427298,5874241052.093372,2683815,46496.370599999995,25430.056599999996,57.818901343765056,3995.1513401444518,False,False,False
1615852800000,2021-03-16,BTCUSDT,55605.2,56938.29,53271.34,56900.75,77986.694355,4304259207.645101,2241208,46989.3016,25656.9258,59.92933954553162,3971.7083872769913,False,False,False
1615939200000,2021-03-17,BTCUSDT,56900.74,58974.73,54123.69,58912.97,70421.620841,3960992972.154292,2204296,47518.20560000001,25894.16145,63.02378723447897,4034.5177881857776,False,False,False
1616025600000,2021-03-18,BTCUSDT,58912.97,60129.97,57023.0,57648.16,66580.406675,3900885761.2128057,2040947,48063.8458,26123.84645,59.89290634624153,3968.2643747439365,False,False,False
1616112000000,2021-03-19,BTCUSDT,57641.0,59468.0,56270.74,58030.01,52392.652961,3052711147.9349246,1885830,48557.148799999995,26355.74895,60.530401582261106,3913.192633690798,False,False,False
1616198400000,2021-03-20,BTCUSDT,58030.01,59880.0,57820.17,58102.28,44476.941776,2616535093.051585,1724131,49034.1504,26586.6505,60.65785858158883,3780.80958842717,False,False,False
1616284800000,2021-03-21,BTCUSDT,58100.02,58589.1,55450.11,57351.56,48564.470274,2774223129.62381,1773546,49495.924000000006,26816.4656,58.54300357731046,3734.965332110944,False,False,False
1616371200000,2021-03-22,BTCUSDT,57351.56,58430.73,53650.0,54083.25,62581.626169,3527479514.3256526,1927345,49915.7294,27036.177600000003,50.317825200812756,3809.662808388734,False,False,False
1616457600000,2021-03-23,BTCUSDT,54083.25,55830.9,53000.0,54340.89,59789.365427,3264650774.817461,1740349,50332.0198,27255.6508,50.90341878169283,3739.7511792181103,False,False,False
1616544000000,2021-03-24,BTCUSDT,54342.8,57200.0,51700.0,52303.65,83537.465021,4583159614.046461,2401988,50668.768,27466.335600000002,46.26022278304416,3865.483237845388,False,False,False
1616630400000,2021-03-25,BTCUSDT,52303.66,53287.0,50427.56,51293.78,87400.534538,4536327184.957861,2099425,50942.26619999999,27671.523499999996,44.11221009761701,3793.6230065707173,False,False,False
1616716800000,2021-03-26,BTCUSDT,51293.78,55073.46,51214.6,55025.59,63813.774692,3397036140.751637,1773150,51304.0448,27894.784250000004,52.828768985624926,3798.2827918156663,False,False,False
1616803200000,2021-03-27,BTCUSDT,55025.59,56700.36,53950.0,55817.14,50105.475055,2767070175.861931,1528776,51654.5828,28123.236699999998,54.45149707061328,3723.431163828833,False,False,False
1616889600000,2021-03-28,BTCUSDT,55817.14,56559.75,54691.84,55777.63,39050.387511,2178777329.4452167,1551283,51986.3966,28351.02885,54.350991675561566,3590.8939378410596,False,False,False
1616976000000,2021-03-29,BTCUSDT,55777.65,58405.82,54800.01,57635.47,67857.937398,3877131109.734646,1983437,52363.1922,28587.52185,58.253021310668096,3591.959370852412,False,False,False
1617062400000,2021-03-30,BTCUSDT,57635.46,59368.0,57071.35,58746.57,55122.443122,3221944107.4550304,1612744,52610.6262,28829.31525,60.43142872786365,3499.437272934383,False,False,False
1617148800000,2021-03-31,BTCUSDT,58746.57,59800.0,56769.0,58740.55,60975.542666,3575976083.804576,1928224,52857.0288,29070.8134,60.413034873773306,3465.9774677247847,False,False,False
1617235200000,2021-04-01,BTCUSDT,58739.46,59490.0,57935.45,58720.44,47415.61722,2789238879.943373,1594431,53135.28599999999,29312.75145,60.34695556321288,3329.446934315872,False,False,False
1617321600000,2021-04-02,BTCUSDT,58720.45,60200.0,58428.57,58950.01,47382.418781,2811159761.2684674,1666356,53354.89600000001,29554.14265,60.87309169733044,3218.160010436167,False,False,False
1617408000000,2021-04-03,BTCUSDT,58950.01,59791.72,56880.0,57051.94,47409.852113,2783151686.164537,1606805,53550.1828,29785.4758,54.441301546354985,3196.2714382621552,False,False,False
1617494400000,2021-04-04,BTCUSDT,57051.95,58492.85,56388.0,58202.01,41314.081973,2380139010.730232,1499113,53771.1492,30021.7158,57.37975731653754,3118.3127641005726,False,False,False
1617580800000,2021-04-05,BTCUSDT,58202.01,59272.0,56777.77,59129.99,54258.01579,3155214764.164485,2035877,53982.1932,30262.665800000002,59.64169084083208,3073.735423807675,False,False,False
1617667200000,2021-04-06,BTCUSDT,59129.99,59495.24,57413.02,57991.15,54201.000727,3166911557.1481576,1960513,54183.7942,30497.9546,55.73254751572795,3002.9128935356985,False,False,False
1617753600000,2021-04-07,BTCUSDT,57990.03,58655.0,55473.0,55953.45,71228.405659,4053294016.484514,2206433,54320.194200000005,30722.3186,49.48298326296491,3015.70482971172,False,False,False
1617840000000,2021-04-08,BTCUSDT,55953.44,58153.31,55700.0,58077.52,44283.147019,2531779682.552427,1661080,54439.3504,30958.104800000005,55.131052222024195,2975.533770446597,False,False,False
1617926400000,2021-04-09,BTCUSDT,58077.52,58894.9,57654.0,58142.54,40831.884911,2378340697.289584,1615962,54571.1492,31196.731399999997,55.29582036537122,2851.6313582718403,False,False,False
1618012800000,2021-04-10,BTCUSDT,58142.55,61500.0,57900.01,59769.13,69906.424117,4197138552.4690337,2470398,54648.41180000001,31442.929000000004,59.32039433189973,2905.0855469667085,False,False,False
1618099200000,2021-04-11,BTCUSDT,59769.13,60699.0,59232.52,60002.43,41156.715391,2462032926.617981,1746102,54731.6366,31691.733850000004,59.878314774450956,2802.328007897658,False,False,False
1618185600000,2021-04-12,BTCUSDT,59998.8,61300.0,59350.59,59860.0,56375.037117,3393042867.871467,1806298,54780.665199999996,31937.35225,59.343211016511894,2741.4052930478256,False,False,False
1618272000000,2021-04-13,BTCUSDT,59860.01,63777.77,59805.15,63575.0,82848.688746,5154877375.389618,2703735,54970.411799999994,32201.7939,67.50111996644907,2829.349200687266,False,False,False
1618358400000,2021-04-14,BTCUSDT,63575.01,64854.0,61301.0,62959.53,82616.343993,5239081228.156977,2645625,55251.782400000004,32462.94855,65.16812522659436,2881.0385434953187,False,False,False
1618444800000,2021-04-15,BTCUSDT,62959.53,63800.0,62020.0,63159.98,51649.70034,3248931738.293182,1938028,55521.458,32724.8772,65.58531194468259,2802.3929332456532,False,False,False
1618531200000,2021-04-16,BTCUSDT,63158.74,63520.61,60000.0,61334.8,91764.139884,5647292669.615493,2639940,55806.67939999999,32978.0706,58.692157327280334,2853.6941522995353,False,False,False
1618617600000,2021-04-17,BTCUSDT,61334.81,62506.05,59580.91,60006.66,58912.256128,3605701810.675047,2268816,56081.275200000004,33223.9015,54.225925677218704,2858.7974271352828,False,False,False
1618704000000,2021-04-18,BTCUSDT,60006.67,60499.0,50931.3,56150.01,124882.131824,6949379727.429153,3444089,56282.146799999995,33450.768599999996,43.8024873945305,3338.004753768477,False,False,True
1618790400000,2021-04-19,BTCUSDT,56150.01,57526.81,54221.58,55633.14,78229.042267,4398619580.647143,2390527,56492.096399999995,33675.838650000005,42.62006164160393,3335.663699927871,False,False,True
1618876800000,2021-04-20,BTCUSDT,55633.14,57076.24,53329.96,56425.0,72744.482151,4037701391.6195264,2148820,56628.8558,33905.11165,45.06666105298066,3364.993435647309,False,False,True
1618963200000,2021-04-21,BTCUSDT,56425.0,56757.91,53536.02,53787.63,66984.756909,3704549578.697303,2134946,56735.7954,34121.3395,39.08860120555991,3354.771761672502,False,False,True
1619049600000,2021-04-22,BTCUSDT,53787.62,55521.48,50500.0,51690.96,104656.631337,5594983857.318092,2744621,56762.627199999995,34326.46115,35.10218426145566,3473.8223501244665,False,False,True
1619136000000,2021-04-23,BTCUSDT,51690.95,52131.85,47500.0,51125.14,132230.780719,6571097317.467918,2888237,56817.6482,34528.1258,34.09173481822178,3556.5386108298617,False,False,True
1619222400000,2021-04-24,BTCUSDT,51110.56,51166.22,48657.14,50047.84,55361.512573,2762081002.878663,1164985,56843.570799999994,34725.3667,32.19167583895435,3481.7201386277293,False,False,True
1619308800000,2021-04-25,BTCUSDT,50047.84,50567.91,46930.0,49066.77,58255.645004,2867858315.18732,1475479,56847.2622,34917.3686,30.523286912887386,3492.876557297178,False,False,True
1619395200000,2021-04-26,BTCUSDT,49066.76,54356.62,48753.44,54001.39,86310.802124,4555688503.397388,2174544,56907.855,35132.7477,45.75234612831178,3643.6125174902368,False,False,True
1619481600000,2021-04-27,BTCUSDT,54001.38,55460.0,53222.0,55011.97,54064.034675,2949719328.3669896,1568666,56960.59100000001,35352.55435,48.2539178165774,3543.211623383791,False,False,True
1619568000000,2021-04-28,BTCUSDT,55011.97,56428.0,53813.16,54846.22,55130.459015,3020242787.5066776,1830042,56959.8254,35570.31935,47.86405750479866,3476.899364570663,False,False,True
1619654400000,2021-04-29,BTCUSDT,54846.23,55195.84,52330.94,53555.0,52486.019455,2823220335.476041,1763676,56913.893599999996,35781.24925,44.82572592520799,3433.185124244186,False,False,True
1619740800000,2021-04-30,BTCUSDT,53555.0,57963.0,53013.01,57694.27,68578.910045,3808187372.73938,2267648,56912.315800000004,36012.07935,54.74351131216766,3541.5283296553157,True,True,False
1619827200000,2021-05-01,BTCUSDT,57697.25,58458.07,56956.14,57800.37,42600.351836,2460342954.842521,1743013,56923.8888,36243.9784,54.96696401722433,3395.842734679936,False,False,False
1619913600000,2021-05-02,BTCUSDT,57797.35,57911.02,56035.25,56578.21,36812.878863,2089763230.439627,1371638,56831.68519999999,36469.78,51.79457525914043,3287.266110774226,False,False,True
1620000000000,2021-05-03,BTCUSDT,56578.21,58981.44,56435.0,57169.39,57649.931286,3337604542.6273804,2102128,56795.70680000001,36698.101350000004,53.201569409575185,3234.349960004639,True,True,False
1620086400000,2021-05-04,BTCUSDT,57169.39,57200.0,53046.69,53200.01,85324.625903,4705402064.300976,2492629,56747.602999999996,36907.5048,43.9301418217307,3299.9899628614503,False,False,True
1620172800000,2021-05-05,BTCUSDT,53205.05,58069.82,52900.0,57436.11,77263.923439,4327994296.151437,2378119,56758.31020000001,37137.88435,53.28624774594557,3433.5492512284895,True,True,False
1620259200000,2021-05-06,BTCUSDT,57436.11,58360.0,55200.0,56393.68,70181.671908,3992289527.7370977,2459881,56707.924399999996,37362.33705,51.02965252282297,3414.0100189978834,False,False,True
1620345600000,2021-05-07,BTCUSDT,56393.68,58650.0,55241.63,57314.75,74542.747829,4239374487.474772,2361692,56701.2562,37590.153450000005,52.9265546766877,3413.6071604980352,True,True,False
1620432000000,2021-05-08,BTCUSDT,57315.49,59500.0,56900.0,58862.05,69709.906028,4079553831.988064,2311378,56717.897000000004,37824.91375,56.00931022124401,3355.4923633196045,False,False,False
1620518400000,2021-05-09,BTCUSDT,58866.53,59300.0,56235.66,58240.84,69806.11991,4043552701.506599,2170139,56720.6682,38052.213149999996,54.4670918036988,3334.6957659396326,False,False,False
1620604800000,2021-05-10,BTCUSDT,58240.83,59500.0,53400.0,55816.14,89586.34925,5131782639.966137,2575419,56689.959800000004,38266.45125,48.81693585540939,3532.2174969439448,False,False,True
1620691200000,2021-05-11,BTCUSDT,55816.14,56862.43,54370.0,56670.02,64329.54055,3583030654.76302,1911480,56741.6952,38485.186,50.75432925959646,3457.9469614479485,False,False,True
1620777600000,2021-05-12,BTCUSDT,56670.02,58000.01,48600.0,49631.32,99842.789836,5476115093.110468,2676826,56647.5038,38667.78395,37.98905120403667,3882.380035630238,False,False,True
1620864000000,2021-05-13,BTCUSDT,49537.15,51367.19,46000.0,49670.97,147332.002121,7303694688.601401,3570506,56594.85019999999,38850.99465,38.08352227712622,3988.4378902280782,False,False,True
1620950400000,2021-05-14,BTCUSDT,49671.92,51483.0,48799.75,49841.45,80082.204306,4015904915.407911,2095860,56565.80360000001,39034.940950000004,38.51723165679787,3895.2101837832156,False,False,True
1621036800000,2021-05-15,BTCUSDT,49844.16,50700.0,46555.0,46762.99,89437.449359,4350775846.517358,2286791,56400.5516,39200.57505000001,33.89948189617479,3913.052313512986,False,False,True
1621123200000,2021-05-16,BTCUSDT,46762.99,49795.89,43825.39,46431.5,114269.812775,5367497608.115901,2661295,56212.838800000005,39366.40055,33.434652333912666,4060.012862547773,False,False,True
1621209600000,2021-05-17,BTCUSDT,46426.83,46686.0,42001.0,43538.04,166657.172736,7346755531.933857,3216821,55968.04699999999,39516.812249999995,29.61717827925189,4104.654800937217,False,False,True
1621296000000,2021-05-18,BTCUSDT,43538.02,45799.29,42250.02,42849.78,116979.860784,5146670282.547901,2561165,55672.3332,39663.26065,28.775545619214796,4064.9844580131307,False,False,True
1621382400000,2021-05-19,BTCUSDT,42849.78,43584.9,30000.0,36690.09,354347.243161,13477694934.871796,6331062,55231.20359999999,39777.7561,22.588790936796514,4744.978425297907,False,False,True
1621468800000,2021-05-20,BTCUSDT,36671.23,42451.67,34850.0,40526.64,203017.596923,8019897067.17622,4269898,54866.9254,39911.5818,32.3454872855673,4949.027823490914,False,False,True
1621555200000,2021-05-21,BTCUSDT,40525.39,42200.0,33488.0,37252.01,202100.888258,7713346610.274127,3993336,54437.5568,40030.095,28.987245618270805,5217.81155038442,False,False,True
1621641600000,2021-05-22,BTCUSDT,37263.35,38829.0,35200.62,37449.73,126542.243689,4730567647.6744,2716691,54007.551199999994,40147.225999999995,29.463441421445324,5104.280725356962,False,False,True
1621728000000,2021-05-23,BTCUSDT,37458.51,38270.64,31111.01,34655.25,217136.046593,7431242463.203841,4082004,53559.6174,40249.782199999994,26.73471582357874,5251.091387831465,False,False,True
1621814400000,2021-05-24,BTCUSDT,34681.44,39920.0,34031.0,38796.29,161630.893971,5996773032.151344,3510578,53171.503,40365.81355,36.16885219431015,5296.656288700646,False,False,True
1621900800000,2021-05-25,BTCUSDT,38810.99,39791.77,36419.62,38324.72,111996.228404,4253519579.378729,2508310,52755.3976,40479.53755,35.606568538581115,5159.1915537934565,False,False,True
1621987200000,2021-05-26,BTCUSDT,38324.72,40841.0,37800.44,39241.91,104780.773396,4113717505.2635546,2432319,52380.412800000006,40601.6556,37.637259113785866,5007.860728522495,False,False,True
1622073600000,2021-05-27,BTCUSDT,39241.92,40411.14,37134.27,38529.98,86547.158794,3361413526.053544,2102182,52031.9434,40716.93,36.67057936128779,4884.218533628032,False,False,True
1622160000000,2021-05-28,BTCUSDT,38529.99,38877.83,34684.0,35663.49,135377.62972,4926260941.933613,2659178,51583.66279999999,40818.6054,32.99587729548455,4834.905066940315,False,False,True
1622246400000,2021-05-29,BTCUSDT,35661.79,37338.58,33632.76,34605.15,112663.092689,3949843335.322595,2169643,51112.915,40915.145099999994,31.73156232488506,4754.256133587435,False,False,True
1622332800000,2021-05-30,BTCUSDT,34605.15,36488.0,33379.0,35641.27,73535.386967,2601994948.148242,1559892,50630.35779999999,41014.93025,34.38241371382476,4636.73783833119,False,False,True
1622419200000,2021-05-31,BTCUSDT,35641.26,37499.0,34153.84,37253.81,94160.735289,3406047734.831128,1896359,50175.3854,41119.74,38.391896730699884,4544.482278450391,False,False,True
1622505600000,2021-06-01,BTCUSDT,37253.82,37894.81,35666.0,36693.09,81234.66377,2973928300.375587,1760417,49712.04720000001,41221.601950000004,37.53307599943641,4379.077115703934,False,False,True
1622592000000,2021-06-02,BTCUSDT,36694.85,38225.0,35920.0,37568.68,67587.372495,2523462575.688438,1530915,49191.9208,41329.0931,39.797797284162286,4230.928750296511,False,False,True
1622678400000,2021-06-03,BTCUSDT,37568.68,39476.0,37170.0,39246.79,75889.106011,2930945325.709207,1949658,48717.666,41445.542050000004,43.98903247030205,4093.4338395610457,False,False,True
1622764800000,2021-06-04,BTCUSDT,39246.78,39289.07,35555.15,36829.0,91317.799245,3379399754.9305224,1926311,48191.0464,41546.1192,39.70050215315727,4067.7542795923996,False,False,True
1622851200000,2021-06-05,BTCUSDT,36829.15,37925.0,34800.0,35513.2,70459.62149,2560547116.8364058,1463754,47674.614400000006,41635.3883,37.5547248484771,4000.414688192943,False,False,True
1622937600000,2021-06-06,BTCUSDT,35516.07,36480.0,35222.0,35796.31,47650.206637,1711857075.0471697,993430,47190.407400000004,41725.48925,38.327108318037816,3804.5279247505896,False,False,True
1623024000000,2021-06-07,BTCUSDT,35796.31,36900.0,33300.0,33552.79,77574.952573,2755673601.713913,1532260,46738.46300000001,41804.2391,34.66764691720857,3789.918787268405,False,False,True
1623110400000,2021-06-08,BTCUSDT,33556.96,34068.01,31000.0,33380.81,123251.189037,4030784324.609684,2074885,46293.416399999995,41877.8648,34.396528876619314,3738.353873892091,False,False,True
1623196800000,2021-06-09,BTCUSDT,33380.8,37534.79,32396.82,37388.05,136607.597517,4794741674.438823,2601479,45912.6774,41971.286049999995,45.15857555847556,3838.326454328371,False,False,True
1623283200000,2021-06-10,BTCUSDT,37388.05,38491.0,35782.0,36675.72,109527.284943,4062957162.3643,2231430,45570.4392,42062.5925,43.78358432420542,3757.6602790192014,False,False,True
1623369600000,2021-06-11,BTCUSDT,36677.83,37680.4,35936.77,37331.98,78466.0053,2903043643.3100724,1727645,45283.2596,42157.4124,45.432038236594494,3613.800973374973,False,False,True
1623456000000,2021-06-12,BTCUSDT,37331.98,37463.63,34600.36,35546.11,87717.54999,3132387326.5375137,1719650,44971.679000000004,42239.3429,41.83677687261138,3560.191618133904,False,False,True
1623542400000,2021-06-13,BTCUSDT,35546.12,39380.0,34757.0,39020.57,86921.025555,3208991521.63768,1894103,44751.1336,42340.85020000001,50.10884271008781,3636.106502552911,False,False,True
1623628800000,2021-06-14,BTCUSDT,39020.56,41064.05,38730.0,40516.29,108522.391949,4320307646.765389,2185089,44580.124,42457.68429999999,53.19491585719034,3543.102466656275,False,False,True
1623715200000,2021-06-15,BTCUSDT,40516.28,41330.0,39506.4,40144.04,80679.622838,3247746713.62741,1931890,44302.977,42572.706900000005,52.327393199321406,3420.280861895112,False,False,True
1623801600000,2021-06-16,BTCUSDT,40143.8,40527.14,38116.01,38349.01,87771.976937,3450556041.600584,2134897,43969.71779999999,42675.8527,48.24179331913734,3348.1986574740326,False,False,True
1623888000000,2021-06-17,BTCUSDT,38349.0,39559.88,37365.0,38092.97,79541.307119,3065622530.039886,1620210,43634.6528,42775.39260000001,47.670060365777076,3265.8187533687446,False,False,True
1623974400000,2021-06-18,BTCUSDT,38092.97,38202.84,35129.29,35819.84,95228.042935,3507868126.3062024,1809253,43279.9496,42856.01245,42.8182899880985,3252.085270985263,False,False,True
1624060800000,2021-06-19,BTCUSDT,35820.48,36457.0,34803.52,35483.72,68712.449461,2453817534.777169,1212278,42835.738600000004,42939.60625,42.13539121594872,3137.8991802006017,False,False,True
1624147200000,2021-06-20,BTCUSDT,35483.72,36137.72,33336.0,35600.16,89878.17085,3124634336.840761,1691871,42391.7344,43021.5866,42.47765121836817,3113.8863816148446,False,False,True
1624233600000,2021-06-21,BTCUSDT,35600.17,35750.0,31251.23,31608.93,168778.873159,5545926077.788067,2688993,41892.3488,43082.52175,34.86519988579322,3212.8066400709276,False,False,True
1624320000000,2021-06-22,BTCUSDT,31614.12,33298.78,28805.0,32509.56,204208.179762,6406159197.076789,3113977,41399.1522,43151.81695,37.583442303270246,3304.3047372087185,False,False,True
1624406400000,2021-06-23,BTCUSDT,32509.56,34881.0,31683.0,33678.07,126966.100563,4282250433.919445,2026228,41008.7134,43224.469000000005,41.02244541878796,3296.7115416938104,False,False,True
1624492800000,2021-06-24,BTCUSDT,33675.07,35298.0,32286.57,34663.09,86625.80426,2925373222.105977,1531230,40553.253,43300.98745,43.83188627425731,3276.3342887156814,False,False,True
1624579200000,2021-06-25,BTCUSDT,34663.08,35500.0,31275.0,31584.45,116061.130356,3846120542.6572967,2094932,40057.068400000004,43363.07519999999,37.77515950895035,3344.09612523599,False,False,True
1624665600000,2021-06-26,BTCUSDT,31576.09,32730.0,30151.0,32283.65,107820.375287,3376415451.793124,1814051,39556.4464,43432.8729,39.80940631848526,3289.4464020048476,False,False,True
1624752000000,2021-06-27,BTCUSDT,32283.65,34749.0,31973.45,34700.34,96613.244211,3199980157.750333,1799875,39073.2122,43513.66819999999,46.339223377478,3252.7395161473587,False,False,True
1624838400000,2021-06-28,BTCUSDT,34702.49,35297.71,33862.72,34494.89,82222.267819,2837122779.5244017,1868627,38598.2932,43594.8695,45.88350259515982,3122.900264993976,False,False,True
1624924800000,2021-06-29,BTCUSDT,34494.89,36600.0,34225.43,35911.73,90788.79622,3233947791.863388,1673802,38200.205,43684.2455,49.567030550173484,3069.4481032086924,False,False,True
1625011200000,2021-06-30,BTCUSDT,35911.72,36100.0,34017.55,35045.0,77152.197634,2688939291.095673,1301036,37767.7046,43765.42705,47.43975180159665,2998.9482386937852,False,False,True
1625097600000,2021-07-01,BTCUSDT,35045.0,35057.57,32711.0,33504.69,71708.266112,2410809595.390457,1240681,37445.172,43837.075549999994,43.83893915659667,2952.3497930728004,False,False,True
1625184000000,2021-07-02,BTCUSDT,33502.33,33977.04,32699.0,33786.55,56172.181378,1870193042.3935368,1176457,37127.4836,43909.64260000001,44.66660574607749,2832.7562364247437,False,False,True
1625270400000,2021-07-03,BTCUSDT,33786.54,34945.61,33316.73,34669.13,43044.578641,1478423023.5034828,1078278,36824.0372,43985.8561,47.28629041633303,2746.765076680119,False,False,True
1625356800000,2021-07-04,BTCUSDT,34669.12,35967.85,34357.15,35286.51,43703.475789,1544458212.3926332,1164970,36594.507600000004,44055.61104999999,49.10159311981021,2665.617571202967,False,False,True
1625443200000,2021-07-05,BTCUSDT,35288.13,35293.78,33125.55,33690.14,64123.874245,2183406257.493829,1109367,36339.6804,44110.07595,44.80505946924188,2630.0898875456123,False,False,True
1625529600000,2021-07-06,BTCUSDT,33690.15,35118.88,33532.0,34220.01,58210.596349,1991691100.9482656,1184687,36153.3198,44165.639050000005,46.479101983840664,2555.574895578068,False,False,True
1625616000000,2021-07-07,BTCUSDT,34220.02,35059.09,33777.77,33862.12,53807.521675,1857658028.480804,1041416,35973.5666,44215.8416,45.47584338372489,2464.556688751063,False,False,True
1625702400000,2021-07-08,BTCUSDT,33862.11,33929.64,32077.0,32875.71,70136.48032,2304973020.298715,1257892,35897.279,44262.94255,42.73768395077928,2420.848353840273,False,False,True
1625788800000,2021-07-09,BTCUSDT,32875.71,34100.0,32261.07,33815.81,47153.939899,1562958239.3913765,1236351,35763.0624,44318.423050000005,46.07045872639687,2379.2827571373964,False,False,True
1625875200000,2021-07-10,BTCUSDT,33815.81,34262.0,33004.78,33502.87,34761.175468,1171790111.0829952,865508,35688.0796,44366.883449999994,45.12886580766737,2299.135417341868,False,False,True
1625961600000,2021-07-11,BTCUSDT,33502.87,34666.0,33306.47,34258.99,31572.647448,1070033013.1920449,952891,35624.2648,44422.0146,47.89960709598277,2232.020744674592,False,False,True
1626048000000,2021-07-12,BTCUSDT,34259.0,34678.43,32658.34,33086.63,48181.403762,1620646741.334963,1176847,35592.892400000004,44468.801750000006,44.17497563124516,2216.882834340693,False,False,True
1626134400000,2021-07-13,BTCUSDT,33086.94,33340.0,32202.25,32729.77,41126.361008,1348583017.0103433,956053,35471.562000000005,44508.88825,43.07693671819822,2139.8019176020725,False,False,True
1626220800000,2021-07-14,BTCUSDT,32729.12,33114.03,31550.0,32820.02,46777.823484,1515692074.9875476,1123129,35361.468,44540.5214,43.45970286644305,2098.6753520590673,False,False,True
1626307200000,2021-07-15,BTCUSDT,32820.03,33185.25,31133.0,31880.0,51639.576353,1652077965.4365597,1099367,35214.2298,44568.5131,40.411624464105756,2095.3592554834195,False,False,True
1626393600000,2021-07-16,BTCUSDT,31874.49,32249.18,31020.0,31383.87,48499.864154,1538342711.579657,1067591,35071.3076,44590.0354,38.86240778571509,2033.4893086631753,False,False,True
1626480000000,2021-07-17,BTCUSDT,31383.86,31955.92,31164.31,31520.07,34012.242132,1072815966.3363076,883442,34988.4392,44610.71074999999,39.547558325445316,1944.7836437586625,False,False,True
1626566400000,2021-07-18,BTCUSDT,31520.07,32435.0,31108.97,31778.56,35923.716186,1140964365.6466017,760979,34931.9074,44625.22585,40.90121201088564,1900.586954918758,False,False,True
1626652800000,2021-07-19,BTCUSDT,31778.57,31899.0,30407.44,30839.65,47340.468499,1470563281.9365027,846029,34835.875,44634.805949999994,37.6071689934148,1871.3707438531326,False,False,True
1626739200000,2021-07-20,BTCUSDT,30839.65,31063.07,29278.0,29790.35,61034.049017,1821230700.020391,1062139,34686.6058,44637.09925,34.28405203910782,1865.2064050064803,False,False,True
1626825600000,2021-07-21,BTCUSDT,29790.34,32858.0,29482.61,32144.51,82796.265128,2603140706.0822244,1415058,34595.6342,44636.93015,45.845901311329335,1973.0766617917316,False,False,True
1626912000000,2021-07-22,BTCUSDT,32144.51,32591.35,31708.0,32287.83,46148.092433,1482763544.9505365,1000742,34490.0172,44633.369049999994,46.46343764368429,1895.2390430923222,False,False,True
1626998400000,2021-07-23,BTCUSDT,32287.58,33650.0,31924.32,33634.09,50112.863626,1631947003.0730464,1394786,34377.7632,44641.595949999995,52.00044635754131,1883.1276828714422,False,False,True
1627084800000,2021-07-24,BTCUSDT,33634.1,34500.0,33401.14,34258.14,47977.550138,1625046258.436552,1196914,34326.346,44643.139,54.35698300431826,1827.1085626663391,False,False,True
1627171200000,2021-07-25,BTCUSDT,34261.51,35398.0,33851.12,35381.02,47852.928313,1646935552.8055446,1245775,34323.7024,44636.19729999999,58.32197881316528,1807.0922367616004,True,False,False
1627257600000,2021-07-26,BTCUSDT,35381.02,40550.0,35205.78,37237.6,152452.512724,5832475057.065676,3330102,34352.5282,44625.2239,63.905124291944475,2059.7442198500576,False,False,False
1627344000000,2021-07-27,BTCUSDT,37241.33,39542.61,36383.0,39457.87,88397.267015,3335658261.9955463,1938478,34470.6298,44619.5992,69.21607897702219,2138.306061289339,False,False,False
1627430400000,2021-07-28,BTCUSDT,39456.61,40900.0,38772.0,40019.56,101344.528441,4040889461.661528,2631048,34603.4048,44619.25590000001,70.4025494467357,2137.5699140543866,False,False,False
1627516800000,2021-07-29,BTCUSDT,40019.57,40640.0,39200.0,40016.48,53998.439283,2154190697.3453183,1428738,34655.973399999995,44628.58819999999,70.38652949300649,2087.7434916219304,False,False,False
1627603200000,2021-07-30,BTCUSDT,40018.49,42316.71,38313.23,42206.37,73602.784805,2939833541.3815365,1797012,34766.5864,44662.597700000006,74.78057300506805,2224.581813648935,False,False,False
1627689600000,2021-07-31,BTCUSDT,42206.36,42448.0,41000.15,41461.83,44849.791012,1868285510.8846784,1565380,34849.1834,44699.65065,70.92722331805595,2169.100969816868,False,False,False
1627776000000,2021-08-01,BTCUSDT,41461.84,42599.0,39422.01,39845.44,53953.186326,2227567271.487865,1603964,34935.17,44712.02095,63.30110202961783,2241.0930434013776,False,False,False
1627862400000,2021-08-02,BTCUSDT,39850.27,40480.01,38690.0,39147.82,50837.351954,2010928003.594409,1162878,34937.715,44712.03755,60.28822967523516,2208.8728260155654,False,False,False
1627948800000,2021-08-03,BTCUSDT,39146.86,39780.0,37642.03,38207.05,57117.435853,2195360658.5673285,1379871,34891.5302,44719.3617,56.39039160973685,2203.808338443025,False,False,False
1628035200000,2021-08-04,BTCUSDT,38207.04,39969.66,37508.56,39723.18,52329.35243,2028792778.184805,1220555,34883.113,44738.002700000005,60.79010699624864,2222.186314268524,False,False,False
1628121600000,2021-08-05,BTCUSDT,39723.17,41350.0,37332.7,40862.46,84343.755621,3314527738.3397326,1913281,34933.382,44763.17195,63.7497045680582,2350.408720392201,False,False,False
1628208000000,2021-08-06,BTCUSDT,40862.46,43392.43,39853.86,42836.87,75753.941347,3148022459.9161587,2223356,35028.26,44794.19995,68.2258347323714,2435.2773832213297,False,False,False
1628294400000,2021-08-07,BTCUSDT,42836.87,44700.0,42446.41,44572.54,73396.740808,3197407326.0367928,2258213,35203.314,44837.6052,71.55140739399366,2422.2997129912346,False,False,False
1628380800000,2021-08-08,BTCUSDT,44572.54,45310.0,43261.0,43794.37,69329.092698,3074924734.87934,1857112,35369.526999999995,44879.23590000001,68.10955422422637,2395.635447777575,False,False,False
1628467200000,2021-08-09,BTCUSDT,43794.36,46454.15,42779.0,46253.4,74587.884845,3362870286.2581177,2130595,35582.5918,44956.25225,72.59564245100745,2487.0293443648907,False,False,False
1628553600000,2021-08-10,BTCUSDT,46248.87,46700.0,44589.46,45584.99,53814.643421,2452485823.9336543,1951330,35862.113000000005,45019.451349999996,69.72448931002886,2460.137248338827,False,False,False
1628640000000,2021-08-11,BTCUSDT,45585.0,46743.47,45341.14,45511.0,52734.901977,2432788769.8326964,1862925,36122.141800000005,45086.61635,69.39729696725259,2384.5795877431965,False,False,False
1628726400000,2021-08-12,BTCUSDT,45510.67,46218.12,43770.0,44399.0,55266.108781,2478758524.864176,1623329,36336.5604,45147.31185,64.49855863434232,2389.118188618683,False,False,False
1628812800000,2021-08-13,BTCUSDT,44400.06,47886.0,44217.39,47800.0,48239.370431,2239435701.117792,1804716,36599.2986,45225.04085,71.195650885,2480.5104608602055,False,False,False
1628899200000,2021-08-14,BTCUSDT,47799.99,48144.0,45971.03,47068.51,46114.359022,2166461458.668249,1849556,36908.9798,45298.04455,68.21502951011928,2458.543285084477,False,False,False
1628985600000,2021-08-15,BTCUSDT,47068.5,47372.27,45500.0,46973.82,42110.711334,1950753713.2121248,1580122,37202.7832,45381.0829,67.81921971084611,2416.666621864157,False,False,False
1629072000000,2021-08-16,BTCUSDT,46973.82,48053.83,45660.0,45901.29,52480.574014,2462127629.609024,1655378,37426.8022,45443.76505,63.336413609505776,2415.035434588146,False,False,False
1629158400000,2021-08-17,BTCUSDT,45901.3,47160.0,44376.0,44695.95,57039.341629,2616339597.9157424,1781303,37630.8234,45495.9838,58.644907612423296,2441.390046403278,False,False,False
1629244800000,2021-08-18,BTCUSDT,44695.95,46000.0,44203.28,44705.29,54099.415985,2439673265.947117,1656723,37806.6946,45548.19585000001,58.67045470168881,2395.3421859459013,False,False,False
1629331200000,2021-08-19,BTCUSDT,44699.37,47033.0,43927.7,46760.62,53411.75392,2416320067.133769,1774382,38041.007000000005,45616.53405,63.948309443455145,2446.053458378337,False,False,False
1629417600000,2021-08-20,BTCUSDT,46760.62,49382.99,46622.99,49322.47,56850.352228,2721131744.277817,1950404,38357.3626,45695.51455,69.22385984706472,2468.4782113513133,False,False,False
1629504000000,2021-08-21,BTCUSDT,49322.47,49757.04,48222.0,48821.87,46745.136584,2290966131.3761606,2069725,38658.069,45762.2927,67.15587207614696,2401.804053397648,False,False,False
1629590400000,2021-08-22,BTCUSDT,48821.88,49500.0,48050.0,49239.22,37007.887795,1807169840.169172,1610192,38949.4708,45820.39445,68.01379664420455,2333.8180495835304,False,False,False
1629676800000,2021-08-23,BTCUSDT,49239.22,50500.0,49029.0,49488.85,52462.541954,2616721363.685172,2143309,39233.5176,45883.1554,68.54308044680533,2272.1881888989924,False,False,False
1629763200000,2021-08-24,BTCUSDT,49488.85,49860.0,47600.0,47674.01,51014.594748,2486079315.564424,1692896,39513.195,45930.07425,60.68152237314057,2271.317603977636,False,False,False
1629849600000,2021-08-25,BTCUSDT,47674.01,49264.3,47126.28,48973.32,44655.830342,2149442271.5264206,1559186,39808.2612,45979.00615,63.87600076219805,2261.7963465506623,False,False,False
1629936000000,2021-08-26,BTCUSDT,48973.32,49352.84,46250.0,46843.87,49371.277774,2333900030.229628,1532753,40067.896199999996,46019.24705,55.865070337052316,2321.870893225615,False,False,False
1630022400000,2021-08-27,BTCUSDT,46843.86,49149.93,46348.0,49069.9,42068.104965,2007071230.2199955,1320503,40391.78,46032.7222,61.325405052745545,2356.1608294237853,False,False,False
1630108800000,2021-08-28,BTCUSDT,49069.9,49299.0,48346.88,48895.35,26681.063786,1303966035.7705495,793012,40693.3708,46045.096849999994,60.69133529041501,2255.872198750658,False,False,False
1630195200000,2021-08-29,BTCUSDT,48895.35,49632.27,47762.54,48767.83,32652.283473,1588661416.3603797,1193046,40998.67,46064.8981,60.20161522875896,2228.2906131256104,False,False,False
1630281600000,2021-08-30,BTCUSDT,48767.84,48888.61,46853.0,46982.91,40288.35083,1932344430.9239264,1204012,41253.148400000005,46059.9651,53.67325283708171,2214.527712188067,False,False,False
1630368000000,2021-08-31,BTCUSDT,46982.91,48246.11,46700.0,47100.89,48645.52737,2303799571.3822727,1300400,41533.4336,46059.03155,54.02811747007129,2166.78358988892,False,False,False
1630454400000,2021-09-01,BTCUSDT,47100.89,49156.0,46512.0,48810.52,49904.65528,2386074445.4158525,1280384,41855.0486,46067.31570000001,58.936771510011745,2200.8704763254254,False,False,False
1630540800000,2021-09-02,BTCUSDT,48810.51,50450.13,48584.06,49246.64,54410.770538,2704192314.674689,1549849,42183.581000000006,46070.65995,60.10696000803688,2176.956156587895,False,False,False
1630627200000,2021-09-03,BTCUSDT,49246.63,51000.0,48316.84,49999.14,59025.644157,2949574478.071738,1645163,42545.9638,46081.10015,62.113169112886084,2213.113573974474,False,False,False
1630713600000,2021-09-04,BTCUSDT,49998.0,50535.69,49370.0,49915.64,34664.65959,1733527136.444259,1225830,42916.5992,46085.0111,61.742125215171036,2138.297604404869,False,False,False
1630800000000,2021-09-05,BTCUSDT,49917.54,51900.0,49450.0,51756.88,40544.835873,2049212025.844659,1417660,43321.3354,46083.196950000005,66.49503319699618,2160.562061233093,False,False,False
1630886400000,2021-09-06,BTCUSDT,51756.88,52780.0,50969.33,52663.9,49249.667081,2549290983.0568776,1678015,43739.0422,46088.753450000004,68.5666990206494,2135.569771145015,False,False,False
1630972800000,2021-09-07,BTCUSDT,52666.2,52920.0,42843.05,46863.73,123048.802719,6004105772.870442,3321711,44059.52380000001,46043.5421,48.089540922622625,2702.811216063228,False,False,False
1631059200000,2021-09-08,BTCUSDT,46868.57,47340.99,44412.02,46048.31,65069.3152,3000605793.938961,1796101,44384.683,45994.5777,46.00923697896934,2718.965414915855,False,False,False
1631145600000,2021-09-09,BTCUSDT,46048.31,47399.97,45513.08,46395.14,50651.66002,2351862983.5182405,1567586,44669.6956,45939.510550000006,47.05828210586342,2659.5314567075798,False,False,False
1631232000000,2021-09-10,BTCUSDT,46395.14,47033.0,44132.29,44850.91,49048.26618,2243698626.039517,1569941,44920.9572,45893.32675000001,43.047723155187754,2676.7584955141815,False,False,True
1631318400000,2021-09-11,BTCUSDT,44842.2,45987.93,44722.22,45173.69,30440.4081,1380370764.0127168,1060890,45151.7492,45874.74020000001,44.11975201130255,2575.9693172631687,True,False,False
1631404800000,2021-09-12,BTCUSDT,45173.68,46460.0,44742.06,46025.24,32094.28052,1464780920.2199812,1179808,45387.091199999995,45856.4854,46.95646912865451,2514.681508887228,False,False,False
1631491200000,2021-09-13,BTCUSDT,46025.23,46880.0,43370.0,44940.73,65429.15056,2930668118.2616343,1703512,45578.2854,45845.8204,43.89993221464874,2585.775686823855,False,False,True
1631577600000,2021-09-14,BTCUSDT,44940.72,47250.0,44594.44,47111.52,44855.85099,2072259519.06192,1210258,45775.76380000001,45849.993650000004,50.802994837338424,2590.7602806221507,True,False,False
1631664000000,2021-09-15,BTCUSDT,47103.28,48500.0,46682.32,48121.41,43204.71174,2056996398.8439617,1176050,45949.0346,45860.06855,53.65977925507438,2535.5402605777113,False,False,False
1631750400000,2021-09-16,BTCUSDT,48121.4,48557.0,47021.1,47737.82,40725.08895,1948447232.9107172,1176129,46103.39980000001,45873.07935000001,52.41477617422623,2464.1373848221606,False,False,False
1631836800000,2021-09-17,BTCUSDT,47737.81,48150.0,46699.56,47299.98,34461.92776,1637122049.4128375,1033968,46249.069800000005,45861.644100000005,50.96134240770334,2391.730428763435,False,False,False
1631923200000,2021-09-18,BTCUSDT,47299.98,48843.2,47035.56,48292.74,30906.47038,1491461627.9514225,976346,46370.7972,45860.90455,54.071197485758695,2350.009683851761,False,False,False
1632009600000,2021-09-19,BTCUSDT,48292.75,48372.83,46829.18,47241.75,29847.24349,1421642879.4932065,909785,46486.395599999996,45845.366449999994,50.42542046771812,2292.412563576636,False,False,False
1632096000000,2021-09-20,BTCUSDT,47241.75,47347.25,42500.0,43015.62,78003.524443,3457139274.3000712,1842231,46549.7992,45818.5741,39.029568139557846,2474.9009518925905,False,False,True
1632182400000,2021-09-21,BTCUSDT,43016.64,43639.0,39600.0,40734.38,84534.080485,3551997786.690356,1820721,46581.5304,45778.48745,34.4974881359942,2586.622312471691,False,False,True
1632268800000,2021-09-22,BTCUSDT,40734.09,44000.55,40565.39,43543.61,58349.05542,2482639471.907596,1304011,46688.26159999999,45751.79449999999,43.23844730913611,2647.232147295142,False,False,True
1632355200000,2021-09-23,BTCUSDT,43546.37,44978.0,43069.09,44865.26,48699.57655,2147211305.482089,1196106,46791.103200000005,45721.26205,46.833095240020405,2594.4948510597756,False,False,True
1632441600000,2021-09-24,BTCUSDT,44865.26,45200.0,40675.0,42810.57,84113.426292,3596718231.050549,1819744,46830.0654,45673.43904999999,42.34353562763742,2732.3880759840777,False,False,True
1632528000000,2021-09-25,BTCUSDT,42810.58,42966.84,41646.28,42670.64,33594.57189,1428238748.2095258,949787,46826.7408,45612.36975,42.04790836084335,2631.5432134137864,False,False,True
1632614400000,2021-09-26,BTCUSDT,42670.63,43950.0,40750.0,43160.9,49879.99765,2124657079.2797763,1374145,46798.508,45548.9163,43.535331264834205,2672.147269598516,False,False,True
1632700800000,2021-09-27,BTCUSDT,43160.9,44350.0,42098.0,42147.35,39776.84383,1728912299.8034244,1001487,46765.567599999995,45470.787249999994,41.182035268485365,2642.136750341479,False,False,True
1632787200000,2021-09-28,BTCUSDT,42147.35,42787.38,40888.0,41026.54,43372.2624,1816305387.838858,1045389,46661.0304,45389.81135,38.69134333929288,2589.0826967456587,False,False,True
1632873600000,2021-09-29,BTCUSDT,41025.01,42590.0,40753.88,41524.28,33511.53487,1399625476.0563762,884909,46579.8162,45291.4908,40.41482110325875,2535.299646978112,False,False,True
1632960000000,2021-09-30,BTCUSDT,41524.29,44141.37,41410.17,43824.1,46381.22781,2005486003.5646768,1197815,46546.0782,45215.76975,47.726859499647325,2549.2925293368185,False,False,True
1633046400000,2021-10-01,BTCUSDT,43820.01,48495.0,43283.03,48141.61,66244.87492,3076094886.5924745,1771237,46620.9304,45178.451799999995,58.11778146427216,2739.4837772413316,True,True,False
1633132800000,2021-10-02,BTCUSDT,48141.6,48336.59,47430.18,47634.9,30508.98131,1459064880.5324447,996116,46617.62840000001,45132.12255,56.69342403756454,2608.549936009808,False,False,False
1633219200000,2021-10-03,BTCUSDT,47634.89,49228.08,47088.0,48200.01,30825.05601,1482764462.1905773,1114294,46640.2584,45078.55774999999,57.931715724593104,2575.087797723393,False,False,False
1633305600000,2021-10-04,BTCUSDT,48200.01,49536.12,46891.0,49224.94,46796.49372,2258464361.1263566,1437692,46685.2808,45036.44165,60.15691040954198,2580.090097886008,False,False,False
1633392000000,2021-10-05,BTCUSDT,49224.93,51886.3,49022.4,51471.99,52125.66793,2618101829.017722,1641651,46796.694800000005,45003.65155,64.58035536942421,2600.3622337512934,False,False,False
1633478400000,2021-10-06,BTCUSDT,51471.99,55750.0,50382.41,55315.0,79877.545181,4236927265.3815217,2443126,47009.0758,44989.71515,70.59341687936185,2798.0213599119147,False,False,False
1633564800000,2021-10-07,BTCUSDT,55315.0,55332.31,53357.0,53785.22,54917.37766,2983143121.088643,1703147,47190.674399999996,44971.883449999994,65.80437779403114,2739.256262775349,False,False,False
1633651200000,2021-10-08,BTCUSDT,53785.22,56100.0,53617.61,53951.43,46160.25785,2522087625.0940795,1548832,47334.490600000005,44971.22435,66.07367623225028,2720.90867257711,False,False,False
1633737600000,2021-10-09,BTCUSDT,53955.67,55489.0,53661.67,54949.72,55177.08013,3024862790.6955924,1609483,47447.035599999996,44974.2685,67.71807449763025,2657.081624535888,False,False,False
1633824000000,2021-10-10,BTCUSDT,54949.72,56561.31,54080.0,54659.0,89237.836128,4923958325.389875,2427176,47563.77819999999,44986.04525,66.70410327298978,2644.52650849761,False,False,False
1633910400000,2021-10-11,BTCUSDT,54659.01,57839.04,54415.06,57471.35,52933.165751,2994673617.7236485,1690409,47728.4208,45016.933099999995,71.19710255467365,2700.201757890638,False,False,False
1633996800000,2021-10-12,BTCUSDT,57471.35,57680.0,53879.0,55996.93,53471.2855,3017210682.8859496,1554412,47858.5824,45021.7898,66.15679950958308,2778.8302037555923,False,False,False
1634083200000,2021-10-13,BTCUSDT,55996.91,57777.0,54167.19,57367.0,55808.44492,3123307687.477303,1610489,48052.4422,45029.5391,68.3957574826847,2838.1859034873355,False,False,False
1634169600000,2021-10-14,BTCUSDT,57370.83,58532.54,56818.05,57347.94,43053.336781,2481915791.591235,1372048,48219.9346,45037.39065,68.32803415904725,2757.9219103810974,False,False,False
1634256000000,2021-10-15,BTCUSDT,57347.94,62933.0,56850.0,61672.42,82512.908022,4959389368.726733,2649137,48516.5056,45057.5754,74.49795723709755,2995.427488211019,False,False,False
1634342400000,2021-10-16,BTCUSDT,61672.42,62378.42,60150.0,60875.57,35467.88096,2173374058.808911,1360379,48752.619000000006,45068.2204,71.72524906946529,2940.641239053089,False,False,False
1634428800000,2021-10-17,BTCUSDT,60875.57,61718.39,58963.0,61528.33,39099.24124,2371696294.797305,1331655,49005.27859999999,45082.1593,72.62410435027485,2927.4090076921543,False,False,False
1634515200000,2021-10-18,BTCUSDT,61528.32,62695.78,59844.45,62009.84,51798.44844,3195091233.4205527,1629184,49270.1188,45098.60630000001,73.29842176931122,2921.9747928570005,False,False,False
1634601600000,2021-10-19,BTCUSDT,62005.6,64486.0,61322.22,64280.59,53628.107744,3370863940.269437,1755708,49616.072400000005,45125.2592,76.26729696940177,2939.2465933672147,False,False,False
1634688000000,2021-10-20,BTCUSDT,64280.59,67000.0,63481.4,66001.41,51428.934856,3362878816.4045925,1823286,49994.082800000004,45170.006550000006,78.24167902335473,2980.6289795552707,False,False,False
1634774400000,2021-10-21,BTCUSDT,66001.4,66639.74,62000.0,62193.15,68538.64537,4407757970.879756,2181665,50261.7354,45189.96225,65.2954636013057,3099.1369095870373,False,False,False
1634860800000,2021-10-22,BTCUSDT,62193.15,63732.39,60000.0,60688.22,52119.35886,3229377744.311425,1555280,50490.566999999995,45197.7534,61.00001061345028,3144.3692731879632,False,False,False
1634947200000,2021-10-23,BTCUSDT,60688.23,61747.64,59562.15,61286.75,27626.93678,1686121722.2187824,982103,50716.3192,45214.2314,62.068763421077755,3075.87789653168,False,False,False
1635033600000,2021-10-24,BTCUSDT,61286.75,61500.0,59510.63,60852.22,31226.57676,1889694558.9504948,1052085,50935.0508,45238.72525,60.766803259522376,2998.27018963656,False,False,False
1635120000000,2021-10-25,BTCUSDT,60852.22,63710.63,60650.0,63078.78,36853.83806,2309339650.10938,1270453,51161.4888,45263.731550000004,64.83695331008101,3002.7244618053774,False,False,False
1635206400000,2021-10-26,BTCUSDT,63078.78,63293.48,59817.55,60328.81,40217.50083,2492606133.3189454,1334460,51314.78699999999,45274.6629,56.97517761811204,3036.5248573907074,False,False,False
1635292800000,2021-10-27,BTCUSDT,60328.81,61496.0,58000.0,58413.44,62124.49016,3688306192.972418,1913083,51545.78119999999,45267.884450000005,52.225240038876535,3069.3445104342286,False,False,False
1635379200000,2021-10-28,BTCUSDT,58413.44,62499.0,57820.0,60575.89,61056.35301,3677629851.059607,1878275,51836.332800000004,45270.75175000001,56.62215682085151,3184.3199025460694,False,False,False
1635465600000,2021-10-29,BTCUSDT,60575.9,62980.0,60174.81,62253.71,43973.90414,2706090987.3096256,1417344,52153.504199999996,45282.7203,59.71975984349424,3157.23919522135,False,False,False
1635552000000,2021-10-30,BTCUSDT,62253.7,62359.25,60673.0,61859.19,31478.12566,1937860260.4380624,1197748,52493.669799999996,45274.14125,58.65903903193524,3052.1685384198254,False,False,False
1635638400000,2021-10-31,BTCUSDT,61859.19,62405.3,59945.36,61299.8,39267.63794,2396556477.343494,1563417,52816.192,45265.842599999996,57.11012780847867,3009.8664999612665,False,False,False
1635724800000,2021-11-01,BTCUSDT,61299.81,62437.74,59405.0,60911.11,44687.66672,2737282804.738131,1472636,53113.909400000004,45254.598249999995,56.00355365811025,3011.5003213926047,False,False,False
1635811200000,2021-11-02,BTCUSDT,60911.12,64270.0,60624.68,63219.99,46368.2841,2909221038.40065,1858362,53479.4946,45264.0242,60.85554798290721,3056.7731555788473,False,False,False
1635897600000,2021-11-03,BTCUSDT,63220.57,63500.0,60382.76,62896.48,43336.09049,2713389500.4663587,1601925,53795.1938,45278.4733,59.85944012374678,3061.0922158946437,False,False,False
1635984000000,2021-11-04,BTCUSDT,62896.49,63086.31,60677.01,61395.01,35930.93314,2218138026.7045407,1346081,54060.6658,45304.698300000004,55.332544664015025,3014.535629045026,False,False,False
1636070400000,2021-11-05,BTCUSDT,61395.01,62595.72,60721.0,60937.12,31604.48749,1943346371.470386,1243074,54324.6518,45331.2182,53.991562823866836,2933.1202269703813,False,False,False
1636156800000,2021-11-06,BTCUSDT,60940.18,61560.49,60050.0,61470.61,25590.57408,1556774943.5537283,965309,54608.064399999996,45356.44625,55.34931402716783,2831.5037821867822,False,False,False
1636243200000,2021-11-07,BTCUSDT,61470.62,63286.35,61322.78,63273.59,25515.6883,1585744720.199772,1068629,54907.68140000001,45403.876050000006,59.67996267256326,2769.508512030584,False,False,False
1636329600000,2021-11-08,BTCUSDT,63273.58,67789.0,63273.58,67525.83,54442.094554,3575716171.0443,2349581,55313.363,45483.0504,67.64926804183474,2894.216475456971,False,False,False
1636416000000,2021-11-09,BTCUSDT,67525.82,68524.25,66222.4,66947.66,44661.378068,3014326962.087268,1847655,55792.0038,45562.163,65.7464625251231,2851.904584352902,False,False,False
1636502400000,2021-11-10,BTCUSDT,66947.67,69000.0,62822.9,64882.43,65171.504046,4335575752.805223,2347934,56274.9648,45636.33595,59.32723241284392,3089.418542613409,False,False,False
1636588800000,2021-11-11,BTCUSDT,64882.42,65600.07,64100.0,64774.26,37237.98058,2415537333.57771,1327827,56699.5778,45714.8734,59.00229289572965,2975.8936467124518,False,False,False
1636675200000,2021-11-12,BTCUSDT,64774.25,65450.7,62278.0,64122.23,44490.10816,2844286547.504041,1479149,57084.7172,45765.4776,56.97652433662616,2989.9512433758478,False,False,False
1636761600000,2021-11-13,BTCUSDT,64122.22,65000.0,63360.22,64380.0,22504.97383,1442441613.5983922,904149,57516.1058,45812.31775,57.59635576909803,2893.510440277573,False,False,False
1636848000000,2021-11-14,BTCUSDT,64380.01,65550.51,63576.27,65519.1,25705.07347,1658473781.2937696,951393,57973.075,45865.68215,60.317088001041895,2827.8482659720316,False,False,False
1636934400000,2021-11-15,BTCUSDT,65519.11,66401.82,63400.0,63606.74,37829.37124,2460915922.876128,1305209,58381.9918,45915.94085,54.047348523470795,2840.2748184026013,False,False,False
1637020800000,2021-11-16,BTCUSDT,63606.73,63617.31,58574.07,60058.87,77455.15609,4705744041.299647,2353681,58740.2222,45927.763849999996,44.7530875620589,2997.629474230987,False,False,False
1637107200000,2021-11-17,BTCUSDT,60058.87,60840.23,58373.0,60344.87,46289.38491,2767802055.200423,1471305,59126.5888,45940.48635,45.5657233487839,2959.743797500202,False,False,False
1637193600000,2021-11-18,BTCUSDT,60344.86,60976.0,56474.26,56891.62,62146.99931,3644824179.1448526,1960419,59433.935600000004,45942.0534,38.24987600949009,3069.8863833930445,False,False,True
1637280000000,2021-11-19,BTCUSDT,56891.62,58320.0,55600.0,58052.24,50715.88726,2896189975.910774,1560459,59718.4984,45946.46765,41.64127490314287,3044.89449886497,False,False,True
1637366400000,2021-11-20,BTCUSDT,58057.1,59845.0,57353.0,59707.51,33811.5901,1982718831.1570768,1200190,59949.8164,45979.00515,46.1811020539776,3005.4020346603293,False,False,True
1637452800000,2021-11-21,BTCUSDT,59707.52,60029.76,58486.65,58622.02,31902.22785,1886578154.5167084,1249219,60169.5588,45984.934700000005,43.77611677382911,2900.952603613163,False,False,True
1637539200000,2021-11-22,BTCUSDT,58617.7,59444.0,55610.0,56247.18,51724.32047,2968622334.137657,1624768,60330.502199999995,45984.20220000001,38.99185201502994,2967.5988462122227,False,False,True
1637625600000,2021-11-23,BTCUSDT,56243.83,58009.99,55317.0,57541.27,49917.85017,2837210673.4885187,1570845,60496.828799999996,45985.334800000004,42.668770771138796,2947.983928625635,False,False,True
1637712000000,2021-11-24,BTCUSDT,57541.26,57735.0,55837.0,57138.29,39612.04964,2246374244.330568,1432991,60610.1548,45976.71599999999,41.823453431404864,2872.985076580947,False,False,True
1637798400000,2021-11-25,BTCUSDT,57138.29,59398.9,57000.0,58960.36,42153.51522,2455658857.7005925,1604266,60683.062000000005,45980.3136,46.941786218578144,2839.121856825165,False,False,True
1637884800000,2021-11-26,BTCUSDT,58960.37,59150.0,53500.0,53726.53,65927.87066,3649353860.4295673,2138184,60681.8882,45969.865549999995,36.899359923331986,3039.898867051939,False,False,True
1637971200000,2021-11-27,BTCUSDT,53723.72,55280.0,53610.0,54721.03,29716.99957,1623173123.4917314,1110145,60697.280199999994,45960.120599999995,39.545877729867065,2942.0489479768003,False,False,True
1638057600000,2021-11-28,BTCUSDT,54716.47,57445.05,53256.64,57274.88,36163.7137,1982198373.5328348,1253408,60743.78340000001,45998.3384,45.82909954551114,3031.0747374070293,False,False,True
1638144000000,2021-11-29,BTCUSDT,57274.89,58865.97,56666.67,57776.25,40125.28009,2313371348.113543,1349625,60806.12840000001,46038.8648,46.993843403277765,2971.66225616367,False,False,True
1638230400000,2021-11-30,BTCUSDT,57776.25,59176.99,55875.55,56950.56,49161.05194,2823644073.0219045,1587472,60795.712600000006,46074.41035,45.26762612695308,2995.2178092948366,False,False,True
1638316800000,2021-12-01,BTCUSDT,56950.56,59053.55,56458.01,57184.07,44956.63656,2584928714.0757422,1442301,60819.4554,46126.51575,45.87316257393466,2966.6693943452055,False,False,True
1638403200000,2021-12-02,BTCUSDT,57184.07,57375.47,55777.77,56480.34,37574.05976,2127110102.107309,1307890,60801.7222,46176.75995,44.28308208630856,2868.8858661776912,False,False,True
1638489600000,2021-12-03,BTCUSDT,56484.26,57600.0,51680.0,53601.05,58927.69027,3246198505.9468517,1865063,60726.784400000004,46227.075,38.41583087011395,3086.822590022142,False,False,True
1638576000000,2021-12-04,BTCUSDT,53601.05,53859.1,42000.3,49152.47,114203.373748,5495712061.978532,3362771,60476.3854,46258.588449999996,31.47667853237577,3713.39240502056,False,False,True
1638662400000,2021-12-05,BTCUSDT,49152.46,49699.05,47727.21,49396.33,45580.82012,2231486105.843912,1371839,60246.800599999995,46322.11965,32.19966781689341,3588.995804661949,False,False,True
1638748800000,2021-12-06,BTCUSDT,49396.32,50891.11,47100.0,50441.92,58571.21575,2851528919.1795363,1741956,60025.072400000005,46371.696050000006,35.3493856252056,3603.4325329003814,False,False,True
1638835200000,2021-12-07,BTCUSDT,50441.91,51936.33,50039.74,50588.95,38253.46877,1950573500.2086656,1212350,59796.6546,46438.380750000004,35.80103051502023,3481.5152091217833,False,False,True
1638921600000,2021-12-08,BTCUSDT,50588.95,51200.0,48600.0,50471.19,38425.92466,1925458787.114752,1118225,59520.4666,46503.48805000001,35.58659957024375,3418.5498370416562,False,False,True
1639008000000,2021-12-09,BTCUSDT,50471.19,50797.76,47320.0,47545.59,37692.68665,1841474998.89511,1130599,59151.35019999999,46567.939750000005,30.67153452408587,3422.779134395824,False,False,True
1639094400000,2021-12-10,BTCUSDT,47535.9,50125.0,46852.0,47140.54,44233.57391,2135023722.853152,1215231,58850.297999999995,46609.66099999999,30.05265795684265,3412.0806247961223,False,False,True
1639180800000,2021-12-11,BTCUSDT,47140.54,49485.71,46751.0,49389.99,28889.19358,1397524635.5814018,957390,58624.33340000001,46664.98735,37.58468842983328,3363.697008739256,False,False,True
1639267200000,2021-12-12,BTCUSDT,49389.99,50777.0,48638.0,50053.9,26017.93421,1292315883.6245537,863605,58399.676400000004,46719.047300000006,39.650230372235725,3276.2186509721664,False,False,True
1639353600000,2021-12-13,BTCUSDT,50053.9,50189.97,45672.75,46702.75,50869.52093,2423888500.7903047,1399599,58116.687000000005,46759.91115,33.60496153803888,3364.861604474155,False,False,True
1639440000000,2021-12-14,BTCUSDT,46702.76,48700.41,46290.0,48343.28,39955.98445,1887427362.4740963,1194992,57821.977,46823.310099999995,38.54470298763128,3296.6864898688586,False,False,True
1639526400000,2021-12-15,BTCUSDT,48336.95,49500.0,46547.0,48864.98,51629.181,2487012309.091549,1438176,57592.7004,46894.60925,40.071644132745746,3272.137454878226,False,False,True
1639612800000,2021-12-16,BTCUSDT,48864.98,49436.43,47511.0,47632.38,31949.86739,1551200654.0527449,1023983,57377.07920000001,46954.56480000001,37.688977199767216,3175.944065244067,False,False,True
1639699200000,2021-12-17,BTCUSDT,47632.38,47995.96,45456.0,46131.2,43104.4887,2015966349.5161328,1261780,57088.1854,46998.95175,34.962371438893015,3130.516632012348,False,False,True
1639785600000,2021-12-18,BTCUSDT,46133.83,47392.37,45500.0,46834.48,25020.05271,1165205135.7008429,862066,56779.8008,47049.6587,37.25262587441312,3042.077586868609,False,False,True
1639872000000,2021-12-19,BTCUSDT,46834.47,48300.01,46406.91,46681.23,29305.70665,1384958598.3627698,874827,56476.2416,47095.22145,36.9473034637483,2960.007759235137,False,False,True
1639958400000,2021-12-20,BTCUSDT,46681.24,47537.57,45558.85,46914.16,35848.50609,1663363117.8304534,1076488,56188.5288,47133.558300000004,37.78199782655817,2889.915776432628,False,False,True
1640044800000,2021-12-21,BTCUSDT,46914.17,49328.96,46630.0,48889.88,37713.92924,1827234149.05988,1119412,55948.1042,47193.862700000005,44.49394914712981,2876.276078116012,False,False,True
1640131200000,2021-12-22,BTCUSDT,48887.59,49576.13,48421.87,48588.16,27004.2022,1322418595.3337295,949480,55655.467599999996,47259.2375,43.718310407763695,2753.2749296791535,False,False,True
1640217600000,2021-12-23,BTCUSDT,48588.17,51375.0,47920.42,50838.81,35192.54046,1738129830.7814522,1176050,55414.3142,47334.45,50.631759008028006,2803.368148987786,False,False,True
1640304000000,2021-12-24,BTCUSDT,50838.82,51810.0,50384.43,50820.0,31661.94946,1616919305.7036664,1074410,55202.814000000006,47420.78605,50.57584298719386,2704.953995488658,False,False,True
1640390400000,2021-12-25,BTCUSDT,50819.99,51156.23,50142.32,50399.66,19135.51613,971491029.130824,766979,54992.06479999999,47505.88029999999,49.266476112140055,2584.16513866804,False,False,True
1640476800000,2021-12-26,BTCUSDT,50399.67,51280.0,49412.0,50775.49,22569.88914,1132200241.5624182,797133,54778.1624,47572.8175,50.50041925110533,2533.0104859060375,False,False,True
1640563200000,2021-12-27,BTCUSDT,50775.48,52088.0,50449.0,50701.44,28779.58212,1471423612.091862,1009238,54526.7194,47642.9461,50.24113397583436,2469.152594055606,False,False,True
1640649600000,2021-12-28,BTCUSDT,50701.44,50704.05,47313.01,47543.74,45853.33924,2242102220.931004,1345774,54127.077600000004,47694.0049,40.65528883159594,2535.001694480206,False,False,True
1640736000000,2021-12-29,BTCUSDT,47543.74,48139.08,46096.99,46464.66,39498.87,1873785571.2732968,1114074,53717.4176,47748.597649999996,37.98791496210763,2499.7937163030488,False,False,True
1640822400000,2021-12-30,BTCUSDT,46464.66,47900.0,45900.0,47120.87,30352.29569,1428755720.453203,910157,53362.1864,47789.09915,40.54265231549752,2464.094165138545,False,False,True
1640908800000,2021-12-31,BTCUSDT,47120.88,48548.26,45678.0,46216.93,34937.99796,1650715977.918517,1059783,52991.039800000006,47817.60235,38.207577142291754,2493.1060104857925,False,False,True
1640995200000,2022-01-01,BTCUSDT,46216.93,47954.63,46208.37,47722.65,19604.46325,924155159.5834864,714899,52663.048200000005,47855.4954,43.994028928890785,2439.759866879664,False,False,True
1641081600000,2022-01-02,BTCUSDT,47722.66,47990.0,46654.0,47286.18,18340.4604,866610995.5633582,709624,52321.171800000004,47900.18125,42.74448349631056,2360.9198763882596,False,False,True
1641168000000,2022-01-03,BTCUSDT,47286.18,47570.0,45696.0,46446.1,27662.0771,1292203508.3256547,885624,51939.7118,47941.946899999995,40.36793965920991,2326.1398852176694,False,False,True
1641254400000,2022-01-04,BTCUSDT,46446.1,47557.54,45500.0,45832.01,35491.4136,1649170424.1276135,1021815,51584.2172,47992.00775,38.67518424915265,2306.954179130693,False,False,True
1641340800000,2022-01-05,BTCUSDT,45832.01,47070.0,42500.0,43451.13,51784.11857,2334288544.645448,1478532,51252.0624,48031.844800000006,32.91268248340758,2468.6003091927864,False,False,True
1641427200000,2022-01-06,BTCUSDT,43451.14,43816.0,42430.58,43082.31,38880.37305,1674466154.4383326,1150707,50906.811200000004,48069.25555000001,32.11442953383528,2391.230287107587,False,False,True
1641513600000,2022-01-07,BTCUSDT,43082.3,43145.83,40610.0,41566.48,54836.50818,2293851015.4652367,1406635,50600.3084,48119.0433,29.00118189774055,2401.558838028474,False,False,True
1641600000000,2022-01-08,BTCUSDT,41566.48,42300.0,40501.0,41679.74,32952.73111,1367233494.827767,1021908,50272.8584,48164.8942,29.55072370035211,2358.5189210264402,False,False,True
1641686400000,2022-01-09,BTCUSDT,41679.74,42786.7,41200.02,41864.62,22724.39426,952830064.5125848,752733,49916.0006,48205.82695,30.496426785440434,2303.3875695245515,False,False,True
1641772800000,2022-01-10,BTCUSDT,41864.62,42248.5,39650.0,41822.49,50729.17019,2088111339.5055964,1250983,49580.01,48241.62395000001,30.396291973341278,2324.467028844226,False,False,True
1641859200000,2022-01-11,BTCUSDT,41822.49,43100.0,41268.93,42729.29,37296.43729,1574803608.9600787,1015526,49309.652200000004,48297.348150000005,35.3191423483417,2289.2243839267817,False,False,True
1641945600000,2022-01-12,BTCUSDT,42729.29,44322.0,42450.0,43902.66,33943.2928,1470906437.7120714,1023902,49036.88,48355.4432,41.12204310187788,2259.422642217726,False,False,True
1642032000000,2022-01-13,BTCUSDT,43902.65,44500.0,42311.22,42560.11,34910.87762,1515944525.4954946,1036234,48745.3164,48394.74205,37.02861630233921,2254.376739202174,False,False,True
1642118400000,2022-01-14,BTCUSDT,42558.35,43448.78,41725.95,43059.96,32640.88292,1392000443.3501673,946938,48427.3084,48437.5674,39.44548354789251,2216.4091149734477,False,False,True
1642204800000,2022-01-15,BTCUSDT,43059.96,43800.0,42555.0,43084.29,21936.05616,946488263.548448,752688,48214.4636,48473.430199999995,39.56706584270934,2147.0227496182015,False,False,True
1642291200000,2022-01-16,BTCUSDT,43084.29,43475.0,42581.79,43071.66,20602.35271,887203134.0531468,732171,47981.476200000005,48513.5635,39.52270330689879,2057.4646960740442,False,False,True
1642377600000,2022-01-17,BTCUSDT,43071.66,43176.18,41540.42,42201.62,27562.08613,1169381684.4668436,918029,47680.011,48557.04815,36.48776200241483,2027.3429320687555,False,False,True
1642464000000,2022-01-18,BTCUSDT,42201.63,42691.0,41250.0,42352.12,29324.08257,1228459687.3994458,905061,47371.528399999996,48599.876,37.383486597472114,1985.4612940638444,False,False,True
1642550400000,2022-01-19,BTCUSDT,42352.12,42559.13,41138.56,41660.01,31685.72159,1327478459.1602297,924528,47065.717399999994,48634.8304,34.94287313715479,1945.111915916427,False,False,True
1642636800000,2022-01-20,BTCUSDT,41660.0,43505.0,40553.31,40680.91,42330.33953,1784801200.4044871,1098761,46735.6542,48661.8024,31.781801626282586,2017.0103504938252,False,False,True
1642723200000,2022-01-21,BTCUSDT,40680.92,41100.0,35440.45,36445.31,88860.891999,3405501703.2219367,2092561,46334.9536,48675.57825,22.358685414111008,2277.191754029981,False,False,True
1642809600000,2022-01-22,BTCUSDT,36445.31,36835.22,34008.0,35071.42,90471.338961,3207531048.030652,2099978,45964.361,48679.835300000006,20.26030720748402,2316.4794858849823,False,False,True
1642896000000,2022-01-23,BTCUSDT,35071.42,36499.0,34601.01,36244.55,44279.52354,1572414639.0428774,1142407,45706.2026,48691.747449999995,26.595220861764787,2286.5873797503405,False,False,True
1642982400000,2022-01-24,BTCUSDT,36244.55,37550.0,32917.17,36660.35,91904.753211,3192041586.10319,1999352,45451.483,48710.67065000001,28.755647930864455,2454.176138339602,False,False,True
1643068800000,2022-01-25,BTCUSDT,36660.35,37545.14,35701.0,36958.32,49232.40183,1799224214.4997392,1248246,45181.81100000001,48726.383200000004,30.33793171688049,2410.6021284582016,False,False,True
1643155200000,2022-01-26,BTCUSDT,36958.32,38919.98,36234.63,36809.34,69830.16036,2627491976.6908574,1584468,44906.2188,48742.915550000005,29.979424958379468,2430.2269764254734,False,False,True
1643241600000,2022-01-27,BTCUSDT,36807.24,37234.47,35507.01,37160.1,53020.87934,1925920128.3436608,1308408,44639.997,48757.42110000001,32.016384532145054,2380.0293352522253,False,False,True
1643328000000,2022-01-28,BTCUSDT,37160.11,38000.0,36155.01,37716.56,42154.26956,1560203931.220128,1061101,44443.41640000001,48780.57075,35.23525831683676,2341.8122398770665,False,False,True
1643414400000,2022-01-29,BTCUSDT,37716.57,38720.74,37268.44,38166.84,26129.49682,989652386.9966494,816601,44263.9424,48807.756100000006,37.80158760028458,2278.2756513144186,False,False,True
1643500800000,2022-01-30,BTCUSDT,38166.83,38359.26,37351.63,37881.76,21430.66527,812750216.6010319,698593,44033.777799999996,48833.06480000001,36.80715630477686,2187.5152476491035,False,False,True
1643587200000,2022-01-31,BTCUSDT,37881.75,38744.0,36632.61,38466.9,36855.2458,1386754529.0295446,936014,43802.037800000006,48865.9993,40.27982638913899,2182.0777299598817,False,False,True
1643673600000,2022-02-01,BTCUSDT,38466.9,39265.2,38000.0,38694.59,34574.44663,1334266166.7099986,917617,43641.8746,48902.5529,41.624131454290215,2116.5864635341754,False,False,True
1643760000000,2022-02-02,BTCUSDT,38694.59,38855.92,36586.95,36896.36,35794.6813,1353093948.9776013,907905,43412.936200000004,48929.43435,34.935597788364404,2127.471001853163,False,False,True
1643846400000,2022-02-03,BTCUSDT,36896.37,37387.0,36250.0,37311.61,32081.10999,1179502838.6566265,848961,43181.86880000001,48957.0996,37.43572017260286,2056.723073149366,False,False,True
1643932800000,2022-02-04,BTCUSDT,37311.98,41772.33,37026.73,41574.25,64703.95874,2526572562.0582848,1380724,43060.70619999999,49010.7726,56.08868784537076,2248.785710781554,False,False,True
1644019200000,2022-02-05,BTCUSDT,41571.7,41913.69,40843.01,41382.59,32532.34372,1349805515.9300363,1006352,42965.734000000004,49068.7338,55.290492017167225,2164.635302868586,False,False,True
1644105600000,2022-02-06,BTCUSDT,41382.6,42656.0,41116.56,42380.87,22405.16704,934168802.8801152,788291,42876.66180000001,49119.91560000001,58.59560412888912,2119.97849552083,False,False,True
1644192000000,2022-02-07,BTCUSDT,42380.87,44500.5,41645.85,43839.99,51060.62006,2204523609.903396,1473274,42819.837,49177.676400000004,62.9113036257966,2172.455031555057,True,False,False
1644278400000,2022-02-08,BTCUSDT,43839.99,45492.0,42666.0,44042.99,64880.29387,2847485971.4977336,1653350,42762.4136,49229.72090000001,63.48160722329701,2219.13681501541,False,False,False
1644364800000,2022-02-09,BTCUSDT,44043.0,44799.0,43117.92,44372.72,34428.16729,1512500139.1430995,1066395,42672.0704,49280.2938,64.43813198322289,2180.7041853714522,False,False,False
1644451200000,2022-02-10,BTCUSDT,44372.71,45821.0,43174.01,43495.44,62357.29091,2772188373.222784,1541483,42570.21599999999,49320.8659,59.93967671285753,2214.010314987777,False,False,False
1644537600000,2022-02-11,BTCUSDT,43495.44,43920.0,41938.51,42373.73,44975.1687,1937866768.5059533,1169354,42400.914399999994,49346.54655,54.68312615878242,2197.401721060078,False,False,True
1644624000000,2022-02-12,BTCUSDT,42373.73,43079.49,41688.88,42217.87,26556.85681,1123136004.7237244,830322,42228.87179999999,49360.34655,53.974827408936775,2139.7737409843585,False,False,True
1644710400000,2022-02-13,BTCUSDT,42217.87,42760.0,41870.0,42053.66,17732.08113,750533311.6529565,624898,42061.951799999995,49370.51705,53.193077444734435,2050.5041880569042,False,False,True
1644796800000,2022-02-14,BTCUSDT,42053.65,42842.4,41550.56,42535.94,34010.1306,1436927831.4445865,867622,41897.1608,49383.11435,55.24338122182751,1996.3138889099828,True,False,False
1644883200000,2022-02-15,BTCUSDT,42535.94,44751.4,42427.03,44544.86,38095.19576,1672855933.625659,990694,41774.0292,49394.8068,62.593626093939605,2019.7464682735558,False,False,False
1644969600000,2022-02-16,BTCUSDT,44544.85,44549.97,43307.0,43873.56,28471.8727,1250973502.301845,823745,41700.6256,49406.86545,59.10080286200443,1964.2624348254449,False,False,False
1645056000000,2022-02-17,BTCUSDT,43873.56,44164.71,40073.21,40515.7,47245.99494,1993400162.948067,1067658,41581.6464,49410.21675,45.44146998509952,2116.207975195056,False,False,True
1645142400000,2022-02-18,BTCUSDT,40515.71,40959.88,39450.0,39974.44,43845.92241,1765622365.952756,1025882,41438.717800000006,49414.349850000006,43.688667661233836,2072.8988341096947,False,False,True
1645228800000,2022-02-19,BTCUSDT,39974.45,40444.32,39639.03,40079.17,18042.0551,721960636.0646691,586653,41315.9626,49423.710450000006,44.13767088715589,1982.3553459590023,False,False,True
1645315200000,2022-02-20,BTCUSDT,40079.17,40125.44,38000.0,38386.89,33439.29011,1293216601.4518795,811235,41129.2474,49417.028999999995,38.75968455835919,1992.5756783905022,False,False,True
1645401600000,2022-02-21,BTCUSDT,38386.89,39494.35,36800.0,37008.16,62347.68496,2382027320.8617606,1352290,40923.687000000005,49397.7575,35.016239425569665,2042.7024156483235,False,False,True
1645488000000,2022-02-22,BTCUSDT,37008.16,38429.0,36350.0,38230.33,53785.94589,2010628230.7549176,1212527,40759.3716,49374.724799999996,40.50192868404693,2045.295100244872,False,False,True
1645574400000,2022-02-23,BTCUSDT,38230.33,39249.93,37036.79,37250.01,43560.732,1665486687.2399373,1030872,40587.7316,49338.11215,37.749249422182665,2057.2840216559525,False,False,True
1645660800000,2022-02-24,BTCUSDT,37250.02,39843.0,34322.28,38327.21,120476.29458,4335107392.009488,2622780,40485.25320000001,49310.77635,42.383109223037266,2304.6723058233847,False,False,True
1645747200000,2022-02-25,BTCUSDT,38328.68,39683.53,38014.37,39219.17,56574.57125,2197889580.2826686,1408558,40407.9904,49275.605200000005,45.96960371380082,2259.2785696931423,False,False,True
1645833600000,2022-02-26,BTCUSDT,39219.16,40348.45,38573.18,39116.72,29361.2568,1152621719.69438,924257,40358.9952,49243.263849999996,45.61835781325569,2224.706529000775,False,False,True
1645920000000,2022-02-27,BTCUSDT,39116.73,39855.7,37000.0,37699.07,46229.44719,1780512702.886402,1265753,40279.3818,49204.2042,40.9550921789883,2269.7774912150053,False,False,True
1646006400000,2022-02-28,BTCUSDT,37699.08,44225.84,37450.17,43160.0,73945.63858,2975160226.168985,1931087,40305.2894,49198.0092,58.53778184164071,2591.626956128219,True,False,False
1646092800000,2022-03-01,BTCUSDT,43160.0,44949.0,42809.98,44421.2,61743.09873,2701611023.69432,1866871,40357.2636,49181.11520000001,61.396869204630086,2559.2978878333456,False,False,False
1646179200000,2022-03-02,BTCUSDT,44421.2,45400.0,43334.09,43892.98,57782.65081,2550792948.288624,1653131,40380.5374,49165.23755,59.54489476741531,2524.05589584525,False,False,False
1646265600000,2022-03-03,BTCUSDT,43892.99,44101.12,41832.28,42454.0,50940.61021,2192152097.925188,1289320,40351.5642,49142.63845,54.703930325781016,2505.826188999161,False,False,False
1646352000000,2022-03-04,BTCUSDT,42454.0,42527.3,38550.0,39148.66,61964.68498,2527001270.7194686,1465066,40283.3352,49108.87529999999,45.544484185521675,2610.9314612135067,False,False,True
1646438400000,2022-03-05,BTCUSDT,39148.65,39613.24,38407.59,39397.96,30363.13341,1187689935.0879936,879727,40210.0952,49082.385350000004,46.27514656168861,2510.554213983971,False,False,True
1646524800000,2022-03-06,BTCUSDT,39397.97,39693.87,38088.57,38420.81,39677.26158,1542258009.6292188,986352,40116.825600000004,49050.96295,43.79475302219046,2445.893198699402,False,False,True
1646611200000,2022-03-07,BTCUSDT,38420.8,39547.57,37155.0,37988.0,63994.11559,2449362161.7015386,1456041,40015.1524,49007.099850000006,42.702932576253154,2442.0843987923017,False,False,True
1646697600000,2022-03-08,BTCUSDT,37988.01,39362.08,37867.65,38730.63,55583.06638,2149652714.804345,1271128,39945.7326,48954.140649999994,45.22619232675922,2374.394798878566,False,False,True
1646784000000,2022-03-09,BTCUSDT,38730.63,42594.06,38656.45,41941.71,67392.58799,2797240840.960747,1570230,39937.5244,48919.739850000005,54.54703368442492,2486.0530275300966,True,False,False
1646870400000,2022-03-10,BTCUSDT,41941.7,42039.63,38539.73,39422.0,71962.93154,2854310740.807673,1512655,39892.7642,48870.65375,47.68920842506939,2558.4706684208036,False,False,True
1646956800000,2022-03-11,BTCUSDT,39422.01,40236.26,38223.6,38729.57,59018.7642,2305825015.6010857,1252571,39853.737400000005,48816.857350000006,45.97848450255122,2519.4841921050324,False,False,True
1647043200000,2022-03-12,BTCUSDT,38729.57,39486.71,38660.52,38807.36,24034.36432,939663387.3149892,671733,39900.9784,48772.5241,46.21192617509353,2398.534606954673,False,False,True
1647129600000,2022-03-13,BTCUSDT,38807.35,39310.0,37578.51,37777.34,32791.82359,1268441605.1866877,841844,39955.0968,48716.5442,43.52965072612243,2350.888563600768,False,False,True
1647216000000,2022-03-14,BTCUSDT,37777.35,39947.12,37555.0,39671.37,46945.45375,1821922588.4472065,1114899,40023.6332,48680.6817,49.35126931921349,2353.8336662007137,False,False,True
1647302400000,2022-03-15,BTCUSDT,39671.37,39887.61,38098.33,39280.33,46015.54926,1796571984.458497,1060517,40076.0328,48631.73385,48.24541396194777,2313.508404329234,False,False,True
1647388800000,2022-03-16,BTCUSDT,39280.33,41718.0,38828.48,41114.0,88120.76167,3552563766.3655386,2051837,40159.1464,48592.8271,53.50651648143317,2354.652089734289,True,False,False
1647475200000,2022-03-17,BTCUSDT,41114.01,41478.82,40500.0,40917.9,37189.38087,1521083189.7108624,935784,40241.317599999995,48553.577450000004,52.88733112846538,2256.378369038983,False,False,False
1647561600000,2022-03-18,BTCUSDT,40917.89,42325.02,40135.04,41757.51,45408.00969,1862337033.4847207,1065054,40333.265799999994,48527.45045,55.273825649893524,2251.6356283933405,False,False,False
1647648000000,2022-03-19,BTCUSDT,41757.51,42400.0,41499.29,42201.13,29067.18108,1216709156.4428055,801197,40422.957200000004,48502.95165,56.52685710016859,2155.140940650959,False,False,False
1647734400000,2022-03-20,BTCUSDT,42201.13,42296.26,40911.0,41262.11,30653.33468,1273880705.2502496,799695,40484.8626,48465.2096,53.133591900000305,2100.1494448901763,False,False,False
1647820800000,2022-03-21,BTCUSDT,41262.11,41544.22,40467.94,41002.25,39426.24877,1618789548.0684211,947206,40547.272399999994,48423.987649999995,52.19973456632184,2027.0159131123066,False,False,False
1647907200000,2022-03-22,BTCUSDT,41002.26,43361.0,40875.51,42364.13,59454.94294,2525975507.8012,1367343,40625.217000000004,48385.812600000005,56.513440162267244,2059.764062175713,False,False,False
1647993600000,2022-03-23,BTCUSDT,42364.13,43025.96,41751.47,42882.76,40828.87039,1725787170.5823965,916671,40708.9804,48350.6482,58.06545408999187,2003.6730577345907,False,False,False
1648080000000,2022-03-24,BTCUSDT,42882.76,44220.89,42560.46,43991.46,56195.12374,2436258223.622338,1202541,40850.8824,48311.821099999994,61.249362116110305,1979.155696467834,False,False,False
1648166400000,2022-03-25,BTCUSDT,43991.46,45094.14,43579.0,44313.16,54614.43648,2421153187.6604123,1141588,40990.9134,48270.06739999999,62.1474228724653,1946.0117181487033,False,False,False
1648252800000,2022-03-26,BTCUSDT,44313.16,44792.99,44071.97,44511.27,23041.61741,1022802857.60941,693647,41049.6538,48258.305100000005,62.72040109328699,1858.51230970951,False,False,False
1648339200000,2022-03-27,BTCUSDT,44511.27,46999.0,44421.46,46827.76,41874.91071,1907019662.3441496,1135096,41158.557199999996,48262.20235000001,68.68872205062371,1909.8714304445452,False,False,False
1648425600000,2022-03-28,BTCUSDT,46827.76,48189.84,46663.56,47122.21,58949.2614,2789898402.616576,1498975,41253.384,48265.8377,69.36020139482008,1882.4720425556493,False,False,False
1648512000000,2022-03-29,BTCUSDT,47122.21,48096.47,46950.85,47434.8,36772.28457,1748600385.4502351,1095678,41325.2802,48278.75715,70.09344199070043,1829.8397538016745,False,False,False
1648598400000,2022-03-30,BTCUSDT,47434.79,47700.22,46445.42,47067.99,40947.2085,1932152559.8831124,1081607,41385.7802,48288.228650000005,68.03589635727369,1788.7654856729837,False,False,False
1648684800000,2022-03-31,BTCUSDT,47067.99,47600.0,45200.0,45510.34,48645.12667,2262485160.568584,1290541,41408.532600000006,48285.65415,59.9836284150469,1832.425093839199,False,False,False
1648771200000,2022-04-01,BTCUSDT,45510.35,46720.09,44200.0,46283.49,56271.06474,2556532890.870311,1372216,41464.2936,48292.36795,62.364605129247956,1881.5440157078276,False,False,False
1648857600000,2022-04-02,BTCUSDT,46283.49,47213.0,45620.0,45811.0,37073.53582,1721690754.4393935,1056716,41533.039,48285.86535,60.01450058749804,1860.9337288715542,False,False,False
1648944000000,2022-04-03,BTCUSDT,45810.99,47444.11,45530.92,46407.35,33394.67794,1550999693.0508049,966563,41616.8286,48277.29505,61.96277922175409,1864.6663196664433,False,False,False
1649030400000,2022-04-04,BTCUSDT,46407.36,46890.71,45118.0,46580.51,44641.87514,2053434523.8685389,1171998,41707.3656,48271.508499999996,62.533628187885725,1858.09801111884,False,False,False
1649116800000,2022-04-05,BTCUSDT,46580.5,47200.0,45353.81,45497.55,42192.74852,1951668192.9295096,1046080,41766.597799999996,48262.49635000001,56.793031756443305,1857.2474388960661,False,False,False
1649203200000,2022-04-06,BTCUSDT,45497.54,45507.14,43121.0,43170.47,60849.32936,2700644700.890392,1471912,41739.11,48236.885,46.84210794174745,1895.0254789749185,False,False,False
1649289600000,2022-04-07,BTCUSDT,43170.47,43900.99,42727.35,43444.19,37396.54156,1623879486.6600313,999816,41730.522600000004,48217.8972,47.996311470410035,1843.4979447624244,False,False,False
1649376000000,2022-04-08,BTCUSDT,43444.2,43970.62,42107.14,42252.01,42375.04203,1830699971.611312,1108136,41765.2488,48214.07915,43.559995627295635,1844.9252344222514,False,False,False
1649462400000,2022-04-09,BTCUSDT,42252.02,42800.0,42125.48,42753.97,17891.66047,759274586.6137776,640230,41820.8394,48224.1771,45.830294491416005,1761.3248605349477,False,False,False
1649548800000,2022-04-10,BTCUSDT,42753.96,43410.3,41868.0,42158.85,22771.09403,971459737.5009404,678983,41862.433,48217.253300000004,43.59148188048029,1745.6802276395945,False,False,False
1649635200000,2022-04-11,BTCUSDT,42158.85,42414.71,39200.0,39530.45,63560.44721,2602039073.0150447,1385924,41885.304200000006,48190.579249999995,35.37273917619777,1850.6109256653376,False,False,True
1649721600000,2022-04-12,BTCUSDT,39530.45,40699.0,39254.63,40074.94,57751.01778,2309514071.5938725,1153667,41946.6398,48176.9011,37.9813494293312,1821.5937166892425,False,False,True
1649808000000,2022-04-13,BTCUSDT,40074.95,41561.31,39588.54,41147.79,41342.27254,1677171454.091079,948061,42004.989,48169.286850000004,42.874174797293186,1832.3920226400105,False,False,True
1649894400000,2022-04-14,BTCUSDT,41147.78,41500.0,39551.94,39942.38,36807.01401,1494726286.01801,803756,42058.83640000001,48153.19425,39.13808392434689,1840.6540210228668,False,False,True
1649980800000,2022-04-15,BTCUSDT,39942.37,40870.36,39766.4,40551.9,24026.35739,966888436.8162508,616536,42103.3302,48145.217000000004,41.89529983030049,1788.0330195212334,False,False,True
1650067200000,2022-04-16,BTCUSDT,40551.9,40709.35,39991.55,40378.71,15805.44718,638275503.9141085,423446,42126.52099999999,48141.977849999996,41.32246305739186,1711.5878038411452,False,False,True
1650153600000,2022-04-17,BTCUSDT,40378.7,40595.67,39546.17,39678.12,19988.49259,803414248.9836986,590241,42137.749,48132.74705,38.99945896974862,1664.295817852492,False,False,True
1650240000000,2022-04-18,BTCUSDT,39678.11,41116.73,38536.51,40801.13,54243.49575,2153574975.9131336,1157741,42199.790199999996,48117.6322,44.39553220341579,1729.7189737201713,False,False,True
1650326400000,2022-04-19,BTCUSDT,40801.13,41760.0,40571.0,41493.18,35788.85843,1472363265.362188,934526,42166.453799999996,48084.39005000001,47.47884073412535,1691.0961898830162,False,False,True
1650412800000,2022-04-20,BTCUSDT,41493.19,42199.0,40820.0,41358.19,40877.35041,1697039284.0853004,1063843,42105.193600000006,48053.0065,46.932168862353706,1668.8036048913723,False,False,True
1650499200000,2022-04-21,BTCUSDT,41358.19,42976.0,39751.0,40480.01,59316.27657,2476061417.8872576,1515456,42036.934199999996,48014.406500000005,43.428910372178635,1779.9604902562744,False,False,True
1650585600000,2022-04-22,BTCUSDT,40480.01,40795.06,39177.0,39709.18,46664.0196,1870172362.4022496,1043471,41982.037800000006,47966.827699999994,40.56651877227253,1768.3961695236833,False,False,True
1650672000000,2022-04-23,BTCUSDT,39709.19,39980.0,39285.0,39441.6,20291.42375,804677022.9078971,724132,41987.8966,47906.675749999995,39.591020430935316,1691.725014557706,False,False,True
1650758400000,2022-04-24,BTCUSDT,39441.61,39940.0,38929.62,39450.13,26703.61186,1056336243.0198607,868183,41988.94,47827.3514,39.640849408926144,1643.0575135178697,False,False,True
1650844800000,2022-04-25,BTCUSDT,39450.12,40616.0,38200.0,40426.08,63037.12784,2470071005.2401423,1280351,42029.0454,47760.555700000004,45.20948831090991,1698.2676911237363,False,False,True
1650931200000,2022-04-26,BTCUSDT,40426.08,40797.31,37702.26,38112.65,66650.258,2615206861.8349133,1381618,42031.5384,47681.361800000006,36.59160073685602,1798.037856043469,False,False,True
1651017600000,2022-04-27,BTCUSDT,38112.64,39474.72,37881.31,39235.72,57083.12272,2218523642.426388,1232083,42041.640199999994,47602.7918,42.33800340643474,1783.421580611793,False,False,True
1651104000000,2022-04-28,BTCUSDT,39235.72,40372.63,38881.43,39742.07,56086.6715,2223808385.806376,1135242,41997.6474,47528.20715,44.76833789381599,1762.5486105680932,False,False,True
1651190400000,2022-04-29,BTCUSDT,39742.06,39925.25,38175.0,38596.11,51453.65715,2006135662.8559997,1101140,41981.1296,47433.83095,40.597885954856025,1761.670138384658,False,False,True
1651276800000,2022-04-30,BTCUSDT,38596.11,38795.38,37578.2,37630.8,35321.18989,1354900532.1335113,1017369,41959.1542,47342.0003,37.434405737197515,1722.7779856428967,False,False,True
1651363200000,2022-05-01,BTCUSDT,37630.8,38675.0,37386.38,38468.35,38812.24104,1478259271.913873,1021157,41952.374,47247.50705,41.680632015627715,1691.7667009541187,False,False,True
1651449600000,2022-05-02,BTCUSDT,38468.35,39167.34,38052.0,38525.16,53200.92628,2058450718.2963235,1053893,41967.3304,47153.393149999996,41.968326400118265,1650.5933651716814,False,False,True
1651536000000,2022-05-03,BTCUSDT,38525.16,38651.51,37517.8,37728.95,40316.45358,1539320434.2647235,1005131,41928.482,47033.6758,39.06002996986574,1613.6731248022757,False,False,True
1651622400000,2022-05-04,BTCUSDT,37728.95,40023.77,37670.0,39690.0,62574.61736,2438553987.453544,1238847,41936.6754,46927.74795,48.52205225207612,1666.5371873163986,False,False,True
1651708800000,2022-05-05,BTCUSDT,39690.0,39845.51,35571.9,36552.97,88722.43355,3329684235.963952,1979692,41845.4548,46802.87115,38.282207141207635,1852.756673936656,False,False,True
1651795200000,2022-05-06,BTCUSDT,36552.97,36675.63,35258.0,36013.77,68437.80187,2466507512.182029,1214518,41747.372200000005,46672.8908,36.84299425258892,1821.6761972268948,False,False,True
1651881600000,2022-05-07,BTCUSDT,36013.77,36146.3,34785.0,35472.39,34281.70682,1222539413.6400983,746488,41621.6698,46528.849799999996,35.40381419906076,1788.7921831392598,False,False,True
1651968000000,2022-05-08,BTCUSDT,35472.4,35514.22,33713.95,34038.4,72445.64344,2498365159.9945807,1301451,41458.4152,46369.03475,31.8543885417255,1789.6120272007415,False,False,True
1652054400000,2022-05-09,BTCUSDT,34038.39,34243.15,30033.33,30076.31,191876.926428,6166367111.275724,2564538,41234.6992,46208.45055000001,24.53523120194727,1962.4840252578315,False,False,True
1652140800000,2022-05-10,BTCUSDT,30074.23,32658.99,29730.4,31017.1,165532.00311,5179856929.47993,2470325,41034.9962,46060.09495,28.723105331933425,2031.491594882272,False,False,True
1652227200000,2022-05-11,BTCUSDT,31017.11,32162.59,27785.0,29103.94,207063.739278,6300295994.553138,3559270,40769.7924,45899.1809,25.61058526164142,2199.070052390681,False,False,True
1652313600000,2022-05-12,BTCUSDT,29103.94,30243.0,26700.0,29029.75,204507.263138,5795451310.945577,3951233,40492.7322,45740.068549999996,25.49520856483781,2295.0650486484897,False,False,True
1652400000000,2022-05-13,BTCUSDT,29029.74,31083.37,28751.67,29287.05,97872.36957,2956855804.856112,2051900,40198.644,45571.1099,26.7280729585938,2297.6818308878837,False,False,True
1652486400000,2022-05-14,BTCUSDT,29287.05,30343.27,28630.0,30086.74,51095.87863,1501483453.5008905,1204626,39914.1156,45419.89955,30.57331849050078,2255.9381286816065,False,False,True
1652572800000,2022-05-15,BTCUSDT,30086.74,31460.0,29480.0,31328.89,46275.66912,1401499926.2304175,1016769,39650.468,45284.4768,36.176137669406586,2236.228262347206,False,False,True
1652659200000,2022-05-16,BTCUSDT,31328.89,31328.9,29087.04,29874.01,73082.19658,2185567735.6820626,1561954,39311.393000000004,45130.967399999994,32.83387796760154,2236.630529322406,False,False,True
1652745600000,2022-05-17,BTCUSDT,29874.01,30788.37,29450.38,30444.93,56724.13307,1715109131.0802064,1175382,38977.8474,44971.923500000004,35.35774941270046,2172.441920085091,False,False,True
1652832000000,2022-05-18,BTCUSDT,30444.93,30709.99,28654.47,28715.32,59749.15799,1762843836.126938,1379212,38603.457800000004,44806.20415,31.496428635914754,2164.0903543647273,False,False,True
1652918400000,2022-05-19,BTCUSDT,28715.33,30545.18,28691.38,30319.23,67877.36415,2014360135.785272,1860780,38268.4826,44651.3013,38.23279514377084,2141.9267576243897,False,False,True
1653004800000,2022-05-20,BTCUSDT,30319.22,30777.33,28730.0,29201.01,60517.25325,1800589029.270878,1694004,37942.296,44492.7508,35.60407617083649,2135.169846365505,False,False,True
1653091200000,2022-05-21,BTCUSDT,29201.01,29656.18,28947.28,29445.06,20987.13124,616194663.9792111,643486,37605.5274,44323.876150000004,36.628171969976854,2033.2934287679689,False,False,True
1653177600000,2022-05-22,BTCUSDT,29445.07,30487.99,29255.11,30293.94,36158.98748,1082530816.0162497,862880,37295.186200000004,44160.86345,40.19104692190855,1976.1210409988282,False,False,True
1653264000000,2022-05-23,BTCUSDT,30293.93,30670.51,28866.35,29109.15,63901.49932,1914305818.074519,1328317,36949.2222,43999.43415,37.05933551108049,1963.838109498912,False,False,True
1653350400000,2022-05-24,BTCUSDT,29109.14,29845.86,28669.0,29654.58,59442.96036,1740257602.3067698,946421,36610.7036,43843.02144999999,39.40035391731029,1907.625387391847,False,False,True
1653436800000,2022-05-25,BTCUSDT,29654.58,30223.74,29294.21,29542.15,59537.38659,1771708175.0718915,985440,36291.5956,43683.37915,39.077704841453425,1837.7614311495724,False,False,True
1653523200000,2022-05-26,BTCUSDT,29542.14,29886.64,28019.56,29201.35,94581.65463,2759055410.397752,1431112,36012.213200000006,43513.01795,38.06027542928986,1839.8556146388885,False,False,True
1653609600000,2022-05-27,BTCUSDT,29201.35,29397.66,28282.9,28629.8,90998.5201,2626515958.503489,1321406,35715.9254,43318.537800000006,36.35092903187388,1788.0630707361106,False,False,True
1653696000000,2022-05-28,BTCUSDT,28629.81,29266.0,28450.0,29031.33,34479.35127,994674257.5679232,684423,35451.5118,43128.956150000005,38.44256975589632,1718.62999425496,False,False,True
1653782400000,2022-05-29,BTCUSDT,29031.33,29587.78,28839.21,29468.1,27567.34764,804777532.6497605,635311,35185.7944,42951.8845,40.72443608257784,1649.3399946653199,False,False,True
1653868800000,2022-05-30,BTCUSDT,29468.1,32222.0,29299.62,31734.22,96785.9476,2980527582.467496,1380410,34977.3018,42786.68429999999,50.8951006142009,1740.2714236177972,False,False,True
1653955200000,2022-05-31,BTCUSDT,31734.23,32399.0,31200.01,31801.04,62433.11632,1981259117.011546,1161340,34822.713599999995,42625.078349999996,51.16120182746623,1701.6084647879547,False,False,True
1654041600000,2022-06-01,BTCUSDT,31801.05,31982.97,29301.0,29805.83,103395.63382,3171191028.249736,1404611,34617.3314,42452.2075,43.56901933157708,1771.6342887316723,False,False,True
1654128000000,2022-06-02,BTCUSDT,29805.84,30689.0,29594.55,30452.62,56961.42928,1711652906.191896,1086183,34403.428,42276.8751,46.348521168113926,1723.2639823936956,False,False,True
1654214400000,2022-06-03,BTCUSDT,30452.63,30699.0,29282.36,29700.21,54067.44727,1615616950.7143807,993769,34198.5846,42107.342450000004,43.65477267564702,1701.3622693655745,False,False,True
1654300800000,2022-06-04,BTCUSDT,29700.21,29988.88,29485.0,29864.04,25617.90113,760874329.4663155,618037,33984.8274,41956.3683,44.412343229458614,1615.827821553748,False,False,True
1654387200000,2022-06-05,BTCUSDT,29864.03,30189.0,29531.42,29919.21,23139.9281,691201528.1600257,604680,33775.6374,41804.24,44.682071269585734,1547.3815485856232,False,False,True
1654473600000,2022-06-06,BTCUSDT,29919.2,31765.64,29890.23,31373.1,68836.92456,2149499896.934937,1124745,33609.537000000004,41676.647399999994,51.37776928366402,1570.8121522580789,False,False,True
1654560000000,2022-06-07,BTCUSDT,31373.1,31589.6,29218.96,31125.33,110674.51658,3347397952.730591,1743957,33416.02099999999,41542.01285,50.261252868466244,1627.942712811073,False,False,True
1654646400000,2022-06-08,BTCUSDT,31125.32,31327.22,29843.88,30204.77,68542.61276,2087270428.3470397,1236327,33190.252799999995,41394.49915,46.24055900886615,1617.6139476102821,False,False,True
1654732800000,2022-06-09,BTCUSDT,30204.77,30700.0,29944.1,30109.93,46291.1865,1399839073.774508,841562,32965.2876,41251.9387,45.833762390433364,1556.062951352405,False,False,True
1654819200000,2022-06-10,BTCUSDT,30109.93,30382.8,28850.0,29091.88,76204.2498,2255866294.494887,1258608,32737.525,41116.1622,41.6028008764159,1554.4013119700903,False,False,True
1654905600000,2022-06-11,BTCUSDT,29091.87,29440.41,28099.99,28424.7,65901.39895,1892007188.0756,1084163,32511.8354,40970.57935,39.05817407708611,1539.1169325436551,False,False,True
1654992000000,2022-06-12,BTCUSDT,28424.71,28544.96,26560.0,26574.53,92474.598809,2551767136.3295846,1451271,32254.494,40817.76055,33.02556619022721,1570.962865933394,False,False,True
1655078400000,2022-06-13,BTCUSDT,26574.53,26895.84,21925.77,22487.41,254611.034966,6192246037.404873,3261484,31915.2396,40635.3958,24.151424630014105,1813.7562326524371,False,False,True
1655164800000,2022-06-14,BTCUSDT,22485.27,23362.88,20846.0,22136.41,187201.64671,4136108699.025428,2583151,31549.446200000002,40477.4452,23.56578244110723,1863.9793588915488,False,False,True
1655251200000,2022-06-15,BTCUSDT,22136.42,22800.0,20111.62,22583.72,200774.493467,4249276481.256697,2847831,31238.867599999998,40316.75865,26.02754305683291,1922.865118970724,False,False,True
1655337600000,2022-06-16,BTCUSDT,22583.72,22995.73,20232.0,20401.31,99673.59429,2130037160.0626109,1690477,30862.1794,40132.3908,22.26046479880449,1982.926896187101,False,False,True
1655424000000,2022-06-17,BTCUSDT,20400.6,21365.43,20246.66,20468.81,86694.33663,1796575392.5507207,1352992,30476.714200000002,39945.8536,22.633437360853364,1921.2014036023081,False,False,True
1655510400000,2022-06-18,BTCUSDT,20468.81,20792.06,17622.0,18970.79,196441.655524,3726639821.6961513,2467372,30084.207799999996,39755.95475,20.305135148630796,2010.4055890592863,False,False,True
1655596800000,2022-06-19,BTCUSDT,18970.79,20815.95,17960.41,20574.0,128320.87595,2487561781.535987,1950660,29743.071799999998,39572.9044,28.752407798476113,2070.772332697909,False,False,True
1655683200000,2022-06-20,BTCUSDT,20574.0,21090.0,19637.03,20573.89,109028.94154,2220396381.7426524,1639448,29385.182600000004,39393.37215,28.7521826111485,2026.6435946480585,False,False,True
1655769600000,2022-06-21,BTCUSDT,20573.9,21723.0,20348.4,20723.52,104371.0749,2198596137.343284,1515321,29029.1498,39228.9845,29.560343136348635,1980.069052173197,False,False,True
1655856000000,2022-06-22,BTCUSDT,20723.51,20900.0,19770.51,19987.99,92133.97938,1872204589.2375813,1394981,28674.3306,39083.1621,27.88587552486416,1919.3134055893972,False,False,True
1655942400000,2022-06-23,BTCUSDT,19988.0,21233.0,19890.07,21110.13,83127.08716,1710694866.4572449,1207858,28302.7332,38941.7311,34.025925721426276,1878.1431623330118,False,False,True
1656028800000,2022-06-24,BTCUSDT,21110.12,21558.41,20736.72,21237.69,77430.36622,1635129191.170251,1309709,27996.427600000003,38795.709950000004,34.7064971378378,1802.682222166368,False,False,True
1656115200000,2022-06-25,BTCUSDT,21237.68,21614.5,20906.62,21491.19,51431.67794,1093873137.974752,874540,27705.976000000002,38650.22115,36.11687247873977,1724.482063440199,False,False,True
1656201600000,2022-06-26,BTCUSDT,21491.18,21888.0,20964.73,21038.07,53278.10464,1139258367.162915,885306,27417.289600000004,38503.055550000005,34.67508189539009,1667.2526303373277,False,False,True
1656288000000,2022-06-27,BTCUSDT,21038.08,21539.85,20510.0,20742.56,64475.0013,1354369225.8404648,1002214,27151.372799999997,38369.0404,33.729401644630386,1621.7238710275185,False,False,True
1656374400000,2022-06-28,BTCUSDT,20742.57,21212.1,20202.01,20281.29,63801.0832,1321862977.9315486,1064497,26955.4724,38234.74415,32.2508525973643,1578.0357373826957,False,False,True
1656460800000,2022-06-29,BTCUSDT,20281.28,20432.31,19854.92,20123.01,77309.04379,1556549790.0089242,1210636,26737.5906,38088.409250000004,31.73675551386974,1506.5610418553606,False,False,True
1656547200000,2022-06-30,BTCUSDT,20123.0,20179.08,18626.0,19942.21,93846.64806,1808994369.031444,1438163,26554.356,37937.8508,31.126390310550264,1509.8838245799777,False,False,True
1656633600000,2022-07-01,BTCUSDT,19942.21,20918.35,18975.0,19279.8,111844.59494,2197016369.969529,1668363,26359.357000000004,37800.73605,28.931037212158103,1540.8456942528362,False,False,True
1656720000000,2022-07-02,BTCUSDT,19279.8,19467.39,18977.01,19252.81,46180.3021,888415536.8730664,833508,26158.6722,37655.2837,28.841776915915702,1465.8124303776337,False,False,True
1656806400000,2022-07-03,BTCUSDT,19252.82,19647.63,18781.0,19315.83,51087.46631,980255891.3952552,880786,25943.254000000004,37507.53795,29.389578547331,1423.0136853506601,False,False,True
1656892800000,2022-07-04,BTCUSDT,19315.83,20354.01,19055.31,20236.71,74814.04601,1470987695.521582,1282843,25721.4104,37370.5596,37.01939954240847,1414.1341363970414,False,False,True
1656979200000,2022-07-05,BTCUSDT,20236.71,20750.0,19304.4,20175.83,96041.13756,1919950110.1674304,1612273,25527.446799999998,37240.78275,36.736779528491304,1416.381698082967,False,False,True
1657065600000,2022-07-06,BTCUSDT,20175.84,20675.22,19761.25,20564.51,82439.5808,1665481948.0096316,1472221,25329.838399999997,37109.4329,39.89185051339437,1380.495148219898,False,False,True
1657152000000,2022-07-07,BTCUSDT,20564.51,21838.1,20251.68,21624.98,85014.58261,1783224085.72368,1653722,25188.0316,36984.15165,47.574195695206505,1395.204066204191,False,False,True
1657238400000,2022-07-08,BTCUSDT,21624.99,22527.37,21189.26,21594.75,403081.57349,8781330156.61243,4358216,25013.541999999998,36857.5546,47.38826303074325,1391.1259186181774,False,False,True
1657324800000,2022-07-09,BTCUSDT,21594.75,21980.0,21322.12,21591.83,178417.84468,3857190523.494272,3524386,24861.358399999997,36721.06435,47.36900517674592,1338.7512101454506,False,False,True
1657411200000,2022-07-10,BTCUSDT,21592.15,21607.65,20655.0,20862.47,192188.21556,4062794310.272033,3434401,24689.7066,36582.4359,42.70112024349998,1311.1725522779184,False,False,True
1657497600000,2022-07-11,BTCUSDT,20861.11,20868.48,19875.23,19963.61,137535.40724,2813718031.1093426,3232941,24483.1,36428.0599,37.76234130895338,1288.4637985437814,False,False,True
1657584000000,2022-07-12,BTCUSDT,19963.61,20059.42,19240.0,19328.75,139506.45862,2754215439.3324776,3626399,24287.492000000002,36270.603650000005,34.70888587612457,1254.9606700763684,False,False,True
1657670400000,2022-07-13,BTCUSDT,19331.28,20366.61,18910.94,20234.87,209250.24888,4096306063.801935,4789109,24099.0978,36119.7797,41.92663967234739,1269.2970507851994,False,False,True
1657756800000,2022-07-14,BTCUSDT,20234.87,20900.0,19616.07,20588.84,174809.21696,3526210098.285044,4576355,23920.031600000002,35968.84645,44.507404580382456,1270.3422614433994,False,False,True
1657843200000,2022-07-15,BTCUSDT,20588.84,21200.0,20382.29,20830.04,143343.3049,2984339734.3532705,4411375,23752.6054,35819.48945,46.25993359939135,1238.0113856260136,False,False,True
1657929600000,2022-07-16,BTCUSDT,20830.04,21588.94,20478.61,21195.6,121011.67393,2539616922.7986083,3723401,23603.921399999996,35687.74875,48.89423880600087,1228.8912866527269,False,False,True
1658016000000,2022-07-17,BTCUSDT,21195.6,21684.54,20750.01,20798.16,118229.4525,2511251392.576525,4261057,23439.258,35559.41625,46.24032763205415,1207.8654804632467,False,False,True
1658102400000,2022-07-18,BTCUSDT,20799.58,22777.63,20762.45,22432.58,239942.73132,5263396811.539256,6564387,23298.547599999998,35435.974799999996,56.65884560911406,1265.5308032873006,False,False,True
1658188800000,2022-07-19,BTCUSDT,22432.58,23800.0,21579.54,23396.62,263770.76574,5954419902.221928,6488375,23131.7956,35321.873250000004,61.40942568968122,1333.740031623922,True,False,False
1658275200000,2022-07-20,BTCUSDT,23398.48,24276.74,22906.19,23223.3,238762.17094,5631801151.220376,6364038,22960.2408,35199.3765,60.13328254968439,1336.3693150793563,False,False,False
1658361600000,2022-07-21,BTCUSDT,23223.3,23442.77,22341.46,23152.19,184817.68191,4232411759.395025,4808194,22827.167999999998,35078.706549999995,59.58617021141081,1319.5793640022596,False,False,False
1658448000000,2022-07-22,BTCUSDT,23152.19,23756.49,22500.0,22684.83,171598.43966,3981394766.2280574,4745582,22671.8122,34959.900200000004,55.981140224893885,1315.0729808592412,False,False,False
1658534400000,2022-07-23,BTCUSDT,22684.83,23000.77,21934.57,22451.07,122137.77375,2745262660.6777816,3762227,22526.8294,34842.9955,54.21436568660215,1297.2963393692953,False,False,True
1658620800000,2022-07-24,BTCUSDT,22448.58,23014.64,22257.15,22579.68,115189.67277,2610817967.163939,3671238,22381.142200000002,34738.638249999996,55.05481549498052,1258.73874370006,True,False,False
1658707200000,2022-07-25,BTCUSDT,22577.13,22666.0,21250.0,21310.9,180344.76643,3954002948.5472574,4807238,22208.976000000002,34629.7812,46.070210069300856,1269.9716905786272,False,False,True
1658793600000,2022-07-26,BTCUSDT,21310.9,21347.82,20706.5,21254.67,177817.24326,3738774849.3577113,4545385,22006.607399999997,34528.22215,45.71415201978725,1225.0679983944397,False,False,True
1658880000000,2022-07-27,BTCUSDT,21254.67,23112.63,21042.53,22952.45,210971.19796,4614909656.6957855,5475738,21843.149800000003,34434.5857,56.616563706771196,1285.4274270805513,True,False,False
1658966400000,2022-07-28,BTCUSDT,22954.31,24199.72,22582.13,23842.93,236029.0741,5511388547.615389,6500034,21715.913000000004,34344.47725,61.03654883790861,1309.1533251462263,False,False,False
1659052800000,2022-07-29,BTCUSDT,23845.25,24442.66,23414.03,23773.75,198298.50623,4733780641.305037,6221401,21589.1894,34254.23355,60.520677130805716,1289.1159447786388,False,False,False
1659139200000,2022-07-30,BTCUSDT,23777.28,24668.0,23502.25,23643.51,151060.13211,3634601094.96542,4801528,21480.222,34158.80465,59.50108808450005,1280.3040915801646,False,False,False
1659225600000,2022-07-31,BTCUSDT,23644.64,24194.82,23227.31,23293.32,127743.32483,3028386330.644831,4463721,21377.594399999998,34055.75795,56.73347846928712,1257.9616564672956,False,False,False
1659312000000,2022-08-01,BTCUSDT,23296.36,23509.68,22850.0,23268.01,144210.16219,3346371889.652121,4775213,21311.464,33959.29745,56.52882318827821,1215.2272524339176,False,False,False
1659398400000,2022-08-02,BTCUSDT,23266.9,23459.89,22654.37,22987.79,158073.28225,3631020649.22638,5066511,21321.4716,33858.93659999999,54.19774712392551,1185.9624486886378,False,False,False
1659484800000,2022-08-03,BTCUSDT,22985.93,23647.68,22681.22,22818.37,145948.80995,3385430753.8050184,4887642,21335.110800000002,33757.606999999996,52.78061234313318,1170.283702353735,False,False,False
1659571200000,2022-08-04,BTCUSDT,22816.91,23223.32,22400.0,22622.98,154854.67016,3537434334.434649,4966138,21335.896,33655.363600000004,51.12046343567552,1145.5005807570396,False,False,False
1659657600000,2022-08-05,BTCUSDT,22622.41,23472.86,22586.95,23312.42,175251.69749,4046435951.354509,5340569,21394.118199999997,33560.9176,56.338961300393535,1126.958396417251,False,False,False
1659744000000,2022-08-06,BTCUSDT,23313.56,23354.36,22909.52,22954.21,83911.80307,1944693656.706568,3360228,21443.826199999996,33463.92805,53.163147524516596,1078.2356538160188,False,False,False
1659830400000,2022-08-07,BTCUSDT,22954.21,23402.0,22844.62,23174.39,88890.00877,2051763044.5523689,3646643,21527.898200000003,33371.49995,54.84794819940811,1041.031678543446,False,False,False
1659916800000,2022-08-08,BTCUSDT,23174.39,24245.0,23154.25,23810.0,170958.44152,4078052110.543129,5892045,21592.618200000004,33287.1454,59.389428778830684,1044.5829872189142,False,False,False
1660003200000,2022-08-09,BTCUSDT,23810.98,23933.25,22865.0,23149.95,143182.50858,3347110918.907211,5105613,21644.1394,33220.6686,53.384523774570226,1046.273488131849,False,False,False
1660089600000,2022-08-10,BTCUSDT,23151.32,24226.0,22664.69,23954.05,208916.54953,4918825599.489632,6818207,21708.75,33165.08175,58.84396762299639,1083.0618104081457,False,False,False
1660176000000,2022-08-11,BTCUSDT,23954.05,24918.54,23852.13,23934.39,249759.79557,6097813762.895935,8269994,21787.678,33103.53095,58.66306653686841,1081.8723953789925,False,False,False
1660262400000,2022-08-12,BTCUSDT,23933.09,24456.5,23583.0,24403.68,174207.5704,4175834601.8605466,6134163,21853.549000000003,33042.2476,61.690587689237404,1066.9886528519216,False,False,False
1660348800000,2022-08-13,BTCUSDT,24401.7,24888.0,24291.22,24441.38,152852.25435,3751417148.252108,5617859,21917.622799999997,32979.6629,61.931798088741864,1033.4023205053559,False,False,False
1660435200000,2022-08-14,BTCUSDT,24443.06,25047.56,24144.0,24305.24,151206.14473,3708565144.898009,5473905,21973.9038,32917.142400000004,60.45157478706395,1024.1278690406878,False,False,False
1660521600000,2022-08-15,BTCUSDT,24305.25,25211.32,23773.22,24094.82,242539.54758,5894066098.523285,7488466,22035.0388,32851.816,58.13863497506189,1053.697306966353,False,False,False
1660608000000,2022-08-16,BTCUSDT,24093.04,24247.49,23671.22,23854.74,179324.94821,4294907691.650949,5978567,22097.282400000004,32782.5069,55.528136400389265,1019.5953564687563,False,False,False
1660694400000,2022-08-17,BTCUSDT,23856.15,24446.71,23180.4,23342.66,210668.68766,4993659434.236888,6901586,22158.5098,32708.386000000002,50.336457836729586,1037.2178310067022,False,False,False
1660780800000,2022-08-18,BTCUSDT,23342.66,23600.0,23111.04,23191.2,144185.97011,3375338942.2617884,6029662,22219.8736,32634.933200000003,48.88073971384084,998.0565573633663,False,False,False
1660867200000,2022-08-19,BTCUSDT,23191.45,23208.67,20783.57,20834.39,283995.87747,6181759252.730265,8860928,22237.717200000003,32546.77065,32.92463420510795,1099.9882318374116,False,False,True
1660953600000,2022-08-20,BTCUSDT,20834.39,21382.85,20761.9,21140.07,183041.68363,3871242921.22468,5723362,22274.9226,32458.998050000002,35.84956678060583,1065.7712152775964,False,False,True
1661040000000,2022-08-21,BTCUSDT,21140.07,21800.0,21069.11,21515.61,159200.6841,3405034922.807078,5034461,22320.1786,32382.0943,39.34874804323185,1041.8511284720537,False,False,True
1661126400000,2022-08-22,BTCUSDT,21516.7,21548.71,20890.18,21399.83,222222.04526,4721412016.903412,6443370,22361.8586,32302.535399999997,38.6488014507024,1014.4710478669069,False,False,True
1661212800000,2022-08-23,BTCUSDT,21400.75,21684.87,20890.14,21529.12,200967.77164,4299812533.944709,6333442,22387.706799999996,32202.30975,39.933735050537635,998.7752587335564,False,False,True
1661299200000,2022-08-24,BTCUSDT,21529.11,21900.0,21145.0,21368.08,174383.22046,3744196823.564855,5561412,22411.5518,32102.237199999996,38.84249997237359,981.3627402525881,False,False,True
1661385600000,2022-08-25,BTCUSDT,21368.05,21819.88,21310.15,21559.04,169915.78301,3672148286.6013737,5618785,22431.442400000004,31998.128049999996,40.904671859231286,947.6746873774033,False,False,True
1661472000000,2022-08-26,BTCUSDT,21559.04,21886.77,20107.9,20241.05,273811.61955,5785149465.09769,7587244,22403.763800000004,31880.13335,32.70730621585642,1007.0457811361601,False,False,True
1661558400000,2022-08-27,BTCUSDT,20239.14,20402.93,19800.0,20037.6,162582.46032,3269764074.35644,5263328,22372.6208,31760.1064,31.65281258041432,978.180368197863,False,False,True
1661644800000,2022-08-28,BTCUSDT,20037.6,20171.18,19520.0,19555.61,139307.95976,2781133881.0518456,4678693,22331.8964,31636.02085,29.247083244189383,954.8231990408727,False,False,True
1661731200000,2022-08-29,BTCUSDT,19555.61,20433.62,19550.79,20285.73,210509.49545,4211334408.986593,5840323,22320.3616,31519.9723,37.05182443030112,949.6808276808102,False,False,True
1661817600000,2022-08-30,BTCUSDT,20287.2,20576.25,19540.0,19811.66,256634.35529,5157974826.609323,6593178,22317.3226,31407.16195,34.398521449036835,955.8643399893238,False,False,True
1661904000000,2022-08-31,BTCUSDT,19813.03,20490.0,19797.94,20050.02,276946.60765,5595829094.391042,6389133,22331.748,31296.3227,36.847274188149534,937.0211728472293,False,False,True
1661990400000,2022-09-01,BTCUSDT,20048.44,20208.37,19565.66,20131.46,245289.97263,4893158531.781241,5937975,22329.679799999998,31186.7117,37.7029084177546,915.9989462152844,False,False,True
1662076800000,2022-09-02,BTCUSDT,20132.64,20441.26,19755.29,19951.86,245986.6033,4946889819.514836,5740705,22316.9402,31073.791299999997,36.527551252390055,899.5683071999068,False,False,True
1662163200000,2022-09-03,BTCUSDT,19950.98,20055.93,19652.72,19831.9,146639.03204,2908816275.010286,3739909,22296.977399999996,30950.226500000004,35.72642786688344,864.1141423999135,False,False,True
1662249600000,2022-09-04,BTCUSDT,19832.45,20029.23,19583.1,20000.3,145588.77893,2883227667.1961927,3838915,22273.0714,30830.8602,37.789125040521526,834.2581322284911,False,False,True
1662336000000,2022-09-05,BTCUSDT,20000.3,20057.27,19633.83,19796.84,222543.01057,4404971191.907026,4657233,22253.045,30727.2659,36.274429779285924,804.9139799264559,False,False,True
1662422400000,2022-09-06,BTCUSDT,19795.34,20180.0,18649.51,18790.61,356315.05718,6976809188.41019,7124384,22180.2056,30621.346750000004,29.89284449373899,856.7408385031378,False,False,True
1662508800000,2022-09-07,BTCUSDT,18790.61,19464.06,18510.77,19292.84,287394.7788,5436827909.201311,5597127,22098.13,30517.415100000002,35.94959821724039,863.6372071814851,False,False,True
1662595200000,2022-09-08,BTCUSDT,19292.85,19458.25,19012.0,19319.77,262813.28273,5057217166.675081,6013826,22020.0594,30422.079499999996,36.267546578747385,833.8238352399505,False,False,True
1662681600000,2022-09-09,BTCUSDT,19320.54,21597.22,19291.75,21360.11,428919.74652,8929831332.708796,7777214,21984.2178,30343.839250000005,54.63974400068525,938.9414184370971,False,False,True
1662768000000,2022-09-10,BTCUSDT,21361.62,21810.8,21111.13,21648.34,307997.33504,6589753118.84113,5615783,21963.487999999998,30260.929300000003,56.5454548062477,921.8506028344472,False,False,True
1662854400000,2022-09-11,BTCUSDT,21647.21,21860.0,21350.0,21826.87,280702.55149,6064643642.716231,4801844,21951.004000000004,30183.813599999998,57.7300499311112,892.4327026319867,False,False,True
1662940800000,2022-09-12,BTCUSDT,21826.87,22488.0,21538.51,22395.74,395395.61828,8743762682.841719,6979539,21947.3252,30104.15625,61.34594867849036,896.5082238725593,True,False,False
1663027200000,2022-09-13,BTCUSDT,22395.44,22799.0,19860.0,20173.57,431915.03333,9302239274.39612,8126869,21924.578599999997,30008.928249999997,45.11196231048548,1042.4004935959479,False,False,True
1663113600000,2022-09-14,BTCUSDT,20173.62,20541.48,19617.62,20226.71,340826.40151,6886235196.646197,6313052,21904.0194,29914.478199999998,45.483494335273754,1033.9333154819517,False,False,True
1663200000000,2022-09-15,BTCUSDT,20227.17,20330.24,19497.0,19701.88,333069.76076,6655264974.21376,6690974,21839.007999999998,29824.492249999996,42.42884379967072,1019.5980786618125,False,False,True
1663286400000,2022-09-16,BTCUSDT,19701.88,19890.0,19320.01,19803.3,283791.07064,5584012914.113888,5120935,21758.2154,29707.70875,43.22239403344072,987.4832159002545,False,False,True
1663372800000,2022-09-17,BTCUSDT,19803.3,20189.0,19748.08,20113.62,179350.24338,3578667842.6952825,3862666,21685.012799999997,29586.170850000006,45.68915395910537,948.4429861930935,False,False,True
1663459200000,2022-09-18,BTCUSDT,20112.61,20117.26,19335.62,19416.18,254217.46904,5033968947.530573,4634096,21600.466200000003,29463.78685,41.34183662607017,936.5284871793011,False,False,True
1663545600000,2022-09-19,BTCUSDT,19417.45,19686.2,18232.56,19537.02,380512.40306,7215196795.656052,6820580,21525.340199999995,29349.20195,42.36508816857676,973.465023809351,False,False,True
1663632000000,2022-09-20,BTCUSDT,19537.02,19634.62,18711.87,18875.0,324098.3286,6206043205.412278,5900070,21437.48,29247.833649999997,38.41175699873641,969.8425221086832,False,False,True
1663718400000,2022-09-21,BTCUSDT,18874.31,19956.0,18125.98,18461.36,385034.10021,7338667639.751955,6907777,21346.9514,29143.15065,36.142373687156336,1031.2837705294917,False,False,True
1663804800000,2022-09-22,BTCUSDT,18461.36,19550.17,18356.39,19401.63,379321.72111,7203741481.483637,6251862,21278.6166,29048.05475,44.21111999105146,1042.8906440630994,False,False,True
1663891200000,2022-09-23,BTCUSDT,19401.63,19500.0,18531.42,19289.91,385886.91829,7330336009.190999,5906265,21211.9552,28954.564300000002,43.5076876651144,1037.5827409157355,False,False,True
1663977600000,2022-09-24,BTCUSDT,19288.57,19316.14,18805.34,18920.5,239496.56746,4568927983.6507845,3907636,21124.116800000003,28855.51365,41.17484635801966,999.9554022788973,False,False,True
1664064000000,2022-09-25,BTCUSDT,18921.99,19180.21,18629.2,18807.38,191191.4492,3625136713.924704,3714450,21041.1802,28739.842,40.45943725067292,967.8878735446903,False,False,True
1664150400000,2022-09-26,BTCUSDT,18809.13,19318.96,18680.72,19227.82,439239.21943,8356951609.998723,5837041,20962.248799999998,28638.871100000004,44.33099090644842,944.3415968629265,False,False,True
1664236800000,2022-09-27,BTCUSDT,19226.68,20385.86,18816.32,19079.13,593260.74161,11705770260.67216,8152473,20867.6314,28540.6189,43.259673882991216,988.9986256584318,False,False,True
1664323200000,2022-09-28,BTCUSDT,19078.1,19790.0,18471.28,19412.82,521385.45547,9964460007.304356,7357437,20792.8888,28443.646200000003,46.39076898308636,1012.5501523971154,False,False,True
1664409600000,2022-09-29,BTCUSDT,19412.82,19645.52,18843.01,19591.51,406424.93256,7868786414.856212,5631615,20705.638,28352.71705,48.04417833108973,997.5472843687503,False,False,True
1664496000000,2022-09-30,BTCUSDT,19590.54,20185.0,19155.36,19422.61,444322.9534,8694127253.576593,6254203,20615.402400000003,28251.473249999995,46.581762721500894,999.8396211995538,False,False,True
1664582400000,2022-10-01,BTCUSDT,19422.61,19484.0,19159.42,19310.95,165625.13959,3200350294.52687,2470590,20513.5478,28151.62635,45.59369326568831,951.6067911138715,False,False,True
1664668800000,2022-10-02,BTCUSDT,19312.24,19395.91,18920.35,19056.8,206812.47032,3970724799.9558167,3320217,20405.856200000002,28041.34035,43.34028199600229,917.6034488914522,False,False,True
1664755200000,2022-10-03,BTCUSDT,19057.74,19719.1,18959.68,19629.08,293585.75212,5672105805.772144,4471910,20312.333,27934.89625,49.40419967144054,906.3046311134913,False,False,True
1664841600000,2022-10-04,BTCUSDT,19629.08,20475.0,19490.6,20337.82,327012.00127,6533428229.851051,4871932,20237.193,27827.797799999997,55.724088741424566,911.882871748242,True,False,False
1664928000000,2022-10-05,BTCUSDT,20337.82,20365.6,19730.0,20158.26,312239.75224,6275437160.958073,4540004,20163.2634,27717.58345,53.88758817052917,892.1483809090818,False,False,True
1665014400000,2022-10-06,BTCUSDT,20158.26,20456.6,19853.0,19960.67,320122.1702,6452892402.32427,5085004,20095.623600000003,27611.07625,51.86206172343261,871.5377822727187,False,False,True
1665100800000,2022-10-07,BTCUSDT,19960.67,20068.82,19320.0,19530.09,220874.83913,4353681483.987034,4324772,20022.4014,27503.715450000003,47.65809361104455,862.772226396096,False,False,True
1665187200000,2022-10-08,BTCUSDT,19530.09,19627.38,19237.14,19417.96,102480.09842,1995917001.7395988,2637385,19994.0728,27388.984600000003,46.59875070857285,829.0199245106608,False,False,True
1665273600000,2022-10-09,BTCUSDT,19416.52,19558.0,19316.04,19439.02,113900.82681,2215007204.237991,2833704,19960.0518,27271.7659,46.837765265494596,787.0870727598992,False,False,True
1665360000000,2022-10-10,BTCUSDT,19439.96,19525.0,19020.25,19131.87,212509.09849,4101745483.129524,4432688,19912.377,27147.46795,43.761379621404544,766.9201389913351,False,False,True
1665446400000,2022-10-11,BTCUSDT,19131.87,19268.09,18860.0,19060.0,243473.84286,4642843395.600282,4792106,19865.5804,27021.202149999997,43.048874128828615,741.2894147776683,False,False,True
1665532800000,2022-10-12,BTCUSDT,19060.0,19238.31,18965.88,19155.53,213826.26731,4086903621.9265537,4556597,19818.1086,26894.423450000002,44.34596582228239,707.7994565792635,False,False,True
1665619200000,2022-10-13,BTCUSDT,19155.1,19513.79,18190.0,19375.13,399756.68337,7554309475.307986,7470896,19778.2496,26757.160300000003,47.31640722518159,751.7987811093162,False,False,True
1665705600000,2022-10-14,BTCUSDT,19375.58,19951.87,19070.37,19176.93,351634.32601,6877621835.225796,6688310,19730.6074,26617.4339,44.982804795544396,761.0631538872221,False,False,True
1665792000000,2022-10-15,BTCUSDT,19176.93,19227.68,18975.18,19069.39,113847.64232,2178316065.622199,3052219,19707.1742,26475.606849999996,43.72279452620745,724.7372143238492,False,False,True
1665878400000,2022-10-16,BTCUSDT,19068.4,19425.84,19063.74,19262.98,131894.61885,2531545363.3077006,3438605,19691.681800000002,26336.5818,46.621420229065905,698.83455615786,False,False,True
1665964800000,2022-10-17,BTCUSDT,19262.98,19676.96,19152.03,19549.86,222813.87634,4331666395.604673,5162979,19691.5668,26206.779400000003,50.67577648960071,686.4128021465843,False,False,True
1666051200000,2022-10-18,BTCUSDT,19548.48,19706.66,19091.0,19327.44,260313.07848,5065944973.464348,5588482,19672.400999999998,26071.99915,47.65367176270424,681.3590305646854,False,False,True
1666137600000,2022-10-19,BTCUSDT,19327.44,19360.16,19065.97,19123.97,186137.29538,3575041318.4497843,4545820,19658.647200000003,25938.564,45.00929955199871,653.704099810065,False,False,True
1666224000000,2022-10-20,BTCUSDT,19123.35,19347.82,18900.0,19041.92,223530.13068,4276025723.994783,5391090,19638.4852,25801.73685,43.950168636716384,638.9980926807747,False,False,True
1666310400000,2022-10-21,BTCUSDT,19041.92,19250.0,18650.0,19164.37,269310.75769,5126619487.86902,5679281,19619.143399999997,25664.65615,45.992681919368074,636.212514632148,False,False,True
1666396800000,2022-10-22,BTCUSDT,19164.37,19257.0,19112.72,19204.35,110403.90837,2117395641.1269207,2887106,19604.193199999998,25533.190150000002,46.67593641902113,601.0744778727088,False,False,True
1666483200000,2022-10-23,BTCUSDT,19204.29,19695.0,19070.11,19570.4,167057.20184,3233393909.200977,3939703,19598.9632,25415.1898,52.589953506894425,602.7755865960868,False,False,True
1666569600000,2022-10-24,BTCUSDT,19570.4,19601.15,19157.0,19329.72,256168.14467,4957159176.816838,5676899,19585.551600000003,25294.61745,48.76070469796519,591.4451875535093,False,False,True
1666656000000,2022-10-25,BTCUSDT,19330.6,20415.87,19237.0,20080.07,326370.67061,6454151276.520069,7214687,19591.216200000003,25183.75775,58.826296223076746,633.4041027282586,True,False,False
1666742400000,2022-10-26,BTCUSDT,20079.02,21020.0,20050.41,20771.59,380492.69576,7833551674.485678,8512349,19630.835799999997,25073.845850000005,65.54407384903826,657.4173811048116,False,False,False
1666828800000,2022-10-27,BTCUSDT,20771.61,20872.21,20200.0,20295.11,328643.57791,6771209922.011917,7748080,19650.8812,24964.527149999998,58.465729665939435,658.4739967401822,False,False,False
1666915200000,2022-10-28,BTCUSDT,20295.11,20750.0,20000.09,20591.84,287039.94569,5849603405.682575,6638096,19676.3226,24869.834099999996,61.27076675488844,665.0051398301691,False,False,False
1667001600000,2022-10-29,BTCUSDT,20591.84,21085.0,20554.01,20809.67,254881.77755,5303038321.457483,6255599,19665.3138,24773.50775,63.233774390189204,655.4326298423001,False,False,False
1667088000000,2022-10-30,BTCUSDT,20809.68,20931.21,20515.0,20627.48,192795.60886,3994389493.325891,4920007,19644.8966,24670.9062,60.47296830222536,638.3452991392786,False,False,False
1667174400000,2022-10-31,BTCUSDT,20627.48,20845.92,20237.95,20490.74,303567.61628,6226304300.443864,6571526,19618.174,24573.648,58.41166404431105,636.1756349150443,False,False,False
1667260800000,2022-11-01,BTCUSDT,20490.74,20700.0,20330.74,20483.62,279932.43771,5740102554.920829,5971938,19579.9316,24473.3066,58.30022941334991,617.1102324211124,False,False,False
1667347200000,2022-11-02,BTCUSDT,20482.81,20800.0,20048.04,20151.84,373716.27299,7633404092.430692,7431698,19579.497,24372.17225,53.20645382816221,626.7423586767472,False,False,False
1667433600000,2022-11-03,BTCUSDT,20151.84,20393.32,20031.24,20207.82,319185.1544,6461673165.239643,6948227,19579.1192,24274.82075,53.937731380153714,607.8379044855509,False,False,False
1667520000000,2022-11-04,BTCUSDT,20207.12,21302.05,20180.96,21148.52,453694.39165,9409862204.986904,9249613,19608.052,24176.5577,64.09276162974142,644.4987684508687,False,False,False
1667606400000,2022-11-05,BTCUSDT,21148.52,21480.65,21080.65,21299.37,245621.98525,5240395528.908201,5570832,19637.9734,24075.58865,65.40971060035218,627.0345707043781,False,False,False
1667692800000,2022-11-06,BTCUSDT,21299.37,21365.27,20886.13,20905.58,230036.97217,4877535058.412704,5268210,19653.812599999997,23973.3256,59.29585304636777,616.4706727969225,False,False,False
1667779200000,2022-11-07,BTCUSDT,20905.58,21069.77,20384.89,20591.13,386977.60337,8035052131.593452,8344242,19677.3116,23873.8812,54.88428767197483,621.3570533114281,False,False,False
1667865600000,2022-11-08,BTCUSDT,20590.67,20700.88,17166.83,18547.23,760705.362783,14758384309.854223,14530601,19657.5158,23768.07145,36.08937002564312,829.4065495034689,False,False,True
1667952000000,2022-11-09,BTCUSDT,18545.38,18587.76,15588.0,15922.81,731926.929729,12737719697.394009,13605474,19598.471999999998,23650.4775,24.491718910565936,984.4317959675068,False,False,True
1668038400000,2022-11-10,BTCUSDT,15922.68,18199.0,15754.26,17601.15,608448.36432,10323294543.880356,12719887,19581.2678,23541.2326,38.17489436688225,1088.7395248269706,False,False,True
1668124800000,2022-11-11,BTCUSDT,17602.45,17695.0,16361.6,17070.31,393552.86492,6725273822.837806,9900073,19534.6414,23424.45375,35.95554070209391,1106.2152730536156,False,False,True
1668211200000,2022-11-12,BTCUSDT,17069.98,17119.1,16631.39,16812.08,167819.96035,2827930561.00638,5046837,19485.0848,23317.950900000003,34.892835819928365,1062.0363249783575,False,False,True
1668297600000,2022-11-13,BTCUSDT,16813.16,16954.28,16229.0,16329.85,184960.78846,3074280132.053524,5382834,19433.2718,23203.42155,32.93516823102942,1037.9823017656176,False,False,True
1668384000000,2022-11-14,BTCUSDT,16331.78,17190.0,15815.21,16619.46,380210.7775,6273920325.336827,9215128,19389.5134,23087.8085,35.283511814671925,1062.039994496645,False,False,True
1668470400000,2022-11-15,BTCUSDT,16617.72,17134.69,16527.72,16900.57,282461.84391,4758545355.786832,7200265,19342.9684,22979.3308,37.5686727521286,1029.5349948897417,False,False,True
1668556800000,2022-11-16,BTCUSDT,16900.57,17015.92,16378.61,16662.76,261493.40809,4362538338.565324,6297404,19294.641,22874.4906,36.39778488905255,1001.5189238261886,False,False,True
1668643200000,2022-11-17,BTCUSDT,16661.61,16751.0,16410.74,16692.56,228038.97873,3785204632.0142207,5352083,19240.2358,22765.61165,36.66416988125326,954.2861435528893,False,False,True
1668729600000,2022-11-18,BTCUSDT,16692.56,17011.0,16546.04,16700.45,214224.18184,3588467560.373121,5114799,19182.414600000004,22656.488100000002,36.73971633273541,919.3342761562543,False,False,True
1668816000000,2022-11-19,BTCUSDT,16699.43,16822.41,16553.53,16700.68,104963.15558,1747627888.1295476,3142123,19127.976,22551.346750000004,36.742085059634064,872.8732564308077,False,False,True
1668902400000,2022-11-20,BTCUSDT,16700.68,16753.33,16180.0,16280.23,154842.13478,2561165772.4957075,4557344,19067.3616,22434.2979,34.21959249704304,851.4773095428931,False,False,True
1668988800000,2022-11-21,BTCUSDT,16279.5,16319.0,15476.0,15781.29,324096.997753,5188798317.004153,7440871,19001.8514,22330.439499999997,31.45942448270597,850.8717874326863,False,False,True
1669075200000,2022-11-22,BTCUSDT,15781.29,16315.0,15616.63,16226.94,239548.06623,3823612603.8030014,6276097,18933.8086,22231.505350000003,36.39441379487417,839.978802616066,False,False,True
1669161600000,2022-11-23,BTCUSDT,16227.96,16706.0,16160.2,16603.11,264927.70408,4368042618.500261,6260616,18859.114400000002,22137.15895,40.30170117658081,818.9660310006327,False,False,True
1669248000000,2022-11-24,BTCUSDT,16603.11,16812.63,16458.05,16598.95,206565.92346,3431724405.654768,5031851,18787.928200000002,22049.9617,40.27223798994117,785.7956002148734,False,False,True
1669334400000,2022-11-25,BTCUSDT,16599.55,16666.0,16342.81,16522.14,182089.49533,3003553172.229472,4396465,18719.1576,21982.19085,39.69520125166978,752.7523430566682,False,False,True
1669420800000,2022-11-26,BTCUSDT,16521.35,16701.99,16385.0,16458.57,181804.81666,3011990387.647429,3817130,18657.7272,21909.3982,39.19465561242582,721.6264614097635,False,False,True
1669507200000,2022-11-27,BTCUSDT,16457.61,16600.0,16401.0,16428.78,162025.47607,2679048565.5213013,3362221,18597.9436,21846.0224,38.946810393544,684.2959998804946,False,False,True
1669593600000,2022-11-28,BTCUSDT,16428.77,16487.04,15995.27,16212.91,252695.40367,4096398587.357313,5570407,18533.421400000003,21781.938200000004,37.115284920992345,670.5441427461736,False,False,True
1669680000000,2022-11-29,BTCUSDT,16212.18,16548.71,16100.0,16442.53,248106.25009,4072651066.999406,5206638,18479.6346,21717.715599999996,40.32969603843117,654.6988468357326,False,False,True
1669766400000,2022-11-30,BTCUSDT,16442.91,17249.0,16428.3,17163.64,303019.80719,5123595199.505286,6519330,18441.707400000003,21653.100100000003,49.12476486369646,666.5560720617518,False,False,True
1669852800000,2022-12-01,BTCUSDT,17165.53,17324.0,16855.01,16977.37,232818.18218,3972607179.868572,5097720,18398.144200000002,21581.3425,47.18987650040648,652.4442097716269,False,False,True
1669939200000,2022-12-02,BTCUSDT,16978.0,17105.73,16787.85,17092.74,202372.2062,3432385161.660257,4305515,18352.4964,21517.436149999998,48.54177744186208,628.5467662165108,False,False,True
1670025600000,2022-12-03,BTCUSDT,17092.13,17188.98,16858.74,16885.2,154542.57306,2622504252.8664527,3308694,18306.661799999998,21449.6375,46.24818633173105,607.2391400581885,False,False,True
1670112000000,2022-12-04,BTCUSDT,16885.2,17202.84,16878.25,17105.7,178619.13387,3040020095.051177,3948990,18267.388,21391.5894,49.00507208373865,587.049915768318,False,False,True
1670198400000,2022-12-05,BTCUSDT,17106.65,17424.25,16867.0,16966.35,233703.29225,4015334796.603721,5138207,18221.4554,21324.825,47.35216460170106,584.9213503562953,False,False,True
1670284800000,2022-12-06,BTCUSDT,16966.35,17107.01,16906.37,17088.96,218730.76883,3717926010.340586,4416864,18172.237399999998,21264.264749999995,48.982694015047635,557.4726824737028,False,False,True
1670371200000,2022-12-07,BTCUSDT,17088.96,17142.21,16678.83,16836.64,220657.41334,3723206794.305466,4284989,18122.421400000003,21201.22265,45.836604856392924,550.7517765827239,False,False,True
1670457600000,2022-12-08,BTCUSDT,16836.64,17299.0,16733.49,17224.1,236417.97804,4009427525.030412,4520282,18084.424,21135.87345,51.03721558548382,551.8059353982435,False,False,True
1670544000000,2022-12-09,BTCUSDT,17224.1,17360.0,17058.21,17128.56,238422.06465,4097973425.6973534,4282003,18046.1568,21075.970500000003,49.76826698134747,533.9476542983691,False,False,True
1670630400000,2022-12-10,BTCUSDT,17128.56,17227.72,17092.0,17127.49,140573.97937,2411933258.8486,3032257,18005.4192,21013.335049999998,49.75334719557638,505.5028218484857,False,False,True
1670716800000,2022-12-11,BTCUSDT,17127.49,17270.99,17071.0,17085.05,155286.47871,2663686104.082561,3260722,17963.0332,20951.04955,49.1243007229517,483.6804774307369,False,False,True
1670803200000,2022-12-12,BTCUSDT,17085.05,17241.89,16871.85,17209.83,226227.49694,3844787581.481925,4463916,17915.8218,20891.09195,51.082595749148105,475.56330047139863,False,False,True
1670889600000,2022-12-13,BTCUSDT,17208.93,18000.0,17080.14,17774.7,284462.9139,4983896040.378995,6242080,17884.721400000002,20836.81645,58.811709645939644,507.2987790091559,False,False,True
1670976000000,2022-12-14,BTCUSDT,17775.82,18387.95,17660.94,17803.15,266681.22209,4779915721.484458,5743730,17839.183,20780.67555,59.16169706558182,522.9924376513592,False,False,True
1671062400000,2022-12-15,BTCUSDT,17804.01,17854.82,17275.51,17356.34,223701.96882,3923378677.833748,4789226,17770.878,20720.11675,51.727628930851054,527.0151206762622,False,False,True
1671148800000,2022-12-16,BTCUSDT,17356.96,17531.73,16527.32,16632.12,253379.04116,4308933187.65654,5703001,17697.6182,20644.60625,42.42263898802748,561.1147549136721,False,False,True
1671235200000,2022-12-17,BTCUSDT,16631.5,16796.82,16579.85,16776.52,144825.66684,2417851422.2131248,3905843,17621.3118,20569.48365,44.56388936081676,536.5329867055527,False,False,True
1671321600000,2022-12-18,BTCUSDT,16777.54,16863.26,16663.07,16738.21,112619.31646,1884666030.0992384,3369193,17539.8826,20504.14555,44.09535848510893,512.508487655156,False,False,True
1671408000000,2022-12-19,BTCUSDT,16739.0,16815.99,16256.3,16438.88,179094.28305,2981094033.0138125,4681887,17456.1106,20434.076849999998,40.511459235061025,515.878595679788,False,False,True
1671494400000,2022-12-20,BTCUSDT,16438.88,17061.27,16397.2,16895.56,248808.92324,4176995653.545712,5945803,17384.207000000002,20370.0536,47.51965217205648,526.4636959883745,False,False,True
1671580800000,2022-12-21,BTCUSDT,16896.15,16925.0,16723.0,16824.67,156810.96362,2638528723.736041,4375570,17311.028,20304.85675,46.60188216998281,503.28771770349067,False,False,True
1671667200000,2022-12-22,BTCUSDT,16824.68,16868.52,16559.85,16821.43,176044.27235,2949612072.049303,4678640,17244.4198,20239.36785,46.55762372727833,489.38645215324146,False,False,True
1671753600000,2022-12-23,BTCUSDT,16821.9,16955.14,16731.13,16778.5,161612.00947,2720021933.978926,4561020,17175.8334,20166.39485,45.93512547024639,470.4309912851527,False,False,True
1671840000000,2022-12-24,BTCUSDT,16778.52,16869.99,16776.62,16836.12,100224.29096,1686757294.9926343,3076985,17089.5854,20094.948800000002,46.960178737861426,443.49806333621336,False,False,True
1671926400000,2022-12-25,BTCUSDT,16835.73,16857.96,16721.0,16832.11,125441.07202,2108857873.1916704,3570157,17000.2402,20028.0855,46.89354409201881,421.6024873836267,False,False,True
1672012800000,2022-12-26,BTCUSDT,16832.11,16944.52,16791.0,16919.39,124564.00656,2099037538.631794,3915571,16920.5164,19962.1328,48.60302006736831,402.45373828479626,False,False,True
1672099200000,2022-12-27,BTCUSDT,16919.39,16972.83,16592.37,16706.36,173749.58616,2918379509.5314097,5047628,16842.821,19900.2052,44.811479732083434,400.8827569787396,False,False,True
1672185600000,2022-12-28,BTCUSDT,16706.06,16785.19,16465.33,16547.31,193037.56577,3210894236.8123903,5465468,16802.8226,19840.81825,42.166642008277975,395.0954171945437,False,False,True
1672272000000,2022-12-29,BTCUSDT,16547.32,16664.41,16488.91,16633.47,160998.47158,2671665748.0816226,4553877,16817.0358,19791.11295,44.09169535364357,379.4100302520763,False,False,True
1672358400000,2022-12-30,BTCUSDT,16633.47,16677.35,16333.0,16607.48,164916.31174,2726831056.725026,4310415,16797.1624,19761.7133,43.62002826416802,376.9057423769279,False,False,True
1672444800000,2022-12-31,BTCUSDT,16607.48,16644.09,16470.0,16542.4,114490.42864,1897047504.9188972,3344374,16786.6042,19733.743250000003,42.396990808645555,362.4189036357188,False,False,True
1672531200000,2023-01-01,BTCUSDT,16541.77,16628.0,16499.01,16616.75,96925.41374,1604793789.6772125,3218355,16782.6976,19703.9084,44.3178174755228,345.74541051888184,False,False,True
1672617600000,2023-01-02,BTCUSDT,16617.17,16799.23,16548.7,16672.87,121888.57191,2034683215.2678783,4036118,16789.558,19685.2662,45.78730325910267,338.94430976753307,False,False,True
1672704000000,2023-01-03,BTCUSDT,16672.78,16778.4,16605.28,16675.18,159541.53733,2662765916.3256683,5097596,16790.6724,19666.298049999998,45.85064957925429,327.0997162127095,False,False,True
1672790400000,2023-01-04,BTCUSDT,16675.65,16991.87,16652.66,16850.36,220362.18862,3709833209.8453646,6310703,16789.6682,19655.6959,50.56787753622996,327.9647364832302,True,False,False
1672876800000,2023-01-05,BTCUSDT,16850.36,16879.82,16753.0,16831.85,163473.56641,2751080253.8177333,4842014,16793.05,19636.98515,50.0715241331216,313.59725530585655,False,False,False
1672963200000,2023-01-06,BTCUSDT,16831.85,17041.0,16679.0,16950.65,207401.28415,3490305009.6881223,5388661,16798.2118,19618.86895,53.24365802413459,317.0545942125811,False,False,False
1673049600000,2023-01-07,BTCUSDT,16950.31,16981.91,16908.0,16943.57,104526.5688,1770201710.2089734,3227161,16803.0742,19599.969200000003,53.02743332172109,299.6871231973968,False,False,False
1673136000000,2023-01-08,BTCUSDT,16943.83,17176.99,16911.0,17127.83,135155.89695,2291925699.958545,4036092,16811.6172,19585.668400000002,57.82751976548173,297.28018582615425,False,False,False
1673222400000,2023-01-09,BTCUSDT,17127.83,17398.8,17104.66,17178.26,266211.52723,4590284350.546169,6327667,16829.5778,19566.00905,59.060593078445955,297.0558868385717,False,False,False
1673308800000,2023-01-10,BTCUSDT,17179.04,17499.0,17146.34,17440.66,221382.42581,3829247653.731105,5448751,16862.7652,19547.0239,64.82384572576932,301.0276092072452,False,False,False
1673395200000,2023-01-11,BTCUSDT,17440.64,18000.0,17315.6,17943.26,262221.60653,4586965947.26355,5627464,16897.0916,19529.28425,72.7397323315316,328.4113514067278,False,False,False
1673481600000,2023-01-12,BTCUSDT,17943.26,19117.04,17892.05,18846.62,454568.32178,8348431207.846009,8911373,16941.9618,19518.327,81.01105680430587,392.4526834491045,False,False,False
1673568000000,2023-01-13,BTCUSDT,18846.62,20000.0,18714.12,19930.01,368615.87823,7061633461.444735,8021774,17008.583,19514.264249999997,86.35734608131426,456.26892034559705,False,False,False
1673654400000,2023-01-14,BTCUSDT,19930.01,21258.0,19888.05,20954.92,393913.74951,8183071567.046188,8659545,17097.238599999997,19517.6324,89.39831589644338,521.5318546066259,False,False,False
1673740800000,2023-01-15,BTCUSDT,20952.76,21050.74,20551.01,20871.5,178542.22549,3710526606.1389647,5194354,17185.4972,19521.37485,87.68511512254926,519.9745792775815,False,False,False
1673827200000,2023-01-16,BTCUSDT,20872.99,21474.05,20611.48,21185.65,293078.08262,6168654053.042638,6856434,17280.6346,19527.59205,88.57320120970122,544.4456807577543,False,False,False
1673913600000,2023-01-17,BTCUSDT,21185.65,21647.45,20841.31,21134.81,275407.74409,5840585769.490093,6440138,17379.0726,19536.8671,87.4738008645451,563.1381321322004,False,False,False
1674000000000,2023-01-18,BTCUSDT,21132.29,21650.0,20407.15,20677.47,350916.01949,7399719195.246726,7617173,17463.771399999998,19543.9904,78.08443371018987,611.6889798370431,False,False,False
1674086400000,2023-01-19,BTCUSDT,20677.47,21192.0,20659.19,21071.59,251385.84925,5243024330.011201,5819932,17541.930399999997,19552.769200000002,80.06981374999543,606.0547669915401,False,False,False
1674172800000,2023-01-20,BTCUSDT,21071.59,22755.93,20861.28,22667.21,338079.13659,7256172889.71053,7382435,17655.7272,19564.921700000003,85.71293754791556,698.0972836350015,False,False,False
1674259200000,2023-01-21,BTCUSDT,22666.0,23371.8,22422.0,22783.55,346445.48432,7938935168.532013,7796520,17769.5434,19577.9603,86.02366931851823,716.0760490896442,False,False,False
1674345600000,2023-01-22,BTCUSDT,22783.35,23078.71,22292.37,22707.88,253577.75286,5775552321.544121,6603827,17885.997,19588.67715,84.73282531347002,721.0949027260982,False,False,False
1674432000000,2023-01-23,BTCUSDT,22706.02,23180.0,22500.0,22916.45,293588.37938,6704191295.975681,7258655,18002.212000000003,19595.1345,85.38385591788462,718.1595525313769,False,False,False
1674518400000,2023-01-24,BTCUSDT,22917.81,23162.2,22462.93,22632.89,293158.78254,6721432962.573842,7395584,18115.5428,19600.3252,80.36627506444286,716.8102987791358,False,False,False
1674604800000,2023-01-25,BTCUSDT,22631.94,23816.73,22300.0,23060.94,346042.83223,7875590359.115837,8060446,18234.9824,19607.67075,82.07837898624567,773.9474202949118,False,False,False
1674691200000,2023-01-26,BTCUSDT,23060.42,23282.47,22850.01,23009.65,288924.43581,6664592468.337928,7181086,18358.4426,19618.40665,81.165066386614,749.5554617024184,False,False,False
1674777600000,2023-01-27,BTCUSDT,23009.65,23500.0,22534.88,23074.16,280833.86315,6461707755.053915,7079096,18475.4438,19633.959400000003,81.44473064584216,764.9529287236742,False,False,False
1674864000000,2023-01-28,BTCUSDT,23074.16,23189.0,22878.46,23022.6,148115.71085,3408985411.316586,4181816,18593.3246,19652.42865,80.41697199695808,732.494862386269,False,False,False
1674950400000,2023-01-29,BTCUSDT,23021.4,23960.54,22967.76,23742.3,295688.79204,6941922954.136407,7030837,18725.620799999997,19669.9658,83.53942812870586,751.0866579301071,False,False,False
1675036800000,2023-01-30,BTCUSDT,23743.37,23800.51,22500.0,22826.15,302405.90121,7020727239.059653,7790224,18840.4428,19681.15235,68.55456878767546,790.3311823636707,False,False,False
1675123200000,2023-01-31,BTCUSDT,22827.38,23320.0,22714.77,23125.13,264649.34909,6083858924.538485,6798411,18958.748799999998,19692.627800000002,70.41935499072093,777.1096693376942,False,False,False
1675209600000,2023-02-01,BTCUSDT,23125.13,23812.66,22760.23,23732.66,310790.42271,7212542002.3251,7863213,19077.908,19705.3131,73.81716046022225,796.7754072421446,False,False,False
1675296000000,2023-02-02,BTCUSDT,23731.41,24255.0,23363.27,23488.94,364177.20751,8673696845.805109,9102300,19191.623799999998,19718.767,70.32718609570013,803.55787815342,False,False,False
1675382400000,2023-02-03,BTCUSDT,23489.33,23715.7,23204.62,23431.9,332571.02904,7806490899.914181,8007846,19313.135,19723.7636,69.49902157109551,782.6666011424616,False,False,False
1675468800000,2023-02-04,BTCUSDT,23431.9,23587.78,23253.96,23326.84,166126.47295,3886777607.7960505,4852404,19447.0294,19723.4147,67.91271530408366,750.6061296322857,False,False,False
1675555200000,2023-02-05,BTCUSDT,23327.66,23433.33,22743.0,22932.91,209251.33917,4842463016.833934,5903916,19570.1572,19721.96275,62.181630942903574,746.3006918014083,False,False,False
1675641600000,2023-02-06,BTCUSDT,22932.91,23158.25,22628.13,22762.52,265371.6069,6076050768.117038,6956395,19690.6434,19720.0144,59.829764111770004,730.8592138155934,False,False,False
1675728000000,2023-02-07,BTCUSDT,22762.52,23350.25,22745.78,23240.46,308006.72482,7085929136.45685,8293878,19826.675,19722.79255,63.94870404975993,721.8314128287655,False,False,False
1675814400000,2023-02-08,BTCUSDT,23242.42,23452.0,22665.85,22963.0,280056.30717,6457585647.820654,7896433,19948.0238,19725.3522,60.09622775245862,726.4255976267109,False,False,False
1675900800000,2023-02-09,BTCUSDT,22961.85,23011.39,21688.0,21796.35,402894.6955,9052973327.19716,9784291,20047.4574,19721.43555,47.216028796364135,769.0659120819458,False,False,False
1675987200000,2023-02-10,BTCUSDT,21797.83,21938.16,21451.0,21625.19,338591.94247,7369456394.906654,6993675,20143.5326,19723.006999999998,45.66953450868512,748.929775504664,False,False,False
1676073600000,2023-02-11,BTCUSDT,21625.19,21906.32,21599.78,21862.55,177021.58433,3842000897.79758,4207940,20245.2136,19726.046400000003,48.203213657814814,717.3305058257595,False,False,False
1676160000000,2023-02-12,BTCUSDT,21862.02,22090.0,21630.0,21783.54,204435.65163,4469822441.4372015,4561903,20344.162,19720.20185,47.41063356088692,698.9497554096339,False,False,False
1676246400000,2023-02-13,BTCUSDT,21782.37,21894.99,21351.07,21773.97,295730.76791,6404813758.2696295,6503611,20442.9992,19709.857050000002,47.309166046693925,687.8762014518031,False,False,False
1676332800000,2023-02-14,BTCUSDT,21774.63,22319.08,21532.77,22199.84,361958.40109,7938385476.792083,7695927,20548.608200000002,19701.9875,52.210697021922755,694.9071870623887,False,False,False
1676419200000,2023-02-15,BTCUSDT,22199.84,24380.0,22047.28,24324.05,375669.16111,8604133693.66317,8335550,20700.962,19705.3902,68.13390604613113,811.8938165579325,False,False,False
1676505600000,2023-02-16,BTCUSDT,24322.87,25250.0,23505.25,23517.72,450080.68366,11074988148.779009,11006793,20840.3702,19706.5122,59.96609435866966,878.5264010895088,False,False,False
1676592000000,2023-02-17,BTCUSDT,23517.72,25021.11,23339.37,24569.97,496813.21376,11968532252.05733,10895009,20999.1002,19713.022,65.73830388597727,935.8988010116869,False,False,False
1676678400000,2023-02-18,BTCUSDT,24568.24,24877.0,24430.0,24631.95,216917.25213,5339920389.516133,6296097,21159.5896,19721.2428,66.04882154281896,900.9774580822808,False,False,False
1676764800000,2023-02-19,BTCUSDT,24632.05,25192.0,24192.57,24271.76,300395.99542,7408745406.624343,7660484,21314.1768,19728.50975,62.50357020738603,908.0097825049751,False,False,False
1676851200000,2023-02-20,BTCUSDT,24272.51,25121.23,23840.83,24842.2,346938.56997,8561226688.07291,9808728,21478.6858,19739.605850000004,65.64836539955564,934.6090837546195,False,False,False
1676937600000,2023-02-21,BTCUSDT,24843.89,25250.0,24148.34,24452.16,376000.82868,9280992344.428871,10712371,21634.2716,19745.304549999997,61.82993318409458,946.5412920578609,False,False,False
1677024000000,2023-02-22,BTCUSDT,24450.67,24476.05,23574.69,24182.21,379425.75365,9101745945.990707,11395957,21784.4122,19751.44455,59.26079474275304,943.3140569108709,False,False,False
1677110400000,2023-02-23,BTCUSDT,24182.21,24599.59,23608.0,23940.2,398400.45437,9596083721.512953,11396877,21926.209,19755.2736,56.97514928310877,946.7623385600945,False,False,False
1677196800000,2023-02-24,BTCUSDT,23940.2,24132.35,22841.19,23185.29,343582.57453,8087524100.39044,11531424,22053.277799999996,19752.15005,50.43989996597073,971.3621715200877,False,False,False
1677283200000,2023-02-25,BTCUSDT,23184.04,23219.13,22722.0,23157.07,191311.8101,4406286300.272117,9124568,22177.4062,19752.18565,50.20805556848498,937.4884449829386,False,False,False
1677369600000,2023-02-26,BTCUSDT,23157.07,23689.99,23059.18,23554.85,202323.73623,4716158181.22559,9506015,22309.631800000003,19750.18965,53.45563733416417,915.5828417698716,False,False,False
1677456000000,2023-02-27,BTCUSDT,23554.85,23897.99,23106.77,23492.09,283706.0859,6659785788.329373,11754195,22436.916999999998,19747.97815,52.86972487487673,906.6997816434523,False,False,False
1677542400000,2023-02-28,BTCUSDT,23492.09,23600.0,23020.97,23141.57,264140.99894,6172930936.037335,9568743,22556.1832,19741.6676,49.59982879720617,883.2947972403485,False,False,False
1677628800000,2023-03-01,BTCUSDT,23141.57,24000.0,23020.03,23628.97,315287.41737,7441571085.495409,9390487,22679.949399999998,19737.60555,53.87200253794365,890.2001688660381,False,False,False
1677715200000,2023-03-02,BTCUSDT,23629.76,23796.93,23195.9,23465.32,239315.45219,5603770010.239548,7435815,22790.3906,19733.40595,52.26992353865392,869.5451568041782,False,False,False
1677801600000,2023-03-03,BTCUSDT,23465.32,23476.95,21971.13,22354.34,319954.19785,7167184765.7436495,8214639,22860.545,19724.70355,42.93506312349085,914.9933598895941,False,False,True
1677888000000,2023-03-04,BTCUSDT,22354.34,22410.0,22157.08,22346.57,121257.38132,2706422995.680256,4169260,22908.876200000002,19717.1627,42.87738863486754,867.7024056117659,False,False,True
1677974400000,2023-03-05,BTCUSDT,22346.57,22662.09,22189.22,22430.24,154841.75786,3473011455.187952,4835978,22938.382599999997,19712.6006,43.7535819803915,839.5000909252111,False,False,True
1678060800000,2023-03-06,BTCUSDT,22430.24,22602.19,22258.0,22410.0,203751.82957,4569102169.18569,6471278,22969.152599999998,19708.6946,43.57944180272988,804.1207987162674,False,False,True
1678147200000,2023-03-07,BTCUSDT,22409.41,22557.91,21927.0,22197.96,292519.80912,6517594938.246053,7813394,22989.3988,19715.512450000002,41.706678276094145,791.7485988079625,False,False,True
1678233600000,2023-03-08,BTCUSDT,22198.56,22287.0,21580.0,21705.44,301460.57272,6641171704.24242,8018963,23000.811400000002,19718.3393,37.658538502016654,785.6951274645367,False,False,True
1678320000000,2023-03-09,BTCUSDT,21704.37,21834.99,20042.72,20362.22,443658.28584,9403028764.707771,10076702,22994.506400000002,19712.572350000002,29.30456432051284,857.5933326456412,False,False,True
1678406400000,2023-03-10,BTCUSDT,20362.21,20367.78,19549.09,20150.69,618456.4671,12344992788.912497,12106261,22976.088399999997,19706.32665,28.2420485950568,854.8145231709525,False,False,True
1678492800000,2023-03-11,BTCUSDT,20150.69,20686.51,19765.03,20455.73,427831.82133,8651590672.468525,10412300,22931.858799999998,19700.9597,32.067204079195136,859.5763429444559,False,False,True
1678579200000,2023-03-12,BTCUSDT,20455.73,22150.0,20270.6,21997.11,430944.94288,8982418413.80114,9721933,22916.13,19704.10485,47.34215309832594,932.4208898769948,False,False,True
1678665600000,2023-03-13,BTCUSDT,21998.05,24500.0,21813.88,24113.48,687889.31259,15824996078.60564,14820760,22944.242000000002,19716.87705,60.48135272270629,1057.685112028638,True,True,False
1678752000000,2023-03-14,BTCUSDT,24112.27,26386.87,23976.42,24670.41,699360.93423,17465307097.88407,15223589,22979.321200000002,19739.02385,63.091280507113844,1154.311175455164,False,False,False
1678838400000,2023-03-15,BTCUSDT,24670.41,25196.97,23896.95,24285.66,581450.72984,14291005743.897854,12613034,23012.376599999996,19760.26415,60.13648675316898,1164.718948636938,False,False,False
1678924800000,2023-03-16,BTCUSDT,24285.66,25167.4,24123.0,24998.78,439421.32998,10847330151.941006,10418081,23051.1334,19787.48,63.54441594321486,1156.124738020014,False,False,False
1679011200000,2023-03-17,BTCUSDT,24998.78,27756.84,24890.0,27395.13,624460.68091,16476681071.24338,13113359,23138.843000000004,19823.027,72.15805816847492,1278.318685304299,False,False,False
1679097600000,2023-03-18,BTCUSDT,27395.13,27724.85,26578.0,26907.49,371238.97174,10135945069.642626,9948603,23215.5096,19858.50615,68.60570017355764,1268.9280649254204,False,False,False
1679184000000,2023-03-19,BTCUSDT,26907.49,28390.1,26827.22,27972.87,372066.99054,10264707987.594164,9578297,23314.515,19898.1204,71.86462603775836,1289.9246317164618,False,False,False
1679270400000,2023-03-20,BTCUSDT,27972.87,28472.0,27124.47,27717.01,477378.23373,13300424536.51492,11775950,23394.0092,19936.04815,69.98567537488879,1294.0393008795718,False,False,False
1679356800000,2023-03-21,BTCUSDT,27717.01,28438.55,27303.1,28105.47,420929.7422,11760492716.33759,11530870,23499.595599999997,19976.816199999997,71.21616364270304,1282.7114936738883,False,False,False
1679443200000,2023-03-22,BTCUSDT,28107.81,28868.05,26601.8,27250.97,224113.41296,6272099822.449624,3589327,23582.1124,20013.91155,64.91204156084153,1352.9642441257536,False,False,False
1679529600000,2023-03-23,BTCUSDT,27250.97,28750.0,27105.0,28295.41,128649.60818,3591123573.1149583,2159091,23673.367400000003,20055.3871,68.57383270856931,1373.823940973914,False,False,False
1679616000000,2023-03-24,BTCUSDT,28295.42,28374.3,27000.0,27454.47,86242.06544,2403443392.0273013,1511137,23752.678,20093.67525,62.88349141776324,1373.857945190063,False,False,False
1679702400000,2023-03-25,BTCUSDT,27454.46,27787.33,27156.09,27462.95,50844.08102,1397227639.2141378,1088721,23833.299,20137.03695,62.916908716925654,1320.8138062479159,False,False,False
1679788800000,2023-03-26,BTCUSDT,27462.96,28194.4,27417.76,27968.05,49671.70353,1380973402.9961202,1068196,23926.123199999998,20180.413,64.94161634322245,1281.9442486587793,False,False,False
1679875200000,2023-03-27,BTCUSDT,27968.05,28023.86,26508.14,27124.91,88039.46898,2407130888.034605,1575264,24009.9632,20219.438700000002,59.1372535692066,1298.642516611724,False,False,False
1679961600000,2023-03-28,BTCUSDT,27124.9,27520.0,26631.78,27261.07,78602.44341,2124533606.765556,1521981,24099.9342,20248.943499999998,59.76270666461615,1269.3266225680295,False,False,False
1680048000000,2023-03-29,BTCUSDT,27261.06,28650.0,27240.1,28348.6,89486.16008,2519887866.2111588,1704217,24202.097,20282.4448,64.44391067791344,1279.3675780988847,False,False,False
1680134400000,2023-03-30,BTCUSDT,28348.6,29184.68,27686.0,28028.53,98865.43256,2808471938.6424427,1843652,24303.407600000002,20313.4531,62.152129083469156,1295.0327510918216,False,False,False
1680220800000,2023-03-31,BTCUSDT,28028.53,28656.69,27511.71,28465.36,78198.12139,2203253311.777351,1537349,24436.7878,20343.8012,64.03213069606593,1284.3146974424058,False,False,False
1680307200000,2023-04-01,BTCUSDT,28465.36,28819.71,28220.27,28452.73,30238.44753,860804237.452269,822781,24573.3386,20385.197,63.93324826946876,1235.3950761965195,False,False,False
1680393600000,2023-04-02,BTCUSDT,28452.74,28530.0,27856.43,28171.87,37365.65692,1053600933.0676804,938464,24699.525,20424.9228,61.65317991072441,1195.2647136110538,False,False,False
1680480000000,2023-04-03,BTCUSDT,28171.87,28500.99,27200.24,27800.0,79180.01405,2214361048.7823668,1651062,24819.854199999998,20465.4134,58.66971449451744,1202.79937692455,False,False,False
1680566400000,2023-04-04,BTCUSDT,27800.0,28444.44,27662.79,28165.47,49722.55691,1397141464.875036,1102007,24947.6842,20507.22425,60.68337842941933,1172.7172785727964,False,False,False
1680652800000,2023-04-05,BTCUSDT,28165.47,28775.0,27805.1,28170.01,60737.64732,1721098539.066057,1262730,25067.087600000003,20547.5062,60.70898790029385,1158.230330103311,False,False,False
1680739200000,2023-04-06,BTCUSDT,28170.01,28182.05,27711.0,28033.82,40118.94963,1122713087.5561826,934548,25141.283000000003,20590.594399999998,59.45784299057731,1109.1460208102174,False,False,False
1680825600000,2023-04-07,BTCUSDT,28033.83,28100.0,27766.94,27906.33,24762.09387,691323748.9286413,655634,25229.0552,20632.44095,58.24766643211624,1053.7113050380592,False,False,False
1680912000000,2023-04-08,BTCUSDT,27906.34,28154.99,27859.02,27938.38,19479.96735,545324518.6860753,624159,25296.423400000003,20677.757849999998,58.47647401181955,999.5869261067694,False,False,False
1680998400000,2023-04-09,BTCUSDT,27938.38,28530.0,27800.0,28323.76,32531.16101,913915923.6951956,777589,25370.2596,20727.06985,61.227882044858674,980.330717099143,False,False,False
1681084800000,2023-04-10,BTCUSDT,28323.76,29770.0,28170.0,29637.34,67754.0622,1955300943.1708305,1285695,25477.571199999995,20778.2484,68.813338240048,1024.5928087349187,False,False,False
1681171200000,2023-04-11,BTCUSDT,29637.35,30550.0,29590.0,30200.42,67990.07621,2046078278.0821176,1340458,25584.7356,20832.80095,71.39665281832,1019.9790366824245,False,False,False
1681257600000,2023-04-12,BTCUSDT,30200.43,30486.0,29637.4,29888.07,62049.48451,1863497606.1415305,1246556,25693.4538,20887.6388,68.03024644283438,1007.7376769193942,False,False,False
1681344000000,2023-04-13,BTCUSDT,29888.07,30595.0,29854.59,30373.84,51934.11731,1571091101.1299677,1054144,25817.2864,20945.471100000002,70.37012027587285,988.6428428537232,False,False,False
1681430400000,2023-04-14,BTCUSDT,30373.84,31000.0,29966.0,30466.93,75984.19452,2323267494.38023,1504180,25947.821,21001.66665,70.81100926651126,991.882639792743,False,False,False
1681516800000,2023-04-15,BTCUSDT,30466.93,30595.6,30202.0,30295.09,25429.81247,772211097.614016,732418,26090.017000000003,21057.74645,68.77656514835525,949.1481655218328,False,False,False
1681603200000,2023-04-16,BTCUSDT,30295.1,30549.99,30120.0,30304.65,26431.99322,801322926.1525651,708233,26232.9686,21112.2056,68.83021852385592,912.0654394131305,False,False,False
1681689600000,2023-04-17,BTCUSDT,30304.66,30316.06,29240.65,29430.27,56441.81127,1675287761.4330356,1137294,26350.477,21161.3994,58.86669339405743,923.7329080264783,False,False,False
1681776000000,2023-04-18,BTCUSDT,29430.27,30485.0,29096.78,30380.01,62004.89434,1861001491.9786973,1141562,26488.2354,21216.186400000002,64.82305657043722,956.9105574531585,False,False,False
1681862400000,2023-04-19,BTCUSDT,30380.01,30413.53,28520.0,28797.1,86575.48656,2541283888.3034472,1699891,26601.346,21263.61715,51.450527378017824,1023.8119462065042,False,False,False
1681948800000,2023-04-20,BTCUSDT,28797.1,29088.3,28010.0,28243.65,76879.09372,2198854031.424746,1434642,26693.6396,21309.5514,47.74207907208813,1027.7039500488968,False,False,False
1682035200000,2023-04-21,BTCUSDT,28243.65,28374.02,27125.0,27262.84,77684.7679,2164667611.9354606,1463628,26769.59,21347.7202,41.96882832583423,1043.5122393311185,False,False,False
1682121600000,2023-04-22,BTCUSDT,27262.84,27882.72,27140.35,27816.85,36023.69686,989379475.3218232,859500,26878.8402,21385.115349999996,45.94506173889179,1022.0020793788959,False,False,False
1682208000000,2023-04-23,BTCUSDT,27816.85,27816.85,27311.25,27590.6,34812.09581,959389698.7572552,873485,26983.7208,21422.27705,44.60102530666775,985.1162165661176,False,False,False
1682294400000,2023-04-24,BTCUSDT,27590.59,28000.0,26942.82,27510.93,53111.56874,1458406515.6404212,1211080,27085.3346,21460.02835,44.11167856771723,990.2636296685378,False,False,False
1682380800000,2023-04-25,BTCUSDT,27510.93,28399.99,27192.0,28300.79,52325.14637,1446329375.242731,1087067,27203.1504,21503.88185,49.97204284343821,1005.8155132636423,False,False,False
1682467200000,2023-04-26,BTCUSDT,28300.8,30036.0,27235.0,28415.29,129228.40403,3719701461.909164,2261942,27327.497000000003,21548.8685,50.77780081150645,1134.0429766019536,False,False,False
1682553600000,2023-04-27,BTCUSDT,28415.29,29890.0,28378.86,29472.77,95430.82431,2784859692.36462,1990148,27482.8436,21599.037249999998,57.574123920825656,1160.9784782732424,False,False,False
1682640000000,2023-04-28,BTCUSDT,29472.77,29599.54,28891.0,29311.7,54298.16578,1590683771.668198,1129240,27661.833199999997,21649.936400000002,56.29903309769419,1128.6614441108682,False,False,False
1682726400000,2023-04-29,BTCUSDT,29311.69,29448.88,29031.0,29230.45,20466.83058,599466910.0466621,619319,27843.428399999997,21700.788650000002,55.62974325847909,1077.8913409600918,False,False,False
1682812800000,2023-04-30,BTCUSDT,29230.45,29969.39,29079.59,29233.21,39752.5372,1172155267.8761897,949458,28018.978,21751.177050000002,55.64903124092118,1064.456245177228,False,False,False
1682899200000,2023-05-01,BTCUSDT,29233.2,29337.34,27666.95,28068.26,64433.65958,1828221138.95444,1362793,28140.400999999998,21794.6427,46.467289242603364,1107.737227664569,False,False,True
1682985600000,2023-05-02,BTCUSDT,28068.26,28879.88,27872.0,28669.86,50824.5224,1441733922.0116444,1174697,28231.528599999998,21842.10735,50.9665878590812,1100.6045685456713,True,True,False
1683072000000,2023-05-03,BTCUSDT,28669.85,29266.66,28113.69,29026.16,64615.79213,1845961218.843244,1502909,28318.6436,21891.891200000002,53.46136579455892,1104.3449565066949,False,False,False
1683158400000,2023-05-04,BTCUSDT,29026.16,29379.83,28663.64,28838.16,42575.47501,1233816136.1606576,961542,28409.693600000002,21939.767100000005,51.95916276613285,1076.6196024705025,False,False,False
1683244800000,2023-05-05,BTCUSDT,28838.16,29677.0,28800.0,29505.61,58415.83048,1709786814.901134,1288027,28499.8302,21989.54585,56.61961011590743,1062.3610594368952,False,False,False
1683331200000,2023-05-06,BTCUSDT,29505.6,29820.0,28300.0,28848.2,49249.28459,1429517892.7805023,1221021,28528.891599999995,22037.14965,51.33698656910613,1095.0495551914028,False,False,False
1683417600000,2023-05-07,BTCUSDT,28848.19,29138.29,28395.23,28430.1,30003.41028,865838535.326382,855425,28559.3438,22083.680299999996,48.253512732814954,1069.9074441063026,False,False,True
1683504000000,2023-05-08,BTCUSDT,28430.09,28631.01,27262.0,27668.79,68244.36179,1903052694.6684127,1600637,28553.2622,22126.81465,43.169014718738566,1091.2719123844238,False,False,True
1683590400000,2023-05-09,BTCUSDT,27668.8,27818.0,27353.0,27628.27,40113.31069,1106923908.3058467,1003698,28551.4874,22169.13415,42.90985424053792,1046.538204356965,False,False,True
1683676800000,2023-05-10,BTCUSDT,27628.28,28331.42,26777.0,27598.75,71155.11355,1971173412.435502,1534579,28541.353000000003,22211.106150000003,42.70869290235242,1082.8154754743246,False,False,True
1683763200000,2023-05-11,BTCUSDT,27598.74,27630.14,26702.05,26968.62,47635.31365,1295799109.011004,1257000,28535.705999999995,22248.097250000003,38.55385769156918,1071.7636557975873,False,False,True
1683849600000,2023-05-12,BTCUSDT,26968.61,27091.12,25811.46,26795.01,67207.93494,1777052127.7310932,1351633,28505.697999999997,22285.4237,37.472233560985316,1086.6133946691882,False,False,True
1683936000000,2023-05-13,BTCUSDT,26795.01,27045.45,26692.03,26775.28,22814.90421,612062852.0866882,605049,28492.1142,22318.89975,37.344010389553944,1034.2424379071035,False,False,True
1684022400000,2023-05-14,BTCUSDT,26775.27,27200.0,26560.53,26917.62,21594.8036,580801698.0002693,629537,28481.2076,22349.629900000004,38.96660133494242,1006.0444066280248,False,False,True
1684108800000,2023-05-15,BTCUSDT,26917.61,27663.59,26726.0,27162.14,40430.08333,1104633264.1315742,935914,28465.0894,22383.96505,41.75697574771531,1001.1548061545946,False,False,True
1684195200000,2023-05-16,BTCUSDT,27162.15,27296.89,26852.11,27033.84,33270.45451,900273404.6010331,815642,28463.268000000004,22416.175049999998,40.70539210615929,961.4137485721234,False,False,True
1684281600000,2023-05-17,BTCUSDT,27033.85,27500.0,26544.71,27405.61,42958.97785,1159714527.6352637,1016823,28466.158799999997,22449.15475,45.02562771189025,960.9763379598289,False,False,True
1684368000000,2023-05-18,BTCUSDT,27405.62,27485.33,26361.2,26821.28,49198.65143,1330745572.694637,1057318,28435.612399999998,22480.12375,40.08236091727073,972.6301709626983,False,False,True
1684454400000,2023-05-19,BTCUSDT,26821.28,27183.6,26630.0,26880.26,28754.13544,772864757.1633048,756295,28412.646999999997,22512.071350000002,40.78898437809996,942.6994444653627,False,False,True
1684540800000,2023-05-20,BTCUSDT,26880.26,27150.0,26825.11,27102.43,14434.54718,389225653.7451669,481382,28385.3884,22545.1654,43.49235683100691,898.5701984321225,False,False,True
1684627200000,2023-05-21,BTCUSDT,27102.42,27277.55,26666.03,26747.78,21347.87279,575213570.2794422,568937,28351.289399999998,22578.1451,40.32716322842569,878.0666128298282,False,False,True
1684713600000,2023-05-22,BTCUSDT,26747.78,27099.89,26538.21,26849.27,26458.83828,709594996.7242744,717111,28324.837399999997,22611.352349999997,41.63616174286015,855.467569056269,False,False,True
1684800000000,2023-05-23,BTCUSDT,26849.28,27495.83,26798.11,27219.61,38700.83858,1054565781.6023751,816399,28313.2296,22641.707800000004,46.26804068134288,844.1998855522498,False,False,True
1684886400000,2023-05-24,BTCUSDT,27219.61,27219.61,26080.5,26329.01,54393.0657,1442636235.4543552,1012767,28276.5004,22666.856,38.37975991077515,865.2648937270892,False,False,True
1684972800000,2023-05-25,BTCUSDT,26329.0,26631.98,25871.89,26473.79,37435.44895,984117789.7017612,753125,28242.576,22694.697050000002,40.16568061311853,857.7524013180114,False,False,True
1685059200000,2023-05-26,BTCUSDT,26473.8,26932.16,26327.24,26705.92,35061.18713,932817724.59401,655755,28216.017999999996,22725.271,43.01728519787625,839.6929440810105,False,False,True
1685145600000,2023-05-27,BTCUSDT,26705.93,26895.0,26551.0,26854.27,15095.6867,403337263.0344908,415694,28194.9768,22766.806200000003,44.826985362645246,804.2863052180812,False,False,True
1685232000000,2023-05-28,BTCUSDT,26854.28,28261.32,26764.36,28065.0,43916.00855,1205762341.9704952,843861,28197.5092,22827.517150000003,56.866795763052465,853.762997702504,False,False,True
1685318400000,2023-05-29,BTCUSDT,28065.01,28447.14,27524.6,27736.4,42385.41945,1182678581.634669,805579,28185.762,22878.1934,53.45719123989979,858.6756407237538,False,False,True
1685404800000,2023-05-30,BTCUSDT,27736.39,28038.59,27554.0,27694.4,32686.75371,908653906.0072744,745633,28146.903200000004,22931.313850000002,53.01962049329183,831.9552378149142,False,False,True
1685491200000,2023-05-31,BTCUSDT,27694.39,27835.51,26839.01,27210.35,46588.80573,1265952178.7798684,908537,28087.101799999997,22983.3052,48.12991343151137,843.708435113849,False,False,True
1685577600000,2023-06-01,BTCUSDT,27210.36,27350.0,26605.05,26817.93,39217.8088,1055132509.8658342,814389,28025.699000000004,23035.745600000002,44.54337920125329,836.6542611771455,False,False,True
1685664000000,2023-06-02,BTCUSDT,26817.93,27300.0,26505.0,27242.59,36380.90269,983857061.640842,811087,27963.074,23088.86125,48.974579649793874,833.6789568073494,False,False,True
1685750400000,2023-06-03,BTCUSDT,27242.59,27333.29,26914.93,27069.22,16595.34117,450588672.4704081,466520,27895.1198,23139.704500000003,47.312465485241155,804.013317035396,False,False,True
1685836800000,2023-06-04,BTCUSDT,27069.22,27455.02,26951.0,27115.21,19258.41049,523747237.4389696,504474,27831.522199999996,23191.96675,47.81838541732558,782.5852229614392,False,False,True
1685923200000,2023-06-05,BTCUSDT,27115.2,27129.33,25388.0,25728.2,65805.60305,1722665798.09203,1420829,27739.993200000004,23237.14495,36.45052829170741,851.0669927499079,False,False,True
1686009600000,2023-06-06,BTCUSDT,25728.2,27355.33,25351.02,27230.08,68392.60438,1797636024.0812123,1345725,27695.9894,23289.7931,50.24389790463122,933.4414932677716,False,False,True
1686096000000,2023-06-07,BTCUSDT,27230.07,27391.77,26125.01,26339.34,59619.44364,1589291467.5372326,1311928,27615.176,23337.9864,44.12660408982022,957.2499580343596,False,False,True
1686182400000,2023-06-08,BTCUSDT,26339.34,26810.0,26210.0,26498.61,31075.51083,823023638.236875,848252,27569.2062,23389.0783,45.4065288259447,931.7321038890482,False,False,True
1686268800000,2023-06-09,BTCUSDT,26498.62,26783.33,26269.91,26477.81,27934.7097,741158215.0539023,746911,27533.8894,23442.560899999997,45.260709609125875,901.8526678969735,False,False,True
1686355200000,2023-06-10,BTCUSDT,26477.8,26533.87,25358.0,25841.21,64944.60108,1673795235.4008925,1713871,27505.456799999996,23490.632250000002,40.92849270921978,921.425334475761,False,False,True
1686441600000,2023-06-11,BTCUSDT,25841.22,26206.88,25634.7,25925.55,30014.29595,776111471.8669971,833902,27467.6308,23537.24445,41.72433627216971,896.4792391560638,False,False,True
1686528000000,2023-06-12,BTCUSDT,25925.54,26106.48,25602.11,25905.19,29900.50893,773303698.8633221,858037,27433.922599999998,23583.77565,41.57870672722197,868.4714363592021,False,False,True
1686614400000,2023-06-13,BTCUSDT,25905.2,26433.21,25712.57,25934.25,41065.60853,1068985236.5126554,1007138,27402.389,23630.8362,41.89045927985131,857.9120480478305,False,False,True
1686700800000,2023-06-14,BTCUSDT,25934.24,26098.0,24820.56,25128.6,45077.31608,1152808416.919793,957418,27338.945200000002,23674.186349999996,36.133600512823485,887.8783303301282,False,False,True
1686787200000,2023-06-15,BTCUSDT,25128.6,25759.01,24800.0,25598.49,48664.86063,1224436974.8502872,943268,27282.6092,23720.034900000002,41.208414198619785,892.959163877976,False,False,True
1686873600000,2023-06-16,BTCUSDT,25598.49,26518.0,25175.56,26345.0,51596.91662,1335158158.639614,926194,27220.053799999998,23770.69535,48.244459516173016,925.064937886692,False,False,True
1686960000000,2023-06-17,BTCUSDT,26345.01,26839.99,26181.0,26516.99,27842.2195,738491809.8811625,666967,27164.1596,23821.06765,49.73695991582684,906.0595851804999,False,False,True
1687046400000,2023-06-18,BTCUSDT,26516.99,26700.0,26255.85,26339.97,21538.31022,571013013.8553362,555956,27106.35,23866.9493,48.19640880822292,873.0660433818929,False,False,True
1687132800000,2023-06-19,BTCUSDT,26339.98,27068.09,26256.61,26844.35,35872.65974,954193987.2948112,732735,27058.5728,23916.2842,52.69261312366419,868.6670402831863,False,False,True
1687219200000,2023-06-20,BTCUSDT,26844.35,28402.74,26652.0,28307.99,69666.95525,1912797983.531005,1189024,27063.367400000003,23972.36045,62.78630531542256,931.6722516915304,True,True,False
1687305600000,2023-06-21,BTCUSDT,28308.0,30800.0,28257.99,29993.89,108926.40412,3210301129.3662906,1872873,27089.847999999998,24037.903899999998,70.57436349504961,1046.6963765707067,False,False,False
1687392000000,2023-06-22,BTCUSDT,29993.89,30500.0,29525.61,29884.92,59054.5646,1775822103.7632556,1146092,27107.023200000003,24101.8,69.5610303991086,1041.5316353870849,False,False,False
1687478400000,2023-06-23,BTCUSDT,29884.92,31431.94,29800.0,30688.5,73931.89635,2265077496.195469,1338533,27144.03,24170.410750000003,72.67666047579277,1083.7036614308645,False,False,False
1687564800000,2023-06-24,BTCUSDT,30688.51,30800.0,30250.0,30527.43,30513.30135,933244397.704002,776343,27164.4664,24237.6031,71.10561038405469,1045.5819713286598,False,False,False
1687651200000,2023-06-25,BTCUSDT,30527.44,31046.01,30277.49,30462.66,30223.44801,926316644.4167664,789910,27196.7556,24305.733200000002,70.44613865224059,1025.7918305194696,False,False,False
1687737600000,2023-06-26,BTCUSDT,30462.67,30666.0,29930.0,30267.99,45180.41489,1367837657.5451825,954783,27233.5134,24370.952649999996,68.39302062765378,1005.0924140537933,False,False,False
1687824000000,2023-06-27,BTCUSDT,30267.99,30994.97,30226.17,30692.44,42699.64157,1306206257.0193572,824373,27293.9864,24438.77205,70.41745825593972,988.2143844785226,False,False,False
1687910400000,2023-06-28,BTCUSDT,30692.44,30709.74,29858.8,30077.41,40463.51937,1224103637.6132562,895470,27342.9692,24503.52165,64.01887410782086,978.4090713014854,False,False,False
1687996800000,2023-06-29,BTCUSDT,30077.4,30843.98,30049.98,30447.31,36330.62903,1107940389.9242406,758428,27399.9404,24570.33295,66.0188046245706,965.2369947799507,False,False,False
1688083200000,2023-06-30,BTCUSDT,30447.31,31282.0,29500.0,30472.0,89419.07618,2726355505.5063505,1559366,27470.008,24636.643799999998,66.15403321600864,1023.5772094385256,False,False,False
1688169600000,2023-07-01,BTCUSDT,30471.99,30661.6,30320.57,30585.9,17501.75075,533859338.1325383,567975,27545.825800000002,24700.6998,66.81021123497831,974.8238373357738,False,False,False
1688256000000,2023-07-02,BTCUSDT,30585.9,30791.0,30155.0,30617.03,23286.41019,711031423.4334425,591533,27622.6608,24764.769200000002,66.9985276381104,950.6221346689329,False,False,False
1688342400000,2023-07-03,BTCUSDT,30617.02,31380.0,30570.27,31156.2,43761.64311,1352635339.5043936,781855,27707.432399999998,24833.768499999995,70.15687072175587,940.5584107640092,False,False,False
1688428800000,2023-07-04,BTCUSDT,31156.2,31350.69,30620.0,30766.51,33206.11943,1028794008.5245212,779472,27779.5198,24904.44045,65.29311659400253,925.5678099951514,False,False,False
1688515200000,2023-07-05,BTCUSDT,30766.52,30878.07,30200.0,30504.81,33215.67122,1013694790.31705,827926,27848.9392,24973.0819,62.17572468813776,907.8893949954977,False,False,False
1688601600000,2023-07-06,BTCUSDT,30504.8,31500.0,29850.45,29895.43,71319.6261,2181763648.99527,1397042,27898.7356,25038.868,55.527560239559094,960.8651524958193,False,False,False
1688688000000,2023-07-07,BTCUSDT,29895.42,30449.0,29701.02,30344.7,34070.53895,1027461795.2332093,912948,27969.203999999998,25108.3971,59.00762913170558,945.6590701746893,False,False,False
1688774400000,2023-07-08,BTCUSDT,30344.7,30386.81,30044.47,30284.63,13094.59042,395759717.5724279,480214,28037.291400000002,25175.342449999996,58.350162297203546,902.5648508764973,False,False,False
1688860800000,2023-07-09,BTCUSDT,30284.63,30445.52,30061.12,30160.71,15388.50196,465781514.2589476,473168,28098.457000000002,25242.022649999995,56.9406889804348,865.5530758138905,False,False,False
1688947200000,2023-07-10,BTCUSDT,30160.71,31045.78,29950.0,30411.57,41262.87652,1254289037.7420728,896853,28171.7328,25309.97335,59.09479964532902,881.9978561128981,False,False,False
1689033600000,2023-07-11,BTCUSDT,30411.57,30813.63,30300.0,30622.1,28476.83311,868966244.2412691,691213,28247.1894,25379.191349999997,60.86426352318685,855.6858663905483,False,False,False
1689120000000,2023-07-12,BTCUSDT,30622.1,30983.25,30210.0,30380.0,38108.99669,1166497472.4331727,784195,28310.397199999996,25446.910749999995,57.769501360730956,849.7975902197949,False,False,False
1689206400000,2023-07-13,BTCUSDT,30380.0,31804.2,30251.0,31454.23,70772.51836,2194927210.224416,1301632,28412.901599999997,25520.02135,66.02451419909531,900.0406194898096,False,False,False
1689292800000,2023-07-14,BTCUSDT,31454.23,31630.0,29900.0,30312.01,60749.48424,1869443273.7476244,1274387,28489.665999999997,25586.98445,53.948852854002915,959.3234323833947,False,False,False
1689379200000,2023-07-15,BTCUSDT,30312.0,30390.9,30200.0,30289.52,14118.55329,427921094.3021783,488354,28561.338,25654.90025,53.74043674640326,904.4360443560095,False,False,False
1689465600000,2023-07-16,BTCUSDT,30289.52,30441.46,30064.29,30231.99,15760.1281,477189328.0072937,494225,28628.892399999997,25723.32365,53.174533279025084,866.7741840448658,False,False,False
1689552000000,2023-07-17,BTCUSDT,30232.0,30336.96,29659.2,30138.0,30882.76839,929647644.243343,816466,28670.352399999996,25790.846299999997,52.20727129995326,853.2731708988039,False,False,False
1689638400000,2023-07-18,BTCUSDT,30138.01,30239.78,29512.0,29859.13,30003.8601,897157095.477411,754775,28712.807,25857.10455,49.33952814066162,844.3093729774607,False,False,False
1689724800000,2023-07-19,BTCUSDT,29859.14,30189.09,29761.96,29909.21,25657.36137,769254865.285115,617415,28757.103199999998,25923.938600000005,49.87204874950443,814.5108463362136,False,False,False
1689811200000,2023-07-20,BTCUSDT,29909.21,30417.46,29570.96,29800.0,37540.68193,1125950643.7116497,749723,28808.896200000003,25989.854850000003,48.6705691949255,816.7957858836269,False,False,False
1689897600000,2023-07-21,BTCUSDT,29800.0,30061.7,29726.34,29901.72,23881.40865,713123417.7612139,555611,28870.571999999996,26055.9991,49.881681168528736,782.4075154633679,False,False,False
1689984000000,2023-07-22,BTCUSDT,29901.72,29999.0,29625.1,29794.0,14660.40467,437785700.3396102,423988,28921.6002,26121.5932,48.57460234084695,753.2284072159846,False,False,False
1690070400000,2023-07-23,BTCUSDT,29793.99,30350.0,29730.0,30083.75,18292.78637,548940321.0915866,519434,28981.8908,26187.760150000002,52.20267575156536,743.7120924148429,False,False,False
1690156800000,2023-07-24,BTCUSDT,30083.75,30099.58,28861.9,29176.5,39628.99691,1162562413.8190153,869107,29023.1166,26249.483399999997,42.170495495022244,778.9955143852113,False,False,False
1690243200000,2023-07-25,BTCUSDT,29176.5,29376.0,29047.65,29228.91,21565.7478,629531351.1145664,533797,29093.1308,26310.8747,42.853718381691316,746.8065490719819,False,False,False
1690329600000,2023-07-26,BTCUSDT,29228.91,29690.0,29096.94,29351.96,33931.63366,995569172.1396836,750401,29135.568400000004,26372.91665,44.51128037556289,735.8246527096975,False,False,False
1690416000000,2023-07-27,BTCUSDT,29351.95,29567.49,29083.85,29222.78,22476.47626,659594157.3443576,583045,29193.237200000003,26433.3914,43.09797184020184,717.8114632304337,False,False,False
1690502400000,2023-07-28,BTCUSDT,29222.78,29542.22,29123.12,29314.14,23993.61627,702705076.837866,543177,29249.547799999997,26494.0708,44.44154871386267,696.4749301425458,False,False,False
1690588800000,2023-07-29,BTCUSDT,29314.14,29406.92,29256.18,29352.9,10851.36844,318276733.8766431,339750,29307.0496,26553.631999999998,45.0345247220262,657.4938637037924,False,False,False
1690675200000,2023-07-30,BTCUSDT,29352.9,29449.0,29033.24,29281.09,15706.97441,459830379.6509824,454846,29375.847200000004,26610.321150000003,44.09552100570505,640.2271591535214,False,False,True
1690761600000,2023-07-31,BTCUSDT,29281.09,29530.0,29101.8,29232.25,22605.48964,663025204.2072345,563115,29441.981200000002,26662.249300000003,43.43222223841455,625.082362071127,False,False,True
1690848000000,2023-08-01,BTCUSDT,29232.26,29739.25,28585.7,29705.99,44719.65162,1299160215.077924,900141,29517.9972,26711.1292,51.1137945664358,662.8300504946179,True,True,False
1690934400000,2023-08-02,BTCUSDT,29705.99,30047.5,28927.5,29186.01,48181.65141,1419729744.649752,945158,29583.032400000004,26752.28465,44.044108946771644,695.4850468878595,False,False,True
1691020800000,2023-08-03,BTCUSDT,29186.0,29433.33,28968.0,29193.64,26476.91994,773302705.4947629,651970,29664.333199999997,26793.895350000003,44.16614332355489,679.0454006815839,False,False,True
1691107200000,2023-08-04,BTCUSDT,29193.65,29333.08,28807.54,29113.99,23551.95217,686643453.3930904,544850,29734.643200000002,26833.53705,43.10919866748292,668.080729204328,False,False,True
1691193600000,2023-08-05,BTCUSDT,29114.0,29152.23,28978.64,29072.13,11645.52018,338478560.12182474,331924,29789.1858,26873.223650000004,42.533111695812764,632.7599628325903,False,False,True
1691280000000,2023-08-06,BTCUSDT,29072.13,29205.09,28991.88,29088.42,13178.1972,383209498.87775046,338654,29840.6144,26915.2784,42.853160980155245,602.7921083445481,False,False,True
1691366400000,2023-08-07,BTCUSDT,29088.43,29276.78,28701.03,29211.06,30966.87746,899492595.6812717,671438,29898.036200000002,26955.975749999998,45.322080323256614,600.8605291770804,False,False,True
1691452800000,2023-08-08,BTCUSDT,29211.06,30244.0,29146.45,29770.42,45700.53392,1352934531.6659672,877168,29956.557599999996,26991.491799999996,54.893889223556215,636.3383485215745,False,False,True
1691539200000,2023-08-09,BTCUSDT,29770.41,30160.0,29376.67,29581.99,38003.88725,1130396850.0974116,750252,29982.037599999996,27025.484,51.615890458319804,646.8377521986051,False,False,True
1691625600000,2023-08-10,BTCUSDT,29581.99,29738.0,29320.2,29455.75,23463.45373,692863472.0877249,513691,29971.2748,27059.22335,49.48392320634174,630.4779127558476,False,False,True
1691712000000,2023-08-11,BTCUSDT,29455.76,29564.52,29252.45,29426.03,20637.0443,607176051.3015367,437828,29962.096999999998,27091.77125,48.971093224931415,607.7344904161441,False,False,True
1691798400000,2023-08-12,BTCUSDT,29426.02,29481.35,29381.56,29430.17,8971.48068,263949405.54340288,310852,29936.9304,27125.75765,49.05030451657335,571.452741100705,False,False,True
1691884800000,2023-08-13,BTCUSDT,29430.18,29474.65,29272.32,29303.84,11101.70947,326264625.2296824,341726,29912.458599999998,27156.972149999998,46.66965084253985,545.0868310220834,False,False,True
1691971200000,2023-08-14,BTCUSDT,29303.85,29695.32,29102.45,29430.93,31443.11532,924613476.681799,671592,29891.824000000004,27189.078550000006,49.33382259565878,548.499914520506,False,False,True
1692057600000,2023-08-15,BTCUSDT,29430.92,29499.26,29059.6,29200.0,27503.87691,806683957.3100157,591162,29870.464200000002,27219.707750000005,44.94062663764257,540.7256349118984,False,False,True
1692144000000,2023-08-16,BTCUSDT,29200.01,29259.85,28723.08,28730.51,32996.69854,959870747.0063144,768028,29831.225599999994,27248.2473,37.60818158942829,540.4430895610483,False,False,True
1692230400000,2023-08-17,BTCUSDT,28730.51,28783.48,25166.0,26623.41,100271.54033,2755821274.340605,1976577,29762.1456,27262.652850000002,21.0266794514867,760.2314403066877,False,False,True
1692316800000,2023-08-18,BTCUSDT,26623.41,26832.6,25619.0,26054.0,69790.65711,1834219523.699404,1293122,29674.2794,27278.7921,18.635524193870694,792.6149088562099,False,False,True
1692403200000,2023-08-19,BTCUSDT,26054.0,26281.0,25801.09,26100.01,26160.75343,680623880.8247553,615764,29586.8396,27293.6665,19.432797443607868,770.2788439379093,False,False,True
1692489600000,2023-08-20,BTCUSDT,26100.01,26299.0,25971.05,26189.99,19056.91209,497880752.23011583,451543,29498.921400000003,27305.953150000005,21.061859736428005,738.683926513773,False,False,True
1692576000000,2023-08-21,BTCUSDT,26190.0,26258.42,25812.0,26126.92,30267.24233,788205156.3215923,565987,29409.1192,27319.143050000002,20.745224623293183,717.8079317627892,False,False,True
1692662400000,2023-08-22,BTCUSDT,26126.92,26139.42,25300.0,26056.0,34247.06688,886782344.160293,603624,29307.1152,27332.26355,20.374308413608077,726.494508065447,False,False,True
1692748800000,2023-08-23,BTCUSDT,26055.99,26819.27,25812.82,26432.72,44023.69978,1156326251.922411,673711,29220.4394,27347.79295,27.762760275903887,746.4913289179151,False,False,True
1692835200000,2023-08-24,BTCUSDT,26432.71,26577.87,25864.0,26180.05,30205.22116,792966965.8982657,575619,29133.944199999998,27364.028649999997,26.018910671760608,744.1612339952069,False,False,True
1692921600000,2023-08-25,BTCUSDT,26180.05,26314.05,25777.15,26060.01,27753.33772,722611079.1898074,611438,29057.235800000002,27380.516099999997,25.20877977059328,729.3568601384062,False,False,True
1693008000000,2023-08-26,BTCUSDT,26060.0,26125.77,25985.92,26017.37,10022.22322,261041530.4758038,329412,28970.689200000004,27394.40065,24.91205653145842,687.2492272713773,False,False,True
1693094400000,2023-08-27,BTCUSDT,26017.38,26182.23,25966.11,26101.77,12099.64216,315548363.0193776,349090,28887.031999999996,27410.094500000003,26.749938697258855,653.5971396091361,False,False,True
1693180800000,2023-08-28,BTCUSDT,26101.78,26253.99,25864.5,26120.0,22692.62655,591008939.17657,523057,28806.2178,27431.71275,27.164624078025724,634.7323439227694,False,False,True
1693267200000,2023-08-29,BTCUSDT,26120.0,28142.85,25922.0,27716.34,74251.99488,2023326050.7584796,1137083,28752.313199999997,27462.1685,52.51523525100884,748.026462214,False,False,True
1693353600000,2023-08-30,BTCUSDT,27716.34,27768.57,27017.24,27299.99,35448.25848,969086451.1625257,690292,28685.871,27489.355700000004,47.83851282344056,748.2624291987142,False,False,True
1693440000000,2023-08-31,BTCUSDT,27299.99,27587.51,25655.01,25940.78,51032.80401,1360373186.0116708,944690,28597.086600000002,27510.1419,36.43201850580968,832.8508271130918,False,False,True
1693526400000,2023-09-01,BTCUSDT,25940.77,26156.0,25333.75,25805.05,41032.15056,1059444591.7097496,881179,28484.103000000003,27530.2973,35.5211912629063,832.0936251764424,False,False,True
1693612800000,2023-09-02,BTCUSDT,25805.04,25987.5,25752.47,25869.51,16250.77698,419812969.94685984,567728,28395.253000000004,27548.64565,36.33524113424659,789.4462233781251,False,False,True
1693699200000,2023-09-03,BTCUSDT,25869.52,26135.0,25800.0,25971.21,17474.47667,453100690.1021077,496412,28308.8868,27556.88145,37.67223946401991,756.9857788511162,False,False,True
1693785600000,2023-09-04,BTCUSDT,25971.21,26108.02,25631.21,25826.02,21777.59609,563532890.5699993,596830,28220.7674,27568.42295,36.49394716077166,736.9732232188936,False,False,True
1693872000000,2023-09-05,BTCUSDT,25826.03,25915.49,25562.62,25792.1,21323.39337,548893707.6002005,566736,28133.8494,27574.533600000002,36.209008058274,709.5372787032585,False,False,True
1693958400000,2023-09-06,BTCUSDT,25792.11,26040.0,25372.51,25759.95,27262.52386,700763180.8011677,636302,28051.8658,27580.173600000002,35.92271541524664,706.533901653026,False,False,True
1694044800000,2023-09-07,BTCUSDT,25759.95,26443.14,25615.38,26255.0,27687.49567,718923008.9071183,631929,27978.781600000002,27590.0898,43.35024465209649,715.1929086778097,False,False,True
1694131200000,2023-09-08,BTCUSDT,26255.0,26445.5,25647.26,25910.5,28999.76471,754184537.1096923,646852,27900.9916,27595.431300000004,39.88543450204835,721.124843772252,False,False,True
1694217600000,2023-09-09,BTCUSDT,25910.5,25945.09,25796.64,25901.61,10980.62277,284109473.8075783,359038,27820.9894,27602.67855,39.7970378419551,680.2194977885198,False,False,True
1694304000000,2023-09-10,BTCUSDT,25901.6,26033.66,25570.57,25841.61,18738.26914,483577459.20553446,489773,27741.941600000002,27610.975550000003,39.16612937508351,664.7102479464827,False,False,True
1694390400000,2023-09-11,BTCUSDT,25841.6,25900.69,24901.0,25162.52,41682.32,1057371884.6697066,864138,27643.517000000003,27617.08715,32.82359877396692,688.6373730931624,False,False,True
1694476800000,2023-09-12,BTCUSDT,25162.53,26567.0,25131.48,25840.1,56434.38537,1464393036.9616623,1047056,27576.789,27630.3612,42.780298924151545,741.9861321579365,False,False,True
1694563200000,2023-09-13,BTCUSDT,25840.1,26405.22,25764.17,26222.0,31610.82753,825437881.4687591,714880,27516.6508,27645.685849999998,47.50316447817377,734.7764084323699,False,False,True
1694649600000,2023-09-14,BTCUSDT,26222.0,26860.49,26126.77,26522.73,38333.1725,1015267319.7730224,799278,27460.066199999997,27660.52525,50.93734280359596,734.7009506872006,False,False,True
1694736000000,2023-09-15,BTCUSDT,26522.73,26888.0,26224.0,26600.0,26227.29369,695203258.0004445,654094,27407.610599999996,27676.0648,51.80964839055254,729.650882780972,False,False,True
1694822400000,2023-09-16,BTCUSDT,26599.99,26777.0,26445.0,26559.67,13960.93351,370889866.4592735,526416,27352.521200000003,27693.1553,51.29700940777227,701.2472482966168,False,False,True
1694908800000,2023-09-17,BTCUSDT,26559.67,26623.25,26399.0,26527.51,12998.10277,344703727.5601071,476775,27296.013400000003,27707.648,50.86480334508481,667.1760162754299,False,False,True
1694995200000,2023-09-18,BTCUSDT,26527.5,27409.0,26377.35,26762.51,43000.43256,1158780347.6253047,938705,27245.6418,27724.13395,53.92005683080556,693.2098722557564,False,False,True
1695081600000,2023-09-19,BTCUSDT,26762.5,27483.57,26667.79,27210.26,36190.52187,981539255.55962,898076,27205.202,27748.41355,59.13402984201704,701.9648813803451,True,False,False
1695168000000,2023-09-20,BTCUSDT,27210.25,27388.63,26800.0,27125.0,34207.21867,927206075.9626272,867288,27153.5822,27772.305699999997,57.79303603861386,693.8695327103205,False,False,True
1695254400000,2023-09-21,BTCUSDT,27125.01,27159.6,26377.7,26568.08,34476.82662,920768143.3513128,823416,27101.223599999998,27792.9949,49.84210731307772,700.1574232310118,False,False,True
1695340800000,2023-09-22,BTCUSDT,26568.08,26743.38,26468.77,26580.14,18198.2292,484331618.9485319,567149,27048.953600000004,27813.8456,50.00251666032689,669.761178714511,False,False,True
1695427200000,2023-09-23,BTCUSDT,26580.14,26632.81,26509.0,26575.96,9440.7026,250873957.3886738,421717,26998.193,27835.7356,49.942898606957556,630.7646659491888,False,False,True
1695513600000,2023-09-24,BTCUSDT,26575.97,26738.54,26122.08,26248.38,15706.65771,416368301.3736848,545045,26941.717999999997,27858.450299999997,45.376797245992094,629.7429040956753,False,False,True
1695600000000,2023-09-25,BTCUSDT,26248.39,26446.15,25990.46,26304.81,26266.2039,688252596.3809944,873488,26886.0458,27888.16325,46.28780497042599,617.3105538031273,False,False,True
1695686400000,2023-09-26,BTCUSDT,26304.8,26397.46,26088.34,26221.67,18495.35066,485217905.0421048,697727,26826.257999999998,27918.51815,45.09449550775248,595.2969428171896,False,False,True
1695772800000,2023-09-27,BTCUSDT,26221.68,26850.0,26112.06,26372.99,34771.57978,918797815.048481,939690,26758.3094,27948.104450000003,47.73547194798539,605.4857326159616,False,False,True
1695859200000,2023-09-28,BTCUSDT,26373.0,27308.48,26342.4,27021.39,44517.83491,1193420040.1309185,1158974,26707.097400000002,27973.22585,57.22903155312735,631.2424660005357,True,False,False
1695945600000,2023-09-29,BTCUSDT,27021.39,27244.89,26665.16,26906.96,28478.76219,767827314.931909,878610,26656.121600000002,27987.193249999997,55.319266097902236,627.5630041433546,False,False,False
1696032000000,2023-09-30,BTCUSDT,26906.96,27094.99,26886.31,26962.56,12804.62307,345406056.6806953,534908,26606.8522,27998.654000000002,56.086072090506754,597.6427895616865,False,False,False
1696118400000,2023-10-01,BTCUSDT,26962.57,28065.51,26954.09,27992.57,24602.81468,674657121.9944204,883593,26578.1002,28017.18855,67.28667155771257,634.3411617358516,False,False,False
1696204800000,2023-10-02,BTCUSDT,27992.58,28580.0,27281.44,27494.51,57071.14241,1600944483.4902065,1464158,26541.9136,28029.667199999996,59.397489497562944,681.7853644690051,False,False,False
1696291200000,2023-10-03,BTCUSDT,27494.51,27676.52,27160.5,27426.46,28928.96555,794301815.4265021,1202377,26501.8242,28029.82385,58.390154994837935,669.9449812926478,False,False,False
1696377600000,2023-10-04,BTCUSDT,27426.45,27839.72,27202.0,27778.57,29816.142,820421385.2557852,1188381,26473.395599999996,28034.179249999997,61.9828480298198,667.6431969146016,False,False,False
1696464000000,2023-10-05,BTCUSDT,27778.57,28120.39,27352.0,27410.39,30681.49619,849415594.0472504,1210397,26446.993200000004,28031.366850000002,56.49040893199624,674.8393971349873,False,False,False
1696550400000,2023-10-06,BTCUSDT,27410.39,28295.0,27175.94,27931.09,37983.24277,1052864393.8176136,1326700,26473.1468,28032.437250000003,61.664215051601246,706.5694401967739,False,False,False
1696636800000,2023-10-07,BTCUSDT,27931.1,28029.67,27842.08,27956.67,13348.83825,372820279.5231431,641623,26511.2002,28031.69325,61.90387946176087,669.4994801827185,False,False,False
1696723200000,2023-10-08,BTCUSDT,27956.67,28095.14,27687.5,27917.05,19693.56921,549839951.4800811,822730,26547.541,28035.02365,61.26501264886502,650.7952315982385,False,False,False
1696809600000,2023-10-09,BTCUSDT,27917.06,27987.93,27260.0,27590.12,31534.74639,870014634.3621609,1156525,26575.543599999997,28031.4972,56.118386478216905,656.30485791265,False,False,False
1696896000000,2023-10-10,BTCUSDT,27590.12,27735.0,27298.0,27390.12,22776.84383,626258724.2775784,1002272,26600.807600000004,28031.17545,53.17544815864111,640.6402252046036,False,False,False
1696982400000,2023-10-11,BTCUSDT,27390.12,27477.39,26538.66,26875.52,37349.44706,1007065585.9346406,1336479,26617.197999999997,28028.2383,46.42880202362361,661.9323519757033,False,False,False
1697068800000,2023-10-12,BTCUSDT,26875.52,26947.04,26555.0,26759.63,23428.64112,626909068.3868717,1066082,26623.7362,28022.196199999995,45.04280262313099,642.6543268345818,False,False,False
1697155200000,2023-10-13,BTCUSDT,26759.63,27130.0,26685.0,26862.0,24115.76499,647553796.3580662,1035322,26637.3752,28020.88165,46.56037832085007,628.5361606321117,False,False,False
1697241600000,2023-10-14,BTCUSDT,26862.0,26989.58,26789.0,26852.48,10417.25576,280059019.0534013,517837,26653.2246,28018.8387,46.431970395756174,597.9678634441038,False,False,False
1697328000000,2023-10-15,BTCUSDT,26852.48,27293.33,26808.25,27154.15,15274.6917,412673965.3439348,682942,26675.960199999994,28012.866449999994,51.03981899457385,589.904444626668,False,False,False
1697414400000,2023-10-16,BTCUSDT,27154.14,30000.0,27112.66,28500.78,78399.22445,2210785548.236096,2289339,26723.9404,28015.2277,65.36286382929352,754.0069842961917,False,False,False
1697500800000,2023-10-17,BTCUSDT,28500.77,28613.65,28069.32,28395.91,38428.44532,1090741746.4830873,1345810,26769.4586,28014.88045,63.797611276592654,739.0300568464638,False,False,False
1697587200000,2023-10-18,BTCUSDT,28395.91,28982.36,28142.87,28320.0,32162.47591,914773525.152758,1215235,26781.5318,28014.216800000002,62.6284949369034,746.2057670717165,False,False,False
1697673600000,2023-10-19,BTCUSDT,28320.0,28916.89,28100.66,28713.71,35895.50179,1023984017.0322788,1330256,26809.806200000003,28016.926,66.09853084651826,751.2074979951653,False,False,False
1697760000000,2023-10-20,BTCUSDT,28713.71,30207.55,28578.29,29669.04,59422.0992,1753411192.551091,1915748,26884.3714,28026.271200000003,72.71809906004962,813.9255338526534,False,False,False
1697846400000,2023-10-21,BTCUSDT,29669.05,30379.99,29464.77,29909.8,27517.51897,821964508.4353629,1152137,26966.466399999998,28034.992849999995,74.09111466626052,821.1608528631783,False,False,False
1697932800000,2023-10-22,BTCUSDT,29909.8,30248.0,29640.0,29992.46,22852.54563,683854827.8969324,1008299,27048.9254,28044.105099999997,74.56441662138425,805.9350776586656,False,False,False
1698019200000,2023-10-23,BTCUSDT,29992.46,34741.91,29883.6,33069.99,93513.64246,2941620022.865188,2839938,27190.901,28069.285949999998,85.31818809250439,1095.3904292544755,False,False,False
1698105600000,2023-10-24,BTCUSDT,33069.99,35280.0,32832.34,33922.73,115265.02418,3933194868.1611967,2850160,27352.8352,28099.367950000003,86.96293121974867,1191.9811128791562,False,False,False
1698192000000,2023-10-25,BTCUSDT,33922.73,35132.85,33679.05,34496.05,54887.02529,1888210825.6063824,1643976,27526.914200000003,28132.1563,87.94105304494398,1210.6824619592162,False,False,False
1698278400000,2023-10-26,BTCUSDT,34496.05,34824.13,33751.0,34151.66,39744.66255,1363077907.10912,1382785,27694.748399999997,28161.2958,83.87043805303034,1200.8572861049863,False,False,False
1698364800000,2023-10-27,BTCUSDT,34151.66,34245.0,33390.95,33892.02,32330.40106,1096889423.419842,1112240,27847.4888,28182.569199999998,80.83262664443994,1176.0853370974876,False,False,False
1698451200000,2023-10-28,BTCUSDT,33892.01,34493.33,33860.0,34081.0,16880.13144,575936523.347353,607438,28010.8988,28201.9721,81.36178438872695,1137.3170987333815,False,False,False
1698537600000,2023-10-29,BTCUSDT,34081.01,34750.11,33930.0,34525.89,20685.52176,711652985.1790963,717480,28183.3844,28225.161199999995,82.58096521284399,1114.6594488238543,False,False,False
1698624000000,2023-10-30,BTCUSDT,34525.88,34856.0,34062.84,34474.73,33657.95976,1159771907.642105,1117727,28356.046799999996,28245.66565,81.91737132898545,1091.6952024792936,False,False,False
1698710400000,2023-10-31,BTCUSDT,34474.74,34720.49,34025.0,34639.77,32737.89822,1125442444.4884882,1179053,28545.5918,28266.52985,82.40847070067106,1063.3948308736296,False,False,False
1698796800000,2023-11-01,BTCUSDT,34639.78,35582.0,34097.39,35421.43,53473.28165,1856348820.479453,1624635,28737.2184,28292.161550000004,84.54881207060433,1093.4816286683706,False,False,False
1698883200000,2023-11-02,BTCUSDT,35421.43,35984.99,34300.0,34941.59,48015.57732,1686141698.092171,1450837,28911.6102,28315.34625,78.2544497910109,1135.7322266206297,False,False,False
1698969600000,2023-11-03,BTCUSDT,34941.58,34946.5,34120.0,34716.78,39071.20644,1347962831.5658624,1237373,29075.4912,28341.778800000004,75.42147249959092,1113.644210433442,False,False,False
1699056000000,2023-11-04,BTCUSDT,34716.78,35255.0,34585.18,35062.07,18377.55545,639958598.4198353,794787,29244.732600000003,28365.189099999996,76.81010067503807,1081.9424811167676,False,False,False
1699142400000,2023-11-05,BTCUSDT,35062.06,35380.0,34448.0,35011.88,24528.73376,859350974.0014893,1038468,29413.776799999996,28396.263,76.13674842481852,1071.2323038941413,False,False,False
1699228800000,2023-11-06,BTCUSDT,35011.89,35276.33,34725.9,35046.09,22346.47086,782427702.2653205,988246,29584.1484,28430.2752,76.28932520902704,1034.032139330274,False,False,False
1699315200000,2023-11-07,BTCUSDT,35046.09,35888.0,34523.06,35399.12,38688.73692,1358031361.1978528,1352796,29756.880599999997,28470.956599999998,77.8623432672028,1057.6684150923975,False,False,False
1699401600000,2023-11-08,BTCUSDT,35399.13,36106.0,35100.0,35624.72,33401.34137,1185492160.4927278,1132568,29925.1698,28509.99595,78.82893838350063,1053.9778140143692,False,False,False
1699488000000,2023-11-09,BTCUSDT,35624.72,37972.24,35534.05,36701.09,82537.88885,3033417922.782681,2138765,30116.6916,28555.5484,82.70828211234911,1152.8501130133425,False,False,False
1699574400000,2023-11-10,BTCUSDT,36701.1,37526.0,36324.71,37301.63,43414.04898,1605069174.524103,1297729,30331.362600000004,28604.5019,84.4232554115317,1156.3101049409609,False,False,False
1699660800000,2023-11-11,BTCUSDT,37301.63,37408.26,36666.93,37130.0,22984.97235,851924612.7339427,923300,30542.3598,28648.64795,81.9225718149766,1126.6686688737495,False,False,False
1699747200000,2023-11-12,BTCUSDT,37129.99,37222.22,36731.1,37064.13,17687.18874,655570813.1382711,810885,30752.123199999998,28691.89215,80.9317518791254,1081.2723353827676,False,False,False
1699833600000,2023-11-13,BTCUSDT,37064.13,37417.99,36333.0,36462.93,32798.18252,1208037462.3041444,1217191,30956.4142,28726.84295,72.33285470385073,1081.537882855427,False,False,False
1699920000000,2023-11-14,BTCUSDT,36462.93,36744.0,34800.0,35551.19,45503.68416,1639130785.08681,1404428,31141.341800000002,28758.0404,61.63728263471672,1143.142319794325,False,False,False
1700006400000,2023-11-15,BTCUSDT,35551.2,37980.0,35360.0,37858.2,53569.13385,1963249656.5094736,1545427,31374.0724,28801.17915,72.6553230625962,1248.6321540947304,False,False,False
1700092800000,2023-11-16,BTCUSDT,37858.2,37929.54,35500.0,36163.51,47490.39566,1744503339.0151725,1542446,31569.882800000003,28835.83065,59.203835465658614,1332.9827145165355,False,False,False
1700179200000,2023-11-17,BTCUSDT,36163.51,36800.0,35861.1,36613.92,38283.61112,1391225051.1923273,1349322,31761.733399999997,28878.55895,61.25688691208756,1304.833949193926,False,False,False
1700265600000,2023-11-18,BTCUSDT,36613.91,36845.49,36178.58,36568.1,17102.24186,624434069.5256634,784498,31954.9562,28918.050150000003,60.92101062707681,1259.267952822931,False,False,False
1700352000000,2023-11-19,BTCUSDT,36568.11,37500.0,36384.02,37359.86,21246.34648,781531839.4371592,862400,32162.902199999997,28959.71865,64.53923636343023,1249.0330990498646,False,False,False
1700438400000,2023-11-20,BTCUSDT,37359.85,37750.0,36677.0,37448.78,36022.70291,1343722642.386475,1485050,32352.026399999995,29002.77175,64.93193081885528,1236.4593062605886,False,False,False
1700524800000,2023-11-21,BTCUSDT,37448.79,37649.44,35735.0,35741.65,47646.54804,1756747495.981855,1936895,32516.969200000003,29033.951950000002,52.83488612719099,1284.8864986705469,False,False,False
1700611200000,2023-11-22,BTCUSDT,35741.65,37861.1,35632.01,37408.34,45051.30697,1657141022.427348,1648374,32716.606799999998,29076.752650000002,60.560385294798095,1352.3296059083646,False,False,False
1700697600000,2023-11-23,BTCUSDT,37408.35,37653.44,36870.0,37294.28,23827.92882,888826648.8541473,992284,32906.921,29121.07355,59.83803770711576,1311.6946340577674,False,False,False
1700784000000,2023-11-24,BTCUSDT,37294.27,38414.0,37251.51,37713.57,44680.80646,1688715728.079148,1379414,33112.984599999996,29171.297450000002,61.648962980729095,1301.0371601964982,False,False,False
1700870400000,2023-11-25,BTCUSDT,37713.57,37888.0,37591.1,37780.67,11396.14464,430165251.7609749,569448,33309.976200000005,29222.059449999997,61.94469173167975,1229.31307732532,False,False,False
1700956800000,2023-11-26,BTCUSDT,37780.67,37814.63,37150.0,37447.43,21264.53723,797321193.5893991,848020,33499.791399999995,29271.302849999996,59.49117907555725,1188.9785718020826,False,False,False
1701043200000,2023-11-27,BTCUSDT,37447.42,37569.23,36707.0,37242.7,30001.07376,1112557435.276792,1238017,33686.3044,29322.673249999996,57.97199125972437,1165.639388101934,False,False,False
1701129600000,2023-11-28,BTCUSDT,37242.7,38377.0,36868.41,37818.87,37544.46667,1414360251.6823456,1272779,33890.8794,29377.79255,60.99108502623442,1190.1358603803671,False,False,False
1701216000000,2023-11-29,BTCUSDT,37818.88,38450.0,37570.0,37854.64,32994.19107,1252586505.66259,1131353,34100.1698,29433.18935,61.177539934930664,1167.9832989246268,False,False,False
1701302400000,2023-11-30,BTCUSDT,37854.65,38145.85,37500.0,37723.96,24740.29147,934491058.960814,1007791,34317.138600000006,29487.22105,60.04830176577714,1130.6880632871535,False,False,False
1701388800000,2023-12-01,BTCUSDT,37723.97,38999.0,37615.86,38682.52,43415.66324,1669750777.6239817,1523417,34555.5964,29544.822949999998,65.13236446221853,1148.7203444809281,False,False,False
1701475200000,2023-12-02,BTCUSDT,38682.51,39717.14,38641.61,39450.35,26696.92161,1043421976.7660652,1034690,34807.3634,29606.905499999997,68.58136615516666,1143.4924627322903,False,False,False
1701561600000,2023-12-03,BTCUSDT,39450.35,40250.0,39274.86,39972.26,26710.65335,1059860641.0494444,1151524,35069.759,29669.73875,70.70272146237293,1131.467286822841,False,False,False
1701648000000,2023-12-04,BTCUSDT,39972.26,42420.0,39972.26,41991.1,79272.33059,3285736844.1408806,2112219,35366.498,29745.58785,77.13411516289334,1225.486766335495,False,False,False
1701734400000,2023-12-05,BTCUSDT,41991.1,44488.0,41414.0,44073.32,67490.74644,2890205389.490126,2072700,35677.9488,29831.55315,81.61655203574318,1357.5234258829596,False,False,False
1701820800000,2023-12-06,BTCUSDT,44073.82,44297.21,43335.28,43762.69,51431.10492,2256979505.594805,1876282,35985.2844,29914.85445,79.12460286366742,1329.2667526056052,False,False,False
1701907200000,2023-12-07,BTCUSDT,43762.69,44047.33,42821.1,43273.14,47103.26845,2046945851.8836448,1414759,36284.3472,29997.48125,75.22635630280053,1321.9069845623478,False,False,False
1701993600000,2023-12-08,BTCUSDT,43273.15,44700.0,43081.1,44170.99,42900.37556,1875581755.4469104,1311268,36593.4928,30084.08985,77.42325718071565,1343.120771379323,False,False,False
1702080000000,2023-12-09,BTCUSDT,44171.0,44358.02,43584.51,43713.6,24925.97008,1096487106.5648336,987352,36874.384,30166.5598,73.83131970549445,1302.4342877093711,False,False,False
1702166400000,2023-12-10,BTCUSDT,43713.59,44049.0,43563.0,43789.51,18956.61758,830485162.5569534,830667,37151.978200000005,30253.8623,74.0465234781264,1244.1175528729875,False,False,False
1702252800000,2023-12-11,BTCUSDT,43789.5,43804.5,40222.0,41253.4,76663.89804,3205540835.5114336,2087142,37377.197,30327.76035,57.13976683734592,1411.144870524917,False,False,False
1702339200000,2023-12-12,BTCUSDT,41253.41,42104.12,40680.0,41492.39,42722.69773,1773961284.3375635,1526411,37545.645,30401.6927,58.11040664596045,1412.0716654874232,False,False,False
1702425600000,2023-12-13,BTCUSDT,41492.38,43475.2,40555.0,42869.03,45865.99773,1919703389.48488,1724659,37724.570999999996,30481.766499999998,63.270357960384466,1519.7951179526071,False,False,False
1702512000000,2023-12-14,BTCUSDT,42869.03,43420.0,41400.0,43022.26,42047.05709,1798740625.30166,1599536,37895.095199999996,30556.552799999998,63.80479748738304,1555.5240380988494,False,False,False
1702598400000,2023-12-15,BTCUSDT,43022.26,43080.81,41666.0,41940.3,33421.7932,1416898938.5099788,1323628,38050.867999999995,30627.5723,57.44838876611742,1545.473035377503,False,False,False
1702684800000,2023-12-16,BTCUSDT,41940.29,42724.43,41605.0,42278.03,24118.85747,1020469627.8857332,1180886,38218.5882,30700.490449999998,58.82722208114019,1515.0413899933958,False,False,False
1702771200000,2023-12-17,BTCUSDT,42278.02,42424.07,41252.0,41374.65,27722.11452,1161963642.9627964,1227634,38364.4612,30771.311950000003,53.804915426105325,1490.543433565296,False,False,False
1702857600000,2023-12-18,BTCUSDT,41374.64,42757.81,40542.93,42657.8,46734.0925,1936003306.0825727,1741647,38527.0994,30850.5113,59.14079955281095,1542.2817597392034,False,False,False
1702944000000,2023-12-19,BTCUSDT,42657.8,43497.0,41811.1,42275.99,40927.86444,1747830242.4615936,1609188,38683.1246,30925.678299999996,57.029898971329445,1552.5402054721176,False,False,False
1703030400000,2023-12-20,BTCUSDT,42275.99,44283.0,42206.0,43668.93,48710.2947,2115813869.7796192,1934588,38863.707800000004,31008.67685,62.31463296127823,1590.0016193669665,False,False,False
1703116800000,2023-12-21,BTCUSDT,43668.92,44242.35,43286.72,43861.8,34624.29384,1514529919.1877794,1500702,39032.515199999994,31092.4098,62.9932958772666,1544.6893608407545,False,False,False
1703203200000,2023-12-22,BTCUSDT,43861.79,44398.26,43412.54,43969.04,32783.19638,1436074497.5128598,1404109,39213.0642,31183.613999999998,63.388098890067745,1504.7629779235579,False,False,False
1703289600000,2023-12-23,BTCUSDT,43969.04,43988.68,43291.1,43702.16,16557.1293,722943825.3332176,849658,39392.7718,31265.9744,61.626088122746964,1447.1070509290182,False,False,False
1703376000000,2023-12-24,BTCUSDT,43702.15,43946.0,42500.0,42991.5,25144.33496,1093460634.889423,1137678,39551.3604,31349.2352,57.076338844925814,1447.0279758626598,False,False,False
1703462400000,2023-12-25,BTCUSDT,42991.5,43802.32,42720.43,43576.13,27021.23992,1172053386.5109816,1168428,39722.6454,31434.622799999997,59.71150393794025,1420.9466918724697,False,False,False
1703548800000,2023-12-26,BTCUSDT,43576.12,43592.68,41637.6,42508.93,41010.04282,1746333612.3049452,1475816,39871.9022,31514.7784,53.281160756530966,1459.0990710244364,False,False,False
1703635200000,2023-12-27,BTCUSDT,42508.93,43677.0,42098.69,43428.85,36191.21136,1554082990.052276,1439770,40032.4968,31602.7166,57.527128523164784,1467.6141373798337,False,False,False
1703721600000,2023-12-28,BTCUSDT,43428.86,43787.57,42241.79,42563.76,35150.52485,1508408742.378081,1391826,40171.2776,31685.90765,52.67855059252736,1473.197413281274,False,False,False
1703808000000,2023-12-29,BTCUSDT,42563.76,43111.0,41300.0,42066.95,42597.18912,1803086285.2465773,1571137,40278.5948,31766.71645,50.06866530836776,1497.3261694754688,False,False,False
1703894400000,2023-12-30,BTCUSDT,42066.94,42612.32,41520.3,42140.28,22906.57818,964875790.984935,936545,40375.3678,31847.7466,50.458813897743624,1468.3757287986493,False,False,False
1703980800000,2023-12-31,BTCUSDT,42140.29,42899.0,41965.84,42283.58,23585.91603,1001519241.5559056,1016484,40478.4394,31933.5215,51.26028712773354,1430.1460338844604,False,False,False
1704067200000,2024-01-01,BTCUSDT,42283.58,44184.1,42180.77,44179.55,27174.29903,1169995682.0280015,1114623,40620.747800000005,32026.4268,60.39068848302478,1471.0877457498561,False,False,False
1704153600000,2024-01-02,BTCUSDT,44179.55,45879.63,44148.34,44946.91,65146.40661,2944331821.823076,2247532,40790.4274,32119.436349999996,63.38067745931876,1489.673621053438,False,False,False
1704240000000,2024-01-03,BTCUSDT,44946.91,45500.0,40750.0,42845.23,81194.55173,3507104563.744232,2658041,40936.3082,32201.077549999998,51.83873714260719,1722.554076692478,False,False,False
1704326400000,2024-01-04,BTCUSDT,42845.23,44729.58,42613.77,44151.1,48038.06334,2095095359.493635,1819944,41062.1662,32290.133199999997,57.069939119620614,1750.6437855001584,False,False,False
1704412800000,2024-01-05,BTCUSDT,44151.1,44357.46,42450.0,44145.11,48075.25327,2100953924.3687155,2064845,41221.7982,32376.637000000002,57.039334313576376,1761.8449436787184,False,False,False
1704499200000,2024-01-06,BTCUSDT,44145.12,44214.42,43397.05,43968.32,17835.06144,781212883.4916061,956642,41368.8862,32454.938650000004,56.08339120784012,1694.3824477016667,False,False,False
1704585600000,2024-01-07,BTCUSDT,43968.32,44480.59,43572.09,43929.02,23023.8508,1014635096.124148,1109259,41516.1046,32524.6143,55.85927542955001,1638.2479871515477,False,False,False
1704672000000,2024-01-08,BTCUSDT,43929.01,47248.99,43175.0,46951.04,72814.57589,3298772150.681508,2364464,41707.9282,32609.9449,66.83451457443931,1812.2295594978657,False,False,False
1704758400000,2024-01-09,BTCUSDT,46951.04,47972.0,44748.67,46110.0,69927.66617,3251442072.8083963,2637745,41881.1526,32687.052399999997,62.19935772391358,1913.022448105161,False,False,False
1704844800000,2024-01-10,BTCUSDT,46110.0,47695.93,44300.36,46653.99,89911.41203,4123809481.712767,3133588,42099.399399999995,32767.6852,63.94129575703846,2018.9187018119353,False,False,False
1704931200000,2024-01-11,BTCUSDT,46654.0,48969.48,45606.06,46339.16,87470.3296,4105139605.028302,2998451,42278.0158,32847.0677,62.15609476650688,2114.954508825369,False,False,False
1705017600000,2024-01-12,BTCUSDT,46339.16,46515.53,41500.0,42782.73,86327.93707,3827483735.576057,2809192,42387.7848,32909.6414,46.397347831682765,2322.1384724807,False,False,False
1705104000000,2024-01-13,BTCUSDT,42782.74,43257.0,42436.12,42847.99,36118.47464,1547370611.5531662,1434243,42490.4732,32970.41915,46.66456924457664,2214.905724446364,False,False,False
1705190400000,2024-01-14,BTCUSDT,42847.99,43079.0,41720.0,41732.35,28228.40894,1202212782.257693,1235727,42569.506799999996,33028.693849999996,42.74174444823931,2153.7696012716233,False,False,True
1705276800000,2024-01-15,BTCUSDT,41732.35,43400.43,41718.05,42511.1,40269.89303,1718982911.1081028,1657611,42670.78020000001,33089.012800000004,46.14501315765982,2120.098915466507,False,False,True
1705363200000,2024-01-16,BTCUSDT,42511.1,43578.01,42050.0,43137.95,45045.74589,1931947150.0590703,1716580,42788.68519999999,33152.34255,48.78386601755944,2077.806850076043,True,False,False
1705449600000,2024-01-17,BTCUSDT,43137.94,43198.0,42200.69,42776.1,33266.21388,1419888430.9228892,1438172,42887.82979999999,33213.29355,47.341804818539444,2000.6285036420397,False,False,True
1705536000000,2024-01-18,BTCUSDT,42776.09,42930.0,40683.28,41327.5,43907.51641,1839426541.2635791,1466087,42957.287000000004,33266.8459,41.99046261295038,2018.2064676676084,False,False,True
1705622400000,2024-01-19,BTCUSDT,41327.51,42196.86,40280.0,41659.03,48342.74559,1993846466.538752,1641428,43035.98840000001,33319.36005,43.562788261678165,2010.9674342627795,False,False,True
1705708800000,2024-01-20,BTCUSDT,41659.03,41872.56,41456.3,41696.04,15923.99493,662768008.1509343,807324,43096.258799999996,33374.0077,43.746094275244374,1897.0597603868664,False,False,True
1705795200000,2024-01-21,BTCUSDT,41696.05,41881.39,41500.98,41580.33,11730.16301,489151571.0309043,657817,43138.8584,33429.3853,43.27287394450502,1788.727634644947,False,False,True
1705881600000,2024-01-22,BTCUSDT,41580.32,41689.65,39431.58,39568.02,55426.19911,2247452153.795433,2147250,43130.77359999999,33477.748250000004,35.98285852850826,1822.2520893131652,False,False,True
1705968000000,2024-01-23,BTCUSDT,39568.02,40176.74,38555.0,39897.6,57956.63351,2275851990.6468267,2043925,43088.903600000005,33525.51275,37.83018200917551,1807.9297972193676,False,False,True
1706054400000,2024-01-24,BTCUSDT,39897.59,40555.0,39484.19,40084.88,39293.82861,1569704923.830749,1675615,43009.13479999999,33574.514,38.908977936457276,1755.27838313227,False,False,True
1706140800000,2024-01-25,BTCUSDT,40084.89,40300.24,39550.0,39961.09,31022.11853,1238813296.1526136,1291233,42933.1028,33623.515900000006,38.43423686003877,1683.4899271942504,False,False,True
1706227200000,2024-01-26,BTCUSDT,39961.09,42246.82,39822.52,41823.51,47384.96726,1951700659.2898076,1624861,42904.110199999996,33680.575600000004,48.596226264788065,1736.4049323946613,False,False,True
1706313600000,2024-01-27,BTCUSDT,41823.51,42200.0,41394.34,42120.63,16224.41667,678418702.3509445,751148,42863.102999999996,33738.068250000004,50.0137456549744,1669.9231515093286,False,False,True
1706400000000,2024-01-28,BTCUSDT,42120.63,42842.68,41620.81,42031.06,27294.99838,1154365891.668259,1032493,42829.4522,33796.32355,49.56996538315867,1637.9193549729482,False,False,True
1706486400000,2024-01-29,BTCUSDT,42031.05,43333.0,41804.88,43302.7,31542.74207,1343462280.3618684,1197856,42819.71600000001,33855.5659,55.59423324043779,1630.0765439034521,True,True,False
1706572800000,2024-01-30,BTCUSDT,43302.71,43882.36,42683.99,42941.1,37619.24546,1633251085.6713598,1316610,42853.47,33918.711350000005,53.63227329021108,1599.240362196063,False,False,False
1706659200000,2024-01-31,BTCUSDT,42941.1,43745.11,42276.84,42580.0,39871.13688,1711665577.0530822,1499559,42875.222200000004,33980.16375,51.67120493337429,1589.8853363249161,False,False,True
1706745600000,2024-02-01,BTCUSDT,42580.0,43285.13,41884.28,43082.94,35231.04664,1497121440.644002,1392269,42879.5004,34044.4185,54.18399999039119,1576.3828123017076,True,True,False
1706832000000,2024-02-02,BTCUSDT,43082.95,43488.0,42546.79,43200.0,29672.14418,1277919437.2905612,1086342,42883.0552,34109.7285,54.77341598098114,1531.0133257087284,False,False,False
1706918400000,2024-02-03,BTCUSDT,43199.99,43380.01,42880.0,43011.09,12033.40998,518775350.03360087,609962,42904.471,34175.4883,53.57556547974565,1457.370231015248,False,False,False
1707004800000,2024-02-04,BTCUSDT,43011.1,43119.04,42222.0,42582.88,17066.89404,730999557.7083682,931235,42910.568,34238.856649999994,50.86038337821554,1417.3466430855874,False,False,True
1707091200000,2024-02-05,BTCUSDT,42582.88,43569.76,42258.1,42708.7,29467.75905,1262620640.5407171,1317397,42937.249,34303.400149999994,51.63597339259679,1409.797597150903,False,False,True
1707177600000,2024-02-06,BTCUSDT,42708.7,43399.98,42574.0,43098.95,24675.85433,1061049582.6002768,1120760,42946.07199999999,34369.3863,54.058049517500294,1368.096340211553,True,True,False
1707264000000,2024-02-07,BTCUSDT,43098.96,44396.5,42788.0,44349.6,34392.59915,1496013692.382922,1378809,42987.5442,34442.1643,60.82844061960607,1385.2680301964422,False,False,False
1707350400000,2024-02-08,BTCUSDT,44349.6,45614.3,44331.1,45288.65,45439.62231,2042912128.1517663,1863650,43019.938599999994,34518.188799999996,64.99924098649015,1377.9774566109822,False,False,False
1707436800000,2024-02-09,BTCUSDT,45288.66,48200.0,45242.12,47132.77,73503.481,3453043306.420976,2323884,43085.358,34607.97015,71.43219636073442,1490.8276382816264,False,False,False
1707523200000,2024-02-10,BTCUSDT,47132.78,48170.0,46800.0,47751.09,24802.35936,1176079377.6922762,1323421,43160.999,34700.58105,73.21011823388145,1482.1970926900817,False,False,False
1707609600000,2024-02-11,BTCUSDT,47751.08,48592.66,47557.16,48299.99,29958.80837,1443314885.7714052,1407270,43252.955599999994,34795.3212,74.71454552998037,1450.290157497933,False,False,False
1707696000000,2024-02-12,BTCUSDT,48300.0,50334.82,47710.01,49917.27,59009.96705,2898220863.0181804,1939394,43391.471,34898.79365,78.53868262442982,1534.1844319623663,False,False,False
1707782400000,2024-02-13,BTCUSDT,49917.28,50368.61,48300.95,49699.59,55551.56706,2745025370.067447,1741811,43513.9402,35000.7209,76.85388966809194,1572.2898296793405,False,False,False
1707868800000,2024-02-14,BTCUSDT,49699.6,52043.71,49225.01,51795.17,57046.37401,2919604456.723313,1859392,43699.665,35112.93225,81.06501598109281,1661.3191275593877,False,False,False
1707955200000,2024-02-15,BTCUSDT,51795.17,52816.62,51314.0,51880.0,53816.03055,2802825737.992016,1786569,43868.687999999995,35225.926799999994,81.21401524413095,1649.9834755908603,False,False,False
1708041600000,2024-02-16,BTCUSDT,51880.01,52572.08,51566.0,52124.11,37772.25318,1965003863.9713345,1583711,44059.895,35340.386099999996,81.66122401244473,1603.9903701915134,False,False,False
1708128000000,2024-02-17,BTCUSDT,52124.1,52162.82,50625.0,51642.64,25674.00622,1319908544.9790893,1427773,44251.4088,35450.06935,77.73081359405468,1599.263915177834,False,False,False
1708214400000,2024-02-18,BTCUSDT,51642.64,52377.0,51163.28,52137.67,21992.10363,1139209588.4334626,1375422,44451.3566,35564.82765,78.85755485947472,1571.7250640937032,False,False,False
1708300800000,2024-02-19,BTCUSDT,52137.68,52488.77,51677.0,51774.73,29534.99432,1539600521.6007729,1542990,44641.1796,35677.7331,75.82827749663593,1517.4425595155813,False,False,False
1708387200000,2024-02-20,BTCUSDT,51774.74,52985.0,50760.37,52258.82,49614.47318,2574874999.378717,1971912,44802.765,35793.45725,77.09229551434235,1567.955948121611,False,False,False
1708473600000,2024-02-21,BTCUSDT,52258.82,52366.8,50625.0,51849.39,43079.40049,2210278288.725095,1824860,44940.8146,35907.34355,73.5873053917941,1580.373380398639,False,False,False
1708560000000,2024-02-22,BTCUSDT,51849.38,52065.78,50940.78,51288.42,35309.44574,1820949707.158534,1688184,45109.6784,36018.34355,68.96110250443095,1547.8467103701648,False,False,False
1708646400000,2024-02-23,BTCUSDT,51288.42,51548.54,50521.0,50744.15,30545.79544,1559143576.8296163,1487039,45241.539399999994,36126.009000000005,64.71044966523144,1510.6819453437247,False,False,False
1708732800000,2024-02-24,BTCUSDT,50744.15,51698.0,50585.0,51568.22,16560.4211,847793393.571868,855015,45390.0016,36234.998,67.93329974394919,1482.2760921048873,False,False,False
1708819200000,2024-02-25,BTCUSDT,51568.21,51958.55,51279.8,51728.85,18721.63159,966951114.4504628,923992,45545.21220000001,36345.7323,68.53648191894564,1424.8813712402525,False,False,False
1708905600000,2024-02-26,BTCUSDT,51728.85,54910.0,50901.44,54476.47,51256.72199,2710403072.980595,1808909,45756.1612,36470.8359,76.63318813683424,1609.4298447230915,False,False,False
1708992000000,2024-02-27,BTCUSDT,54476.48,57588.15,54450.13,57037.34,67194.98562,3795949115.224932,2414285,45957.887200000005,36608.89245,81.42978815805898,1718.6148558142997,False,False,False
1709078400000,2024-02-28,BTCUSDT,57037.35,64000.0,56691.85,62432.1,118763.46984,7162581994.48574,3895062,46284.3292,36773.9021,87.33011431558134,2117.8673661132784,False,False,False
1709164800000,2024-02-29,BTCUSDT,62432.11,63676.35,60364.7,61130.98,78425.07603,4872212871.27608,3169405,46573.86899999999,36933.037800000006,80.67255732598294,2203.1375542480446,False,False,False
1709251200000,2024-03-01,BTCUSDT,61130.99,63114.23,60777.0,62387.9,47737.93473,2956537377.9660296,1947444,46894.8438,37097.822649999995,82.09277260361289,2212.7155860874705,False,False,False
1709337600000,2024-03-02,BTCUSDT,62387.9,62433.19,61561.12,61987.28,25534.73659,1582566973.834093,1641808,47278.934799999995,37261.75905,80.07312210153755,2116.955187081223,False,False,False
1709424000000,2024-03-03,BTCUSDT,61987.28,63231.88,61320.0,63113.97,28994.90903,1804536272.9443457,1992011,47684.254400000005,37433.676349999994,81.45495546770675,2102.3069594325643,False,False,False
1709510400000,2024-03-04,BTCUSDT,63113.97,68499.0,62300.0,68245.71,84835.16005,5568877537.081252,3887853,48214.5216,37641.78784999999,86.16188938870505,2394.927890901667,False,False,False
1709596800000,2024-03-05,BTCUSDT,68245.71,69000.0,59005.0,63724.01,132696.7813,8674526591.287142,5310706,48638.7798,37830.137899999994,69.43825070349776,2937.790184408691,False,False,False
1709683200000,2024-03-06,BTCUSDT,63724.01,67641.1,62779.14,66074.04,78738.85491,5197743036.597276,3302981,49097.5016,38030.00805,72.43300585795495,3075.2308855223564,False,False,False
1709769600000,2024-03-07,BTCUSDT,66074.04,67980.0,65551.0,66823.17,53059.8869,3548088039.273608,2428227,49578.443,38233.17395,73.3301698374484,3029.071536556474,False,False,False
1709856000000,2024-03-08,BTCUSDT,66823.18,69990.0,66082.66,68124.19,74261.932842,5044395324.399055,2943927,50114.3768,38443.160299999996,74.8603850097774,3091.8049982310113,False,False,False
1709942400000,2024-03-09,BTCUSDT,68124.2,68541.1,67861.1,68313.27,19872.89743,1355964036.909299,1345341,50647.461599999995,38654.44665,75.08413066079265,2919.5332126430817,False,False,False
1710028800000,2024-03-10,BTCUSDT,68313.28,69887.61,68094.75,68955.88,38404.66835,2659307501.094578,2139518,51192.6584,38867.06245,75.87015690652048,2839.0565545971476,False,False,False
1710115200000,2024-03-11,BTCUSDT,68955.88,72800.0,67024.96,72078.1,75292.825726,5352704377.618805,3043414,51802.6138,39096.5527,79.28888923839905,3048.769657840208,False,False,False
1710201600000,2024-03-12,BTCUSDT,72078.1,73000.0,68620.82,71452.01,68783.546691,4909667978.559338,3047890,52440.293600000005,39323.5127,76.93496589258991,3143.7989679944785,False,False,False
1710288000000,2024-03-13,BTCUSDT,71452.0,73650.25,71333.31,73072.41,52659.711647,3829764501.253793,2501197,53103.7898,39558.7879,78.69766184560218,3084.73761313773,False,False,False
1710374400000,2024-03-14,BTCUSDT,73072.4,73777.0,68555.0,71388.94,71757.628746,5132189849.096632,2994869,53729.87100000001,39785.22375,72.49866854028164,3237.399212199321,False,False,False
1710460800000,2024-03-15,BTCUSDT,71388.94,72419.71,65600.0,69499.85,103334.03546,7065279917.872112,3904445,54320.64619999999,40002.123,66.19734392322016,3493.2785541850844,False,False,False
1710547200000,2024-03-16,BTCUSDT,69499.84,70043.0,64780.0,65300.63,55926.95336,3788544202.884856,2729019,54790.1886,40190.04445,54.79610223169923,3619.68722888615,False,False,False
1710633600000,2024-03-17,BTCUSDT,65300.64,68904.4,64533.0,68393.48,49742.21589,3322963634.2425127,2449156,55315.6456,40395.5119,60.229236405115856,3673.380998251425,False,False,False
1710720000000,2024-03-18,BTCUSDT,68393.47,68956.0,66565.2,67609.99,55691.08088,3768277912.418919,2464515,55827.2242,40603.85795,58.317053622593875,3581.768069804895,False,False,False
1710806400000,2024-03-19,BTCUSDT,67610.0,68124.11,61555.0,61937.4,101005.32487,6484805948.535394,3593832,56199.91819999999,40784.5197,46.745440109867324,3795.1496362474027,False,False,False
1710892800000,2024-03-20,BTCUSDT,61937.41,68100.0,60775.0,67840.51,90420.58592,5769770052.062583,3549793,56697.9064,40994.3747,56.43347020026802,4047.281805086874,False,False,False
1710979200000,2024-03-21,BTCUSDT,67840.51,68240.47,64529.01,65501.27,53357.48002,3551223142.9644165,2388390,57156.3318,41192.025,52.36789164102675,4023.2945332949544,False,False,False
1711065600000,2024-03-22,BTCUSDT,65501.28,66649.62,62260.0,63796.64,51482.37821,3310481978.107645,2492881,57570.6058,41381.8781,49.56564478852227,4049.4606380596,False,False,False
1711152000000,2024-03-23,BTCUSDT,63796.64,65999.0,63000.0,63990.01,26410.11409,1706152172.6316135,1753566,57986.405999999995,41572.86765,49.893197833263656,3974.4277353410575,False,False,False
1711238400000,2024-03-24,BTCUSDT,63990.02,67628.69,63772.29,67209.99,31395.78015,2059312948.648688,1880774,58470.384000000005,41780.117849999995,55.12022329552931,3965.9971828166967,False,False,False
1711324800000,2024-03-25,BTCUSDT,67210.0,71150.0,66385.06,69880.01,53431.14486,3679964073.811213,2632220,59016.3266,41998.2429,58.94470936547665,4023.064526901219,False,False,False
1711411200000,2024-03-26,BTCUSDT,69880.0,71561.1,69280.0,69988.0,38934.38417,2738537345.33588,2176807,59561.912599999996,42218.6304,59.09653190035997,3898.6384892654182,False,False,False
1711497600000,2024-03-27,BTCUSDT,69987.99,71769.54,68359.18,69469.99,49119.35685,3426458581.943343,2453366,60089.33340000001,42436.4723,57.98876032343809,3863.7614543178884,False,False,False
1711584000000,2024-03-28,BTCUSDT,69469.99,71552.06,68903.62,70780.6,35439.03239,2500571208.002628,1799897,60617.9534,42661.167250000006,60.03021638517546,3776.952779009468,False,False,False
1711670400000,2024-03-29,BTCUSDT,70780.6,70916.16,69009.0,69850.54,25445.08353,1779608477.3224535,1522607,61109.1912,42884.60734999999,57.88074902180283,3643.396151937364,False,False,False
1711756800000,2024-03-30,BTCUSDT,69850.53,70321.1,69540.0,69582.18,13644.61142,954555919.6855744,1110488,61558.1794,43103.317749999995,57.24383448130549,3438.946426798981,False,False,False
1711843200000,2024-03-31,BTCUSDT,69582.17,71366.0,69562.99,71280.01,19396.34433,1367523707.261245,1181926,62028.75779999999,43328.607800000005,60.225844458842886,3322.093824884768,False,False,False
1711929600000,2024-04-01,BTCUSDT,71280.0,71288.23,68062.86,69649.8,41445.32039,2876486469.465523,1893438,62455.754,43544.243149999995,56.174635549038804,3315.1849802501415,False,False,False
1712016000000,2024-04-02,BTCUSDT,69649.81,69674.23,64550.0,65463.99,71799.82793,4750030717.922425,2662410,62766.6884,43738.5631,47.36462401734724,3444.4024816608453,False,False,False
1712102400000,2024-04-03,BTCUSDT,65463.99,66903.63,64493.07,65963.28,39887.21778,2630556596.135929,2172096,63091.96220000001,43935.58114999999,48.40408823740738,3370.5565901136424,False,False,False
1712188800000,2024-04-04,BTCUSDT,65963.27,69309.91,65064.52,68487.79,41510.48453,2795469450.572386,2000945,63425.8146,44145.38255,53.41364662523906,3433.0446908198114,False,False,False
1712275200000,2024-04-05,BTCUSDT,68487.8,68756.67,65952.56,67820.62,37915.23073,2555458935.236009,1901980,63744.62699999999,44350.67309999999,51.97735565532796,3388.120784332682,False,False,False
1712361600000,2024-04-06,BTCUSDT,67820.63,69692.0,67447.83,68896.0,20134.28919,1373131967.764819,1171460,64080.06479999999,44559.1018,54.118933355496594,3306.410014023205,False,False,False
1712448000000,2024-04-07,BTCUSDT,68896.0,70326.29,68824.0,69360.39,21534.74433,1496213373.1855776,1269048,64434.419799999996,44770.27875,55.051139664033265,3177.544298735833,False,False,False
1712534400000,2024-04-08,BTCUSDT,69360.38,72797.99,69043.24,71620.0,45723.87624,3270853309.662943,2037025,64824.066399999996,44995.53835,59.376219972203145,3218.773277397559,False,False,False
1712620800000,2024-04-09,BTCUSDT,71620.0,71758.19,68210.0,69146.0,39293.90242,2749007421.6421075,1804157,65171.491799999996,45208.36765,53.32607225289922,3242.303043297734,False,False,False
1712707200000,2024-04-10,BTCUSDT,69146.0,71172.08,67518.0,70631.08,42006.02377,2901564970.815804,1852170,65538.937,45428.64325,56.21049122401819,3271.7156830621816,False,False,False
1712793600000,2024-04-11,BTCUSDT,70631.08,71305.89,69567.21,70006.23,31917.25595,2247473274.6162577,1658995,65902.0738,45647.4325,54.679340754996275,3162.2131342720254,False,False,False
1712880000000,2024-04-12,BTCUSDT,70006.22,71227.46,65086.86,67116.52,56072.86229,3843551585.321274,2496617,66218.6358,45851.491050000004,48.147475965305226,3374.9550532525955,False,False,False
1712966400000,2024-04-13,BTCUSDT,67116.52,67929.0,60660.57,63924.51,71395.22019,4614468627.809045,3341340,66482.243,46040.00525,42.156795286323664,3653.060406591696,False,False,True
1713052800000,2024-04-14,BTCUSDT,63924.52,65840.0,62134.0,65661.84,61599.17818,3946124834.6970353,2657953,66764.1154,46236.4495,46.08855001515315,3656.841806120861,False,False,True
1713139200000,2024-04-15,BTCUSDT,65661.85,66867.07,62274.4,63419.99,52389.53069,3398072231.5612235,2539048,66997.93819999999,46418.4425,42.11080842977482,3723.6866771122286,False,False,True
1713225600000,2024-04-16,BTCUSDT,63419.99,64365.0,61600.0,63793.39,53435.29331,3355338198.446913,2604354,67184.2766,46602.87465,42.99332261664366,3655.2090573184983,False,False,True
1713312000000,2024-04-17,BTCUSDT,63793.4,64499.0,59678.16,61277.37,50610.54509,3128625247.4738536,2458327,67269.0772,46774.4487,38.71096734950774,3738.468410367177,False,False,True
1713398400000,2024-04-18,BTCUSDT,61277.38,64117.09,60803.35,63470.08,43601.60918,2726741448.8868027,2142511,67289.8368,46951.83625,43.950639763250315,3708.1306667695217,False,False,True
1713484800000,2024-04-19,BTCUSDT,63470.09,65450.0,59600.01,63818.01,69774.30271,4419893235.183287,2828284,67343.57740000001,47133.45375,44.75766800971982,3861.120619143127,False,False,True
1713571200000,2024-04-20,BTCUSDT,63818.01,65419.0,63090.07,64940.59,23137.42975,1486949581.439479,1376712,67394.63119999999,47321.024399999995,47.38974500464964,3751.678432061475,False,False,True
1713657600000,2024-04-21,BTCUSDT,64940.58,65695.56,64237.5,64941.15,19316.42152,1254396628.1531763,1390153,67453.7086,47506.83729999999,47.391091612947065,3587.848544057084,False,False,True
1713744000000,2024-04-22,BTCUSDT,64941.15,67232.35,64500.0,66819.32,31397.99371,2071690434.976552,1816591,67527.8156,47703.88195,51.8431467639038,3526.741505195864,False,False,True
1713830400000,2024-04-23,BTCUSDT,66819.32,67183.01,65765.81,66414.0,22599.90004,1502139968.7198815,1433915,67491.1814,47896.296500000004,50.84318857277974,3376.0599691104453,False,False,True
1713916800000,2024-04-24,BTCUSDT,66414.0,67070.43,63606.06,64289.59,33595.69637,2195714861.657656,1784897,67502.493,48077.9611,45.85127672634913,3382.367828459699,False,False,True
1714003200000,2024-04-25,BTCUSDT,64289.58,65297.94,62794.0,64498.34,31341.46338,2007704069.2622728,1375324,67470.979,48260.867549999995,46.408085704207195,3319.622983569721,False,False,True
1714089600000,2024-04-26,BTCUSDT,64498.33,64820.01,63297.48,63770.01,27085.19346,1736631357.3537388,1025561,67409.9158,48441.767,44.681714301207094,3191.2591990290266,False,False,True
1714176000000,2024-04-27,BTCUSDT,63770.0,63923.41,62391.24,63461.98,20933.06052,1320337707.787116,912422,67316.6716,48622.126299999996,43.937285273937235,3072.7528276698113,False,False,True
1714262400000,2024-04-28,BTCUSDT,63461.98,64370.0,62781.0,63118.62,16949.20005,1078450016.4732296,790652,67212.7786,48803.341799999995,43.075760455843245,2966.7704828362534,False,False,True
1714348800000,2024-04-29,BTCUSDT,63118.62,64228.35,61765.53,63866.0,28150.22947,1765038324.6837213,1152296,67110.981,48988.873649999994,45.57721045562321,2930.774019776521,False,False,True
1714435200000,2024-04-30,BTCUSDT,63866.0,64734.0,59191.6,60672.0,54947.65535,3372142467.432252,1985671,66882.859,49157.92364999999,37.91015987901537,3117.3187326496272,False,False,True
1714521600000,2024-05-01,BTCUSDT,60672.01,60841.63,56552.82,58364.97,81166.46823,4705572361.7402,2401089,66621.1182,49315.4861,33.52350899458976,3200.9966803175107,False,False,True
1714608000000,2024-05-02,BTCUSDT,58364.97,59625.0,56911.84,59060.61,47583.81961,2778840305.0505786,1572898,66340.88220000001,49475.0184,35.93087560447627,3166.1512031519746,False,False,True
1714694400000,2024-05-03,BTCUSDT,59060.6,63333.0,58811.32,62882.01,43628.40143,2658193708.347904,1558661,66170.74359999999,49646.92454999999,47.23512425202867,3262.9746886411194,False,False,True
1714780800000,2024-05-04,BTCUSDT,62882.01,64540.0,62541.03,63892.04,24368.69282,1547468697.8765795,1113509,66058.5874,49824.405199999994,49.75833426949884,3172.688639452468,False,False,True
1714867200000,2024-05-05,BTCUSDT,63892.03,64646.0,62822.17,64012.0,18526.75029,1182572239.5306184,992921,66032.8148,50002.86519999999,50.06376388975853,3076.341593777292,False,False,True
1714953600000,2024-05-06,BTCUSDT,64012.0,65500.0,62700.0,63165.19,34674.91949,2218131198.4661326,1392557,65928.249,50175.122599999995,47.852279113928184,3056.6029085074856,False,False,True
1715040000000,2024-05-07,BTCUSDT,63165.18,64422.41,62261.0,62312.08,25598.79472,1624531631.592377,1272898,65822.2908,50338.337799999994,45.6638296330702,2992.6605578998087,False,False,True
1715126400000,2024-05-08,BTCUSDT,62312.07,63020.22,60888.0,61193.03,26121.19004,1623561041.1255188,1415152,65807.40340000001,50494.753950000006,42.892762433521256,2931.200518049822,False,False,True
1715212800000,2024-05-09,BTCUSDT,61193.03,63429.03,60630.0,63074.01,30660.8061,1895849912.7734756,1381957,65712.0734,50660.1617,48.5450149114543,2921.759766760549,False,False,True
1715299200000,2024-05-10,BTCUSDT,63074.0,63469.13,60187.12,60799.99,36529.34025,2255550468.413852,1500643,65618.0478,50798.8117,43.00349453736479,2947.4919262776525,False,False,True
1715385600000,2024-05-11,BTCUSDT,60799.99,61515.0,60487.09,60825.99,13374.56936,814928013.4573288,753281,65558.6348,50933.328,43.083493854448314,2810.3789315435347,False,False,True
1715472000000,2024-05-12,BTCUSDT,60825.99,61888.0,60610.0,61483.99,12753.13236,781041632.4623835,727113,65508.51440000001,51068.2677,45.18054951237641,2700.9232935761393,False,False,True
1715558400000,2024-05-13,BTCUSDT,61484.0,63450.0,60749.21,62940.08,32733.41839,2041896626.6108148,1371433,65423.11619999999,51212.2098,49.605438729955665,2700.9137726064155,False,False,True
1715644800000,2024-05-14,BTCUSDT,62940.09,63118.36,61142.77,61577.49,29088.72041,1800171876.1676652,1127939,65257.065800000004,51350.637149999995,45.87384361858385,2649.1049317059574,False,False,True
1715731200000,2024-05-15,BTCUSDT,61577.49,66444.16,61319.47,66206.5,43559.74719,2794259631.8910465,1729454,65181.4358,51511.26465,57.555285278927336,2825.9324365841035,True,True,False
1715817600000,2024-05-16,BTCUSDT,66206.51,66752.01,64602.77,65235.21,31106.3671,2045507646.829385,1269793,65096.74019999999,51664.81125,54.878949925257906,2777.5972625423815,False,False,False
1715904000000,2024-05-17,BTCUSDT,65235.21,67451.2,65106.38,67024.0,26292.23409,1745971822.3447456,1117254,65021.6082,51827.55760000001,58.6888832843691,2746.684600932211,False,False,False
1715990400000,2024-05-18,BTCUSDT,67024.0,67400.01,66600.0,66915.2,14441.25774,967145944.6835316,734067,64962.9014,51988.93474999999,58.36606892459523,2607.636415151339,False,False,False
1716076800000,2024-05-19,BTCUSDT,66915.2,67700.0,65857.25,66274.01,18025.30409,1204989222.8768687,823729,64896.738,52143.197649999995,56.39728644372355,2553.0016712119577,False,False,False
1716163200000,2024-05-20,BTCUSDT,66274.0,71515.56,66060.31,71446.62,50816.7011,3485474763.7522936,1930939,64900.0702,52325.7228,66.27923148730005,2760.3051232682465,False,False,False
1716249600000,2024-05-21,BTCUSDT,71446.62,71979.0,69162.94,70148.34,49607.4336,3509345769.233608,2137448,64910.041,52502.880600000004,62.45337940527024,2764.2876144633715,False,False,False
1716336000000,2024-05-22,BTCUSDT,70148.34,70666.0,68842.19,69166.62,27673.18026,1931700812.3032143,1371973,64984.0936,52673.40335,59.649486785173444,2697.1106420017018,False,False,False
1716422400000,2024-05-23,BTCUSDT,69166.62,70096.12,66312.16,67969.65,40513.17374,2766790260.7886024,1827855,65024.221,52838.1922,56.328884262256565,2774.74273900158,False,False,False
1716508800000,2024-05-24,BTCUSDT,67969.66,69250.0,66600.12,68549.99,28095.83664,1906438696.7156007,1165907,65025.465,53005.7117,57.56240062210085,2765.823971930039,False,False,False
1716595200000,2024-05-25,BTCUSDT,68549.99,69610.0,68500.0,69290.57,12130.39418,837339788.9838961,703803,65054.864,53175.16895000001,59.14815689752163,2647.5508310778932,False,False,False
1716681600000,2024-05-26,BTCUSDT,69290.56,69562.23,68128.01,68507.67,11872.11797,818914878.9908898,722849,65047.0974,53339.5837,56.73462621042526,2560.884343143758,False,False,False
1716768000000,2024-05-27,BTCUSDT,68507.67,70687.56,68250.0,69436.43,23136.92737,1604722197.8374028,1219341,65048.618200000004,53503.2604,58.87832751303103,2552.0754614906323,False,False,False
1716854400000,2024-05-28,BTCUSDT,69436.43,69591.81,67277.91,68398.39,32622.97042,2224860225.799223,1459351,64984.185999999994,53658.7442,55.56459654449313,2535.062928527015,False,False,False
1716940800000,2024-05-29,BTCUSDT,68398.4,68935.68,67124.65,67652.42,23159.83149,1573095221.6483984,1221044,64954.3144,53811.3563,53.2454088182878,2483.3462907750854,False,False,False
1717027200000,2024-05-30,BTCUSDT,67652.41,69500.0,67128.0,68352.17,28478.2184,1945001081.521587,1272851,64908.7362,53967.796500000004,55.13702088776016,2475.392984291151,False,False,False
1717113600000,2024-05-31,BTCUSDT,68352.17,69044.1,66670.0,67540.01,26690.32184,1812659052.2496767,1177860,64859.411799999994,54123.1819,52.48296800554991,2468.1577711274977,False,False,False
1717200000000,2024-06-01,BTCUSDT,67540.01,67900.0,67428.44,67766.85,8837.66133,598305207.9932046,638484,64872.418399999995,54284.2602,53.16113302080711,2325.5436446183903,False,False,False
1717286400000,2024-06-02,BTCUSDT,67766.84,68460.0,67257.47,67765.63,15426.32529,1046827665.3829312,812348,64949.2408,54433.79735,53.156738927434226,2245.3283842885053,False,False,False
1717372800000,2024-06-03,BTCUSDT,67765.62,70288.0,67612.48,68809.9,29633.374,2047757076.226836,1253789,65012.20199999999,54597.029299999995,56.47316127871016,2276.056356839327,False,False,False
1717459200000,2024-06-04,BTCUSDT,68809.89,71063.45,68567.32,70537.84,29619.78489,2069902136.99324,1254515,65154.559,54766.6489,61.3493454947675,2291.775902779374,False,False,False
1717545600000,2024-06-05,BTCUSDT,70537.83,71758.0,70383.66,71108.0,28703.18082,2040073765.86764,1055115,65300.851200000005,54939.348399999995,62.82906446250676,2226.2447668665613,False,False,False
1717632000000,2024-06-06,BTCUSDT,71108.0,71700.0,70117.64,70799.06,21842.00449,1551467659.1542966,900226,65491.285,55106.54439999999,61.456130402032855,2180.2529978046646,False,False,False
1717718400000,2024-06-07,BTCUSDT,70799.06,71997.02,68420.0,69355.6,35598.45045,2507250591.3329787,1516415,65608.99539999999,55266.078499999996,55.368261793040084,2280.022069390046,False,False,False
1717804800000,2024-06-08,BTCUSDT,69355.6,69582.2,69168.02,69310.46,9773.82967,678267390.5310388,714103,65718.8444,55433.922549999996,55.1841608611121,2146.7476358621852,False,False,False
1717891200000,2024-06-09,BTCUSDT,69310.46,69857.14,69130.24,69648.14,9890.56709,687344656.0725566,575583,65812.9954,55595.12155,56.35332301733291,2045.3299475863146,False,False,False
1717977600000,2024-06-10,BTCUSDT,69648.15,70195.94,69172.29,69540.0,17122.66941,1192466549.969123,936731,65904.9724,55756.350150000006,55.85082022212014,1972.352808473007,False,False,False
1718064000000,2024-06-11,BTCUSDT,69540.0,69590.01,66051.0,67314.24,41436.01588,2793799020.4691243,1782415,65914.8708,55904.3535,46.63369600906985,2084.2568935820777,False,False,False
1718150400000,2024-06-12,BTCUSDT,67314.23,69999.0,66905.0,68263.99,37175.32356,2550285139.184372,1670745,65951.8706,56056.770099999994,50.395551935956526,2156.381401183358,False,False,False
1718236800000,2024-06-13,BTCUSDT,68263.98,68449.3,66251.78,66773.01,29079.55571,1958897960.917292,1518202,66001.539,56203.398,45.029229676404945,2159.319872527404,False,False,False
1718323200000,2024-06-14,BTCUSDT,66773.01,67370.24,65078.0,66043.99,28408.18797,1884451554.428285,1736314,66032.45199999999,56347.404449999995,42.63845674845976,2168.814167346876,False,False,False
1718409600000,2024-06-15,BTCUSDT,66043.99,66478.48,65857.1,66228.25,11451.80242,758175888.0283372,700886,66081.6168,56489.451349999996,43.455621368507465,2058.283155393527,False,False,False
1718496000000,2024-06-16,BTCUSDT,66228.25,66998.7,66034.5,66676.87,9392.52223,624653672.6138575,703295,66145.9146,56633.5625,45.49165059030788,1980.1343585797035,False,False,False
1718582400000,2024-06-17,BTCUSDT,66676.86,67298.81,65130.0,66504.33,27386.16851,1812061226.756565,1542620,66213.6288,56777.46435,44.82316365634771,1993.6111901097245,False,False,False
1718668800000,2024-06-18,BTCUSDT,66504.33,66588.23,64060.0,65175.32,42350.10244,2755141806.03109,2151711,66239.8152,56909.92835,39.9530978895904,2031.7982479590296,False,False,True
1718755200000,2024-06-19,BTCUSDT,65175.32,65727.54,64666.0,64974.37,20060.79576,1307731953.9545314,1078458,66325.8626,57037.548449999995,39.25853613318827,1962.494087390527,False,False,True
1718841600000,2024-06-20,BTCUSDT,64974.37,66482.94,64559.15,64869.99,24265.29031,1584896152.16637,1282687,66455.963,57162.0371,38.880437147784434,1959.7295097197753,False,False,True
1718928000000,2024-06-21,BTCUSDT,64869.99,65066.66,63379.35,64143.56,25993.56442,1665541539.708616,1362617,66557.62199999999,57272.7994,36.26288734644931,1940.2709733112204,False,False,True
1719014400000,2024-06-22,BTCUSDT,64143.56,64546.81,63943.82,64262.01,7308.95542,470027247.3402083,562832,66585.22200000001,57373.74285,37.007581719711084,1844.7509037889902,False,False,True
1719100800000,2024-06-23,BTCUSDT,64262.01,64521.0,63178.32,63210.01,8224.45447,526848525.0029452,592759,66571.5814,57470.979450000006,33.28765606357574,1808.888696375491,False,False,True
1719187200000,2024-06-24,BTCUSDT,63210.01,63369.8,58402.0,60293.3,52161.35414,3180853460.924751,2190787,66497.2074,57556.08024999999,25.60337876209904,2034.5252180629561,False,False,True
1719273600000,2024-06-25,BTCUSDT,60293.3,62420.0,60257.06,61806.01,31189.24361,1914901308.84587,1277481,66470.0238,57644.25535,34.100105361100276,2043.697702487031,False,False,True
1719360000000,2024-06-26,BTCUSDT,61806.01,62487.81,60712.0,60864.99,22485.66463,1381716993.355492,1112152,66441.082,57730.012299999995,31.67649182947153,2024.5628665951,False,False,True
1719446400000,2024-06-27,BTCUSDT,60864.98,62389.22,60606.63,61706.47,18344.28631,1126705164.782892,1062176,66451.35079999999,57819.5971,36.053280196684746,2007.2790904097362,False,False,True
1719532800000,2024-06-28,BTCUSDT,61706.46,62225.31,60063.0,60427.84,24821.19255,1519872032.026636,1479626,66398.4274,57915.4693,32.63252607832116,2018.3527268090406,False,False,True
1719619200000,2024-06-29,BTCUSDT,60427.84,61224.0,60383.77,60986.68,11509.55904,701345872.4881144,767669,66402.16119999999,58012.940749999994,35.51244501386661,1934.2011034655382,False,False,True
1719705600000,2024-06-30,BTCUSDT,60986.68,63058.76,60712.21,62772.01,17326.30136,1070250012.5446604,1108912,66441.0816,58112.455649999996,43.78098672250404,1963.6545960751428,False,False,True
1719792000000,2024-07-01,BTCUSDT,62772.01,63861.76,62497.2,62899.99,24547.10538,1550980813.6701343,1461508,66469.4016,58211.8443,44.332006094810644,1920.8621249269186,False,False,True
1719878400000,2024-07-02,BTCUSDT,62900.0,63288.83,61806.28,62135.47,18573.11875,1160792332.6175597,1308816,66453.3094,58312.82015,41.70248298873626,1889.5541160035675,False,False,True
1719964800000,2024-07-03,BTCUSDT,62135.46,62285.94,59400.0,60208.58,32160.11127,1945901232.9066567,1839372,66425.9312,58402.4729,35.91960631815054,1960.7245362890271,False,False,True
1720051200000,2024-07-04,BTCUSDT,60208.57,60498.19,56771.0,57050.01,54568.77276,3168619756.2436485,2523236,66242.8014,58480.8497,28.855870303791647,2086.900640839811,False,False,True
1720137600000,2024-07-05,BTCUSDT,57050.02,57546.0,53485.93,56628.79,81348.24756,4515040083.536514,3749255,66070.673,58550.70465,28.0632875827354,2227.841309351253,False,False,True
1720224000000,2024-07-06,BTCUSDT,56628.79,58475.0,56018.0,58230.13,21651.31558,1235398733.4357028,1411065,65894.7956,58630.47535,35.33503403595783,2244.209787254735,False,False,True
1720310400000,2024-07-07,BTCUSDT,58230.13,58449.46,55724.37,55857.81,19118.93918,1094135752.4528687,1289229,65673.64779999999,58691.41975000001,30.42783575601051,2278.5583738793966,False,False,True
1720396800000,2024-07-08,BTCUSDT,55857.81,58236.73,54260.16,56714.62,48090.2049,2699942701.375511,2554389,65482.46,58755.68385,33.993268590333855,2399.844918602297,False,False,True
1720483200000,2024-07-09,BTCUSDT,56714.61,58296.0,56289.45,58050.0,27732.20788,1592351321.655387,1757693,65214.5276,58826.088650000005,39.22124445472065,2371.752424416419,False,False,True
1720569600000,2024-07-10,BTCUSDT,58050.0,59470.0,57157.79,57725.85,24951.73799,1452293495.6501489,1766696,64966.0778,58896.2071,38.42564880912597,2367.4993941009607,False,False,True
1720656000000,2024-07-11,BTCUSDT,57725.85,59650.0,57050.0,57339.89,29761.05735,1728929618.0583844,2157661,64729.5432,58967.94905,37.451508971982896,2384.1065802366065,False,False,True
1720742400000,2024-07-12,BTCUSDT,57339.89,58526.68,56542.47,57889.1,23652.4569,1360201319.0761504,1749738,64527.932199999996,59039.5139,39.7905901130695,2355.5425387911346,False,False,True
1720828800000,2024-07-13,BTCUSDT,57889.09,59850.0,57756.63,59204.02,15357.74519,900429281.1482327,1114391,64341.0128,59122.98935,45.08552767827076,2336.8159288774823,False,False,True
1720915200000,2024-07-14,BTCUSDT,59204.01,61420.69,59194.01,60797.91,21178.33907,1273562988.611176,1456088,64171.1596,59209.83465,50.74049634067799,2328.9490768148053,False,False,True
1721001600000,2024-07-15,BTCUSDT,60797.91,64900.0,60632.3,64724.14,38690.9782,2435540879.028933,2600425,64095.489,59320.63655,61.30980117817805,2467.4312856137476,True,True,False
1721088000000,2024-07-16,BTCUSDT,64724.06,65388.97,62373.24,65043.99,42530.52915,2725231969.2884507,2484783,64007.640199999994,59435.52175,62.02464882568295,2506.59547949848,False,False,False
1721174400000,2024-07-17,BTCUSDT,65044.0,66128.63,63854.0,64087.99,29567.52954,1922412273.0882092,1868671,63921.43220000001,59545.2603,58.54300937469533,2490.02651667716,False,False,False
1721260800000,2024-07-18,BTCUSDT,64087.99,65133.3,63238.48,63987.92,22568.7225,1449872437.6497972,1696742,63848.142199999995,59653.782,58.174892470667594,2447.5117654859346,False,False,False
1721347200000,2024-07-19,BTCUSDT,63987.92,67386.0,63300.67,66660.0,35634.72739,2331517674.368659,2184889,63814.2988,59766.18425,64.57953900748083,2564.4987822369394,False,False,False
1721433600000,2024-07-20,BTCUSDT,66660.01,67598.0,66222.46,67139.96,14386.92434,961878801.8482212,995093,63806.2978,59877.14949999999,65.59854145733354,2479.5731549343004,False,False,False
1721520000000,2024-07-21,BTCUSDT,67139.97,68366.66,65777.0,68165.34,21819.11191,1465757867.9747431,1322942,63814.2676,60003.75005000001,67.73418210553679,2487.4365010104225,False,False,False
1721606400000,2024-07-22,BTCUSDT,68165.35,68474.55,66559.97,67532.01,21451.04303,1448418369.8467095,1558140,63809.5952,60120.6546,65.04812045678509,2446.5181795096782,False,False,False
1721692800000,2024-07-23,BTCUSDT,67532.0,67750.98,65441.08,65936.01,31406.15316,2088544473.323508,1772089,63752.1174,60229.6091,58.72779700004218,2436.7597381161295,False,False,False
1721779200000,2024-07-24,BTCUSDT,65936.0,67102.01,65111.0,65376.0,23082.56277,1526490826.466997,1391053,63648.8806,60336.6475,56.647927175019824,2404.920471107834,False,False,False
1721865600000,2024-07-25,BTCUSDT,65376.01,66175.49,63456.7,65799.95,35126.42934,2266419771.224864,1830360,63542.7196,60446.00215,57.864516405895216,2427.339723171561,False,False,False
1721952000000,2024-07-26,BTCUSDT,65799.95,68200.0,65722.63,67907.99,24244.36023,1630839588.6966548,1406982,63484.898199999996,60550.78689999999,63.36916731625227,2430.913314373592,False,False,False
1722038400000,2024-07-27,BTCUSDT,67908.0,69399.99,66650.0,67896.5,31710.21921,2162335067.023417,1690591,63455.716199999995,60659.719399999994,63.320610214617446,2453.7045062040506,False,False,False
1722124800000,2024-07-28,BTCUSDT,67896.49,68318.43,67066.66,68249.88,10868.69394,736755676.1377451,821210,63434.5046,60767.69885000001,64.22847023135436,2367.8520414751893,False,False,False
1722211200000,2024-07-29,BTCUSDT,68249.88,70079.99,66428.0,66784.69,36467.29633,2499265962.0914555,1952812,63377.23560000001,60869.9265,57.836490584094975,2459.5761813698186,False,False,False
1722297600000,2024-07-30,BTCUSDT,66784.68,67000.0,65302.67,66188.0,23132.25441,1533270724.799421,1622083,63310.19560000001,60986.95285,55.41771318047142,2405.130025557689,False,False,False
1722384000000,2024-07-31,BTCUSDT,66188.0,66849.24,64530.0,64628.0,22625.43905,1489443332.5960116,1609976,63256.4708,61095.8529,49.57978038983053,2398.99502373214,False,False,False
1722470400000,2024-08-01,BTCUSDT,64628.01,65659.78,62302.0,65354.02,35542.26854,2270877792.65868,2397257,63198.271400000005,61213.96125,52.10837237424294,2467.47966489413,False,False,False
1722556800000,2024-08-02,BTCUSDT,65354.02,65596.14,61230.01,61498.33,38820.42937,2469588785.6981573,2457735,63092.7778,61308.8974,40.49385110860124,2603.0975459731208,False,False,True
1722643200000,2024-08-03,BTCUSDT,61498.34,62198.22,59850.0,60697.99,28034.71567,1711555901.18011,1669555,62985.857800000005,61396.6976,38.571985996121654,2584.8920069750407,False,False,True
1722729600000,2024-08-04,BTCUSDT,60697.99,61117.63,57122.77,58161.0,31616.52003,1874490041.543736,1886195,62824.512800000004,61473.6221,33.19397165418715,2685.6040064768235,False,False,True
1722816000000,2024-08-05,BTCUSDT,58161.0,58305.59,49000.0,54018.81,162065.59186,8580928177.429902,7568497,62571.3516,61537.07865,26.658443519416466,3158.460148871336,False,False,True
1722902400000,2024-08-06,BTCUSDT,54018.82,57040.99,53950.0,56022.01,55884.77676,3119018848.329888,3433824,62361.7052,61608.89355000001,33.47956137072167,3153.6408525233833,False,False,True
1722988800000,2024-08-07,BTCUSDT,56022.0,57736.05,54558.62,55134.16,44269.37684,2490553853.602583,2397504,62160.882000000005,61676.08415,32.05650666691585,3155.3400773431417,False,False,True
1723075200000,2024-08-08,BTCUSDT,55133.76,62745.14,54730.0,61685.99,48349.52949,2836312292.431818,2603042,62095.114400000006,61776.61245,49.212219683289725,3502.468643247203,False,False,True
1723161600000,2024-08-09,BTCUSDT,61686.0,61744.37,59535.0,60837.99,30972.48017,1878350555.512264,1827809,62014.47439999999,61882.96229999999,47.53908971895704,3410.104454443832,False,False,True
1723248000000,2024-08-10,BTCUSDT,60837.99,61470.58,60242.0,60923.51,9995.20621,607372221.2460399,800499,61950.07340000001,61988.091850000004,47.73208576704375,3254.2812791264155,False,False,True
1723334400000,2024-08-11,BTCUSDT,60923.51,61858.0,58286.73,58712.59,19189.84512,1152081498.1567774,1319469,61839.085,62081.2304,43.29738536976261,3276.9233306173855,False,False,True
1723420800000,2024-08-12,BTCUSDT,58712.59,60711.09,57642.21,59346.64,37009.91743,2186851067.316586,2293837,61761.81760000001,62178.158149999996,44.87901928954811,3262.0630927161437,False,False,True
1723507200000,2024-08-13,BTCUSDT,59346.64,61578.1,58392.88,60587.15,27858.95851,1668247896.8477187,1713485,61767.6946,62271.97635,47.93872149996602,3256.5743003792763,False,False,True
1723593600000,2024-08-14,BTCUSDT,60587.16,61800.0,58433.18,58683.39,28422.76326,1705464263.5058649,1729342,61705.24220000001,62354.79014999999,43.91038211745665,3264.448993209328,False,False,True
1723680000000,2024-08-15,BTCUSDT,58683.39,59849.38,56078.54,57541.06,37686.17622,2194915865.052229,2507858,61638.76359999999,62432.34015,41.64883060191252,3300.6197794086615,False,False,True
1723766400000,2024-08-16,BTCUSDT,57541.05,59817.76,57098.62,58874.6,27610.84344,1614654900.3332715,1999539,61582.1262,62510.199649999995,45.197294688943366,3259.0855094508997,False,False,True
1723852800000,2024-08-17,BTCUSDT,58874.59,59700.0,58785.05,59491.99,7721.72931,457737705.7722839,807159,61563.4092,62592.9541,46.81001460209207,3091.6472587758353,False,False,True
1723939200000,2024-08-18,BTCUSDT,59491.99,60284.99,58408.92,58427.35,13634.85717,813166580.7264851,1099730,61512.22260000001,62672.19085,44.384435071703294,3004.820311720419,False,False,True
1724025600000,2024-08-19,BTCUSDT,58427.35,59617.63,57787.3,59438.5,22809.31251,1336287900.197634,1636295,61445.5524,62753.96865,47.183689003831674,2920.9281465975314,False,False,True
1724112000000,2024-08-20,BTCUSDT,59438.5,61400.0,58548.23,59013.8,31477.44548,1890620149.79102,1904519,61367.8286,62833.03765,46.133390668328765,2915.988278983422,False,False,True
1724198400000,2024-08-21,BTCUSDT,59013.8,61820.93,58783.47,61156.03,27983.6422,1682529555.0960548,1981525,61348.239799999996,62923.762350000005,51.94418197588458,2924.664830484606,False,False,True
1724284800000,2024-08-22,BTCUSDT,61156.03,61400.0,59724.87,60375.84,21241.20588,1288544247.9560175,1718280,61351.585,63012.72715,49.83567543122336,2835.4123425928483,False,False,True
1724371200000,2024-08-23,BTCUSDT,60375.83,64955.0,60342.14,64037.24,38118.07089,2375916932.7935486,2555682,61491.3296,63119.36985,58.37500405921465,2962.372889550502,True,False,False
1724457600000,2024-08-24,BTCUSDT,64037.24,64494.5,63531.0,64157.01,15857.15616,1015774255.1740764,1551856,61641.894,63224.660149999996,58.62312987392476,2819.5962545826087,False,False,False
1724544000000,2024-08-25,BTCUSDT,64157.02,65000.0,63773.27,64220.0,12305.47977,789935122.9930241,1263065,61761.6914,63324.012149999995,58.762355710531445,2705.820093540994,False,False,False
1724630400000,2024-08-26,BTCUSDT,64219.99,64481.0,62800.0,62834.0,19470.05276,1238341818.4320166,2152841,61901.215200000006,63411.7389,54.42303950170759,2632.618658288066,False,False,False
1724716800000,2024-08-27,BTCUSDT,62834.0,63212.0,58034.01,59415.0,35135.94178,2158144642.992993,2995281,61955.2228,63473.15005,45.49757367327195,2814.4308969817753,False,False,True
1724803200000,2024-08-28,BTCUSDT,59415.0,60234.98,57860.0,59034.9,36868.54275,2183054412.974087,3664134,61974.9208,63529.5691,44.62143058273196,2783.041547197363,False,False,True
1724889600000,2024-08-29,BTCUSDT,59034.9,61166.99,58713.09,59359.01,27020.90743,1617931684.258576,2743900,62007.583999999995,63584.864199999996,45.583696459059745,2759.531436683266,False,False,True
1724976000000,2024-08-30,BTCUSDT,59359.0,59944.07,57701.1,59123.99,28519.32195,1680918972.4658496,2845696,62043.265999999996,63630.897800000006,44.97344810980094,2722.63419120589,False,False,True
1725062400000,2024-08-31,BTCUSDT,59123.99,59462.38,58744.0,58973.99,8798.409,519849184.8690447,895944,62064.9638,63677.2698,44.563389055778266,2579.4731775483265,False,False,True
1725148800000,2024-09-01,BTCUSDT,58974.0,59076.59,57201.0,57301.86,20705.15741,1202176847.3910584,2153180,62026.920600000005,63704.803250000004,40.166753995888385,2529.195807723446,False,False,True
1725235200000,2024-09-02,BTCUSDT,57301.77,59425.69,57128.0,59132.13,22895.01461,1333092369.4465687,1966119,61993.605,63741.063899999994,46.40028975255551,2512.6596786003424,False,False,True
1725321600000,2024-09-03,BTCUSDT,59132.12,59809.65,57415.0,57487.73,22828.18447,1335076815.8599248,2208758,61848.8768,63767.882000000005,42.15135180989288,2504.2304158431753,False,False,True
1725408000000,2024-09-04,BTCUSDT,57487.74,58519.0,55606.0,57970.9,35560.82146,2027630870.179676,3177549,61707.415,63799.5233,43.78036606731333,2533.428243282948,False,False,True
1725494400000,2024-09-05,BTCUSDT,57970.9,58327.07,55643.65,56180.0,27806.91413,1577770853.1007974,3368058,61549.25519999999,63819.73495,39.35647959429487,2544.141940191309,False,False,True
1725580800000,2024-09-06,BTCUSDT,56180.0,57008.0,52550.0,53962.97,54447.76826,2988914918.924334,5287281,61348.7562,63830.67615,34.68408281244494,2680.8460873205013,False,False,True
1725667200000,2024-09-07,BTCUSDT,53962.97,54850.0,53745.54,54160.86,16694.04774,905693342.5898322,1920923,61098.7734,63840.186349999996,35.421055472095915,2568.2470810833224,False,False,True
1725753600000,2024-09-08,BTCUSDT,54160.86,55318.0,53629.01,54869.95,16274.14779,885743172.9184759,1796092,60853.3732,63855.28915,38.1155426992429,2505.443003863085,False,False,True
1725840000000,2024-09-09,BTCUSDT,54869.95,58088.0,54591.96,57042.0,32384.51737,1809715390.0493293,3355912,60630.90640000001,63884.05705,45.602680514389064,2576.199932158579,False,False,True
1725926400000,2024-09-10,BTCUSDT,57042.01,58044.36,56386.4,57635.99,23626.78126,1349365460.0900574,2843148,60432.986,63918.51625,47.47422730333845,2510.611365575823,False,False,True
1726012800000,2024-09-11,BTCUSDT,57635.99,57981.71,55545.19,57338.0,33026.56757,1875738697.378416,4045103,60261.0258,63947.36515,46.60788440540637,2505.3191251775497,False,False,True
1726099200000,2024-09-12,BTCUSDT,57338.0,58588.0,57324.0,58132.32,31074.40631,1802848638.0757017,3706764,60116.152200000004,63979.3825,49.26562575752616,2416.653473379153,False,False,True
1726185600000,2024-09-13,BTCUSDT,58132.31,60625.0,57632.62,60498.0,29825.23333,1760671733.5492997,3378012,60010.1132,64009.49015,56.25043440932373,2457.7767967092136,True,False,False
1726272000000,2024-09-14,BTCUSDT,60497.99,60610.45,59400.0,59993.03,12137.90901,728527024.3416963,1288784,59851.814000000006,64024.268599999996,54.52483174797441,2368.682025515698,False,False,False
1726358400000,2024-09-15,BTCUSDT,59993.02,60395.8,58691.05,59132.0,13757.92361,822410872.3906957,1552950,59676.524000000005,64007.768099999994,51.61715341273036,2321.2583094074344,False,False,True
1726444800000,2024-09-16,BTCUSDT,59132.0,59210.7,57493.3,58213.99,26477.5642,1543273198.7027452,3145152,59475.80619999999,63993.18315,48.638977963587614,2278.1255730211888,False,False,True
1726531200000,2024-09-17,BTCUSDT,58213.99,61320.0,57610.01,60313.99,33116.25878,1983378424.775704,3918209,59346.392199999995,63982.813599999994,55.030842288925875,2380.401603519675,True,False,False
1726617600000,2024-09-18,BTCUSDT,60313.99,61786.24,59174.8,61759.99,36087.02469,2174000496.820776,5167671,59257.832,63981.677149999996,58.83016912577664,2396.9043461254123,False,False,False
1726704000000,2024-09-19,BTCUSDT,61759.98,63850.0,61555.0,62947.99,34332.52608,2153175931.173872,4438284,59224.231799999994,63980.84725,61.69365747803184,2389.6254642593117,False,False,False
1726790400000,2024-09-20,BTCUSDT,62948.0,64133.32,62350.0,63201.05,25466.37794,1611195963.9908044,3969296,59181.172399999996,63955.62395000001,62.29525234623745,2346.3179310979326,False,False,False
1726876800000,2024-09-21,BTCUSDT,63201.05,63559.9,62758.0,63348.96,8375.34608,528657852.3183024,1283611,59218.185,63953.748700000004,62.66432861164258,2236.0023645909378,False,False,False
1726963200000,2024-09-22,BTCUSDT,63348.97,64000.0,62357.93,63578.76,14242.19892,897477338.3735126,2145736,59275.8004,63941.2723,63.26595380922862,2193.578624263014,False,False,False
1727049600000,2024-09-23,BTCUSDT,63578.76,64745.88,62538.75,63339.99,24078.05287,1531015038.368027,3999187,59379.38020000001,63923.8564,62.14541839567603,2194.5465796727985,False,False,False
1727136000000,2024-09-24,BTCUSDT,63339.99,64688.0,62700.0,64262.7,23185.04759,1472720338.8562915,3870157,59584.258,63904.54895,64.74412458507618,2179.7932525533133,False,False,False
1727222400000,2024-09-25,BTCUSDT,64262.7,64817.99,62947.08,63152.01,17813.11168,1135250828.2732148,3355531,59726.85800000001,63878.74265000001,59.453259159687924,2157.7301630852194,False,False,False
1727308800000,2024-09-26,BTCUSDT,63152.01,65839.0,62670.0,65173.99,28373.30593,1831204595.9448967,4361333,59927.6546,63859.833199999994,65.05229992209141,2229.9637228648467,False,False,False
1727395200000,2024-09-27,BTCUSDT,65173.99,66498.0,64819.9,65769.95,22048.80487,1448852210.3602211,3498529,60009.3338,63828.29245,66.51977581235701,2190.544885517357,False,False,False
1727481600000,2024-09-28,BTCUSDT,65769.95,66260.0,65422.23,65858.0,9127.23316,600118483.1222521,1341703,60109.734000000004,63800.322400000005,66.74197667497756,2093.918107980403,False,False,False
1727568000000,2024-09-29,BTCUSDT,65858.0,66076.12,65432.0,65602.01,8337.74111,547980013.7152303,1413449,60203.304,63762.9704,65.38334160926614,1990.3611002675168,False,False,False
1727654400000,2024-09-30,BTCUSDT,65602.01,65618.8,62856.3,63327.59,30011.08752,1920250261.744216,3978584,60295.60400000001,63722.66365,54.72433778477558,2045.513878819837,False,False,False
1727740800000,2024-10-01,BTCUSDT,63327.6,64130.63,60164.0,60805.78,43671.48108,2723672081.8326254,5607069,60324.786799999994,63679.19329999999,45.80747233274856,2182.7364589041345,False,False,False
1727827200000,2024-10-02,BTCUSDT,60804.92,62390.31,60000.0,60649.28,31534.70118,1928377637.836784,5313210,60326.02939999999,63655.936550000006,45.3140135405107,2197.5631404109818,False,False,False
1727913600000,2024-10-03,BTCUSDT,60649.27,61477.19,59828.11,60752.71,26221.43472,1590773866.8074436,5244004,60367.41579999999,63617.73269999999,45.73010653005481,2158.3857732387687,False,False,False
1728000000000,2024-10-04,BTCUSDT,60752.72,62484.85,60459.9,62086.0,21294.65994,1311145630.5020497,3798631,60458.3146,63590.11274999999,50.91484976078257,2148.854646578857,False,False,False
1728086400000,2024-10-05,BTCUSDT,62086.0,62370.56,61689.26,62058.0,7807.46141,484588468.3419123,1183175,60521.982599999996,63590.715749999996,50.80507727638815,2044.0293146803667,False,False,False
1728172800000,2024-10-06,BTCUSDT,62058.01,62975.0,61798.97,62819.91,8906.86177,555669634.4773513,1556553,60588.541,63565.61274999999,53.72850831004536,1982.0293636317692,False,False,False
1728259200000,2024-10-07,BTCUSDT,62819.91,64478.19,62128.0,62224.0,25966.1852,1646315506.5791943,4809342,60664.473999999995,63549.2264,51.167401923800405,2008.326551943786,False,False,False
1728345600000,2024-10-08,BTCUSDT,62224.01,63200.0,61860.31,62160.49,19702.22371,1230076253.818657,3798438,60718.9138,63541.04564999999,50.888986838374656,1960.5667982335156,False,False,False
1728432000000,2024-10-09,BTCUSDT,62160.5,62543.75,60301.0,60636.02,20011.15684,1234778807.5932417,3668363,60751.3582,63524.27569999999,44.61375686545439,1980.7227412168359,False,False,True
1728518400000,2024-10-10,BTCUSDT,60636.01,61321.68,58946.0,60326.39,23967.92481,1445604381.9363792,3872577,60734.765400000004,63489.85769999999,43.442034205277885,2008.933973987062,False,False,True
1728604800000,2024-10-11,BTCUSDT,60326.4,63417.56,60087.64,62540.0,23641.35209,1462219576.849865,3222180,60778.048599999995,63453.157649999994,52.95493311631425,2103.2901187022717,True,False,False
1728691200000,2024-10-12,BTCUSDT,62539.99,63480.0,62487.23,63206.22,10911.30116,686978508.9887543,1770837,60761.4282,63419.24875,55.38703322504503,2023.9672530806808,False,False,False
1728777600000,2024-10-13,BTCUSDT,63206.23,63285.72,62050.0,62870.02,11909.21995,746564374.2082387,2242529,60735.6884,63386.2489,53.873448082709984,1967.6638778606325,False,False,False
1728864000000,2024-10-14,BTCUSDT,62870.02,66500.0,62457.81,66083.99,37669.95222,2450094472.8135448,4977577,60772.968199999996,63362.765849999996,64.0012457770761,2115.844315156302,False,False,False
1728950400000,2024-10-15,BTCUSDT,66084.0,67950.0,64800.01,67074.14,43683.95423,2894021862.319518,6245619,60857.77099999999,63348.88385,66.44556442403842,2189.711864073709,False,False,False
1729036800000,2024-10-16,BTCUSDT,67074.14,68424.0,66750.49,67620.01,29938.25544,2024560410.1062677,5109685,61021.8712,63339.073000000004,67.7458215771729,2152.840302354158,False,False,False
1729123200000,2024-10-17,BTCUSDT,67620.0,67939.4,66666.0,67421.78,25328.22861,1702164439.5654595,3981960,61189.6088,63319.78185,66.73448786800233,2090.0231379002894,False,False,False
1729209600000,2024-10-18,BTCUSDT,67421.78,69000.0,67192.36,68428.0,28725.635,1959735899.8769648,4010969,61370.988600000004,63313.67285,69.24432467727092,2069.8529137645546,False,False,False
1729296000000,2024-10-19,BTCUSDT,68427.99,68693.26,68010.0,68378.0,8193.66737,559628628.9613105,1152428,61556.0688,63328.2429,68.96587465217988,1970.8105627813718,False,False,False
1729382400000,2024-10-20,BTCUSDT,68377.99,69400.0,68100.0,69031.99,12442.47378,854082429.8105861,1563795,61757.22880000001,63343.58645,70.6295169487574,1922.8955225827024,False,False,False
1729468800000,2024-10-21,BTCUSDT,69032.0,69519.52,66840.67,67377.5,31374.42184,2130833593.5466976,3686777,61958.7416,63338.035,61.62871368934572,1976.8922709696526,False,False,False
1729555200000,2024-10-22,BTCUSDT,67377.5,67836.01,66571.42,67426.0,24598.96268,1654285791.6605556,3669291,62124.619000000006,63336.0619,61.7824654068061,1926.013537328963,False,False,False
1729641600000,2024-10-23,BTCUSDT,67426.01,67472.83,65260.0,66668.65,25530.2407,1695101430.9187465,3807365,62308.237400000005,63324.92515,57.882165835968834,1946.5004275197514,False,False,False
1729728000000,2024-10-24,BTCUSDT,66668.65,68850.0,66510.0,68198.28,22589.83877,1526736320.912938,3797462,62512.785,63319.1146,62.967198470524686,1974.607539839769,False,False,False
1729814400000,2024-10-25,BTCUSDT,68198.27,68771.49,65596.29,66698.33,34479.71125,2320667435.293254,5332593,62723.151600000005,63294.50625,55.84684678957812,2060.364144136929,False,False,False
1729900800000,2024-10-26,BTCUSDT,66698.32,67454.55,66439.9,67092.76,11842.9077,792887047.147892,2373501,62985.74739999999,63284.24005,57.216899171184416,1985.6702766985777,False,False,False
1729987200000,2024-10-27,BTCUSDT,67092.76,68332.05,66913.73,68021.7,8653.19592,585006148.4704809,1771989,63262.9642,63271.19314999999,60.33829759649843,1945.1452569343942,False,False,False
1730073600000,2024-10-28,BTCUSDT,68021.69,70270.0,67618.0,69962.21,29046.75459,2005105729.8174448,4432446,63564.8094,63270.97305,65.93019839117528,1995.6348814390803,False,False,False
1730160000000,2024-10-29,BTCUSDT,69962.21,73620.12,69760.0,72736.42,50128.60594,3602465986.891757,5645430,63878.697799999994,63299.07255,72.00666227913402,2128.8123899077173,False,False,False
1730246400000,2024-10-30,BTCUSDT,72736.41,72961.0,71436.0,72344.74,26885.99056,1941210537.2882867,4040734,64172.872800000005,63341.1737,70.1055385049586,2085.6829334857375,False,False,False
1730332800000,2024-10-31,BTCUSDT,72344.75,72700.0,69685.76,70292.01,29352.10297,2091144977.4946847,4525542,64431.953,63364.32455,61.01372772282428,2152.008438236757,False,False,False
1730419200000,2024-11-01,BTCUSDT,70292.01,71632.95,68820.14,69496.01,38301.86755,2677358022.00497,4569271,64659.2268,63394.70465,57.87910150719854,2199.208549791274,False,False,False
1730505600000,2024-11-02,BTCUSDT,69496.0,69914.37,69000.14,69374.74,10521.67243,731232427.6311549,1603561,64836.76159999999,63422.611399999994,57.39530849695174,2107.4243676633255,False,False,False
1730592000000,2024-11-03,BTCUSDT,69374.74,69391.0,67478.73,68775.99,24995.70243,1709666206.4062023,3668029,65012.4208,63460.1045,54.95297024033631,2093.4847699730885,False,False,False
1730678400000,2024-11-04,BTCUSDT,68775.99,69500.0,66835.0,67850.01,29800.39187,2033902307.002776,5377048,65186.780999999995,63482.00415,51.31613114011284,2134.307286403582,False,False,False
1730764800000,2024-11-05,BTCUSDT,67850.01,70577.91,67476.63,69372.01,33355.06888,2310418908.069922,4955644,65409.941399999996,63509.77415,56.42124533292788,2203.3767659461832,False,False,False
1730851200000,2024-11-06,BTCUSDT,69372.01,76400.0,69298.0,75571.99,104126.994787,7702283270.25801,8434184,65715.1014,63562.931150000004,70.15203302528889,2553.278425521456,False,False,False
1730937600000,2024-11-07,BTCUSDT,75571.99,76849.99,74416.0,75857.89,44869.422345,3391796661.971956,5207722,65997.0594,63617.51485000001,70.61186713303364,2544.757823698495,False,False,False
1731024000000,2024-11-08,BTCUSDT,75857.89,77199.99,75555.0,76509.78,36521.099583,2784449097.5315185,4877489,66268.2952,63665.96715,71.68308357987644,2480.488693434317,False,False,False
1731110400000,2024-11-09,BTCUSDT,76509.78,76900.0,75714.66,76677.46,16942.07915,1294709001.60289,2585264,66537.82340000001,63717.28445000001,71.96614436020215,2387.978072474723,False,False,False
1731196800000,2024-11-10,BTCUSDT,76677.46,81500.0,76492.0,80370.01,61830.100435,4905441473.900737,7128598,66878.2444,63797.686550000006,77.3383744259081,2575.1224958693856,False,False,False
1731283200000,2024-11-11,BTCUSDT,80370.01,89530.54,80216.01,88647.99,82323.665776,6944268709.942721,9348890,67379.629,63918.4348,84.50648164594546,3056.50874616443,False,False,False
1731369600000,2024-11-12,BTCUSDT,88648.0,89940.0,85072.0,87952.01,97299.887911,8540084566.279819,11499058,67871.8694,64039.344800000006,82.15361569177827,3185.9009785812564,False,False,False
1731456000000,2024-11-13,BTCUSDT,87952.0,93265.64,86127.99,90375.2,86763.854127,7790928962.043038,11962100,68394.11940000001,64173.910899999995,83.84058855179845,3468.1687658254523,False,False,False
1731542400000,2024-11-14,BTCUSDT,90375.21,91790.0,86668.21,87325.59,56729.51086,5073860815.928665,9828858,68877.591,64294.94575,74.31919784519717,3586.284568266491,False,False,False
1731628800000,2024-11-15,BTCUSDT,87325.59,91850.0,87073.38,91032.07,47927.95068,4276238971.181429,8009111,69394.75259999999,64430.7761,77.64251012545564,3671.308527676027,False,False,False
1731715200000,2024-11-16,BTCUSDT,91032.08,91779.66,90056.17,90586.92,22717.87689,2067958511.904848,4239455,69891.09199999999,64580.3507,76.36435763593542,3532.1786328420253,False,False,False
1731801600000,2024-11-17,BTCUSDT,90587.98,91449.99,88722.0,89855.99,23867.55609,2153871724.810395,4930719,70371.0518,64737.8058,74.20429551028681,3474.7365876390236,False,False,False
1731888000000,2024-11-18,BTCUSDT,89855.98,92594.0,89376.9,90464.08,46545.03448,4239909950.6618943,7161125,70868.2932,64894.823150000004,74.84186960166016,3456.3339742362364,False,False,False
1731974400000,2024-11-19,BTCUSDT,90464.07,93905.51,90357.0,92310.79,43660.04682,4025108502.8496137,5647789,71447.9572,65041.96705,76.72342843760876,3462.917976076505,False,False,False
1732060800000,2024-11-20,BTCUSDT,92310.8,94831.97,91500.0,94286.56,42203.198712,3950932314.6460686,7365987,72117.57280000001,65193.93965,78.57006982417163,3453.564549213898,False,False,False
1732147200000,2024-11-21,BTCUSDT,94286.56,98988.0,94040.0,98317.12,69228.360477,6722807908.325656,9048605,72870.9296,65365.46525,81.75076407968113,3560.3099385557625,False,False,False
1732233600000,2024-11-22,BTCUSDT,98317.12,99588.01,97122.11,98892.0,46189.309243,4555536773.363205,7271311,73633.7154,65544.0993,82.15753739620462,3482.1378000874934,False,False,False
1732320000000,2024-11-23,BTCUSDT,98892.0,98908.85,97136.0,97672.4,24757.84367,2431609866.329514,3839138,74345.4434,65720.9009,78.17638978359687,3360.0458143669584,False,False,False
1732406400000,2024-11-24,BTCUSDT,97672.4,98564.0,95734.77,97900.04,31200.97838,3034172011.951788,4964720,75062.2842,65904.43595,78.38690988776742,3322.1303990550327,False,False,False
1732492800000,2024-11-25,BTCUSDT,97900.05,98871.8,92600.19,93010.01,50847.45096,4883444806.322194,8289691,75666.0862,66054.11594999999,64.0856202615538,3532.8075134082446,False,False,False
1732579200000,2024-11-26,BTCUSDT,93010.01,94973.37,90791.1,91965.16,57858.73138,5370918648.818167,10225809,76260.9094,66209.9418,61.50360196412582,3579.1976910219405,False,False,False
1732665600000,2024-11-27,BTCUSDT,91965.16,97208.21,91792.14,95863.11,41153.42734,3894358511.6175647,6648690,76934.96179999999,66385.1274,66.86685603812859,3710.402855948945,False,False,False
1732752000000,2024-11-28,BTCUSDT,95863.11,96564.0,94640.0,95643.98,28814.54357,2749861591.2596097,4988161,77635.121,66555.92735,66.30758574825106,3582.8026519525924,False,False,False
1732838400000,2024-11-29,BTCUSDT,95643.99,98619.99,95364.99,97460.0,27701.78231,2690451030.634288,5094070,78377.7932,66728.52695,68.64793397380036,3559.388176813122,False,False,False
1732924800000,2024-11-30,BTCUSDT,97460.0,97463.95,96092.01,96407.99,14503.83306,1402672950.6998208,3354759,79055.15299999999,66902.67945,65.79667779021634,3403.1418784693274,False,False,False
1733011200000,2024-12-01,BTCUSDT,96407.99,97836.0,95693.88,97185.18,16938.60452,1641327626.6062205,3342200,79734.7322,67057.57285,66.89076010679484,3313.0688871500893,False,False,False
1733097600000,2024-12-02,BTCUSDT,97185.17,98130.0,94395.0,95840.62,37958.66981,3646639621.737588,7560103,80394.1442,67210.59989999999,63.12853248901442,3343.206823782226,False,False,False
1733184000000,2024-12-03,BTCUSDT,95840.61,96305.52,93578.17,95849.69,35827.32283,3413995542.018656,5361712,80989.45820000001,67354.72835,63.143591752406174,3299.2170506549246,False,False,False
1733270400000,2024-12-04,BTCUSDT,95849.69,99000.0,94587.83,98587.32,43850.53728,4241994533.7861056,6648724,81619.7218,67513.08895,67.46316426223828,3378.7136898938584,False,False,False
1733356800000,2024-12-05,BTCUSDT,98587.32,104088.0,90500.0,96945.63,109921.729662,11048002942.149933,12012364,82206.2342,67666.44705,62.71627501106611,4107.948426330012,False,False,False
1733443200000,2024-12-06,BTCUSDT,96945.63,101898.99,95981.72,99740.84,45049.5331,4456641685.364444,6919102,82852.6154,67807.91815,66.97685562792813,4237.185681592155,False,False,False
1733529600000,2024-12-07,BTCUSDT,99740.84,100439.18,98844.0,99831.99,14931.9459,1487953846.838546,2634566,83480.6952,67956.3364,67.10885001525898,4048.4709900498574,False,False,False
1733616000000,2024-12-08,BTCUSDT,99831.99,101351.0,98657.7,101109.59,14612.99688,1459576946.402151,2994709,84135.32699999999,68116.05125,68.98037853090713,3951.673062189154,False,False,False
1733702400000,2024-12-09,BTCUSDT,101109.6,101215.93,94150.05,97276.47,53949.11595,5283626995.705648,8445872,84700.2166,68262.58535000001,58.26792108691337,4174.116414889928,False,False,False
1733788800000,2024-12-10,BTCUSDT,97276.48,98270.0,94256.54,96593.0,51708.68933,4988660195.092429,11556189,85284.5266,68402.80040000001,56.58065630528344,4162.6409566835055,False,False,False
1733875200000,2024-12-11,BTCUSDT,96593.0,101888.0,95658.24,101125.0,37753.78291,3745703763.01845,8250511,85958.50660000001,68561.97255,64.02050224970651,4310.292316920398,False,False,False
1733961600000,2024-12-12,BTCUSDT,101125.0,102540.0,99311.64,100004.29,29232.08745,2949462583.8661704,8066322,86625.21940000002,68719.45564999999,61.22661443831747,4233.01143714037,False,False,False
1734048000000,2024-12-13,BTCUSDT,100004.29,101895.26,99205.0,101424.25,21904.03923,2203903393.0741005,5481660,87289.7388,68879.39474999999,63.40568387025698,4122.814905916058,False,False,False
1734134400000,2024-12-14,BTCUSDT,101424.24,102650.0,100609.41,101420.0,14191.70326,1441594367.0463192,3374538,87984.1722,69044.50279999999,63.3942001032154,3974.084555493482,False,False,False
1734220800000,2024-12-15,BTCUSDT,101420.0,105250.0,101237.14,104463.99,22228.921775,2290462903.835792,3638809,88731.5968,69228.56065,67.88118557780555,3976.8542301010907,False,False,False
1734307200000,2024-12-16,BTCUSDT,104463.99,107793.07,103333.0,106058.66,41302.40274,4364964400.634553,8048054,89492.336,69417.0931,69.95866296832104,4011.3696422367275,False,False,False
1734393600000,2024-12-17,BTCUSDT,106058.65,108353.0,105321.49,106133.74,29064.936466,3103833327.7751064,7212799,90215.7666,69610.06175,70.05686313355747,3941.3796677912464,False,False,False
1734480000000,2024-12-18,BTCUSDT,106133.74,106524.98,100000.0,100204.01,50307.99755,5194263316.259237,8762120,90765.11839999999,69772.24755,54.81638229072311,4125.9225486633,False,False,False
1734566400000,2024-12-19,BTCUSDT,100204.01,102800.11,95700.0,97461.86,55147.398,5487546517.707753,7273941,91267.4608,69920.72869999999,49.45809117759156,4338.364509473065,False,False,False
1734652800000,2024-12-20,BTCUSDT,97461.86,98233.0,92232.54,97805.44,62884.1357,6022845238.832326,7429007,91817.7294,70065.70640000001,50.116049112465944,4457.085615939275,False,False,False
1734739200000,2024-12-21,BTCUSDT,97805.44,99540.61,96398.39,97291.99,23483.54143,2296232055.195926,3717638,92373.649,70199.47715,49.087622159355206,4363.166643372184,False,False,False
1734825600000,2024-12-22,BTCUSDT,97292.0,97448.08,94250.35,95186.27,19353.83036,1857819866.3604,3633551,92889.87960000001,70319.86850000001,45.00840010704523,4279.921168845599,False,False,False
1734912000000,2024-12-23,BTCUSDT,95186.28,96538.92,92520.0,94881.47,32810.76703,3100007213.494563,5464919,93411.9892,70440.28055,44.43281675866141,4261.2782282137705,False,False,False
1734998400000,2024-12-24,BTCUSDT,94881.47,99487.99,93569.02,98663.58,23674.22488,2287214424.706476,3421549,94028.26060000001,70586.82045,52.54281079027017,4379.6847833413585,False,False,False
1735084800000,2024-12-25,BTCUSDT,98663.58,99569.15,97632.02,99429.6,14474.1651,1426143976.0493636,3283028,94629.4124,70737.41615,54.006958585392354,4205.216584531261,False,False,False
1735171200000,2024-12-26,BTCUSDT,99429.61,99963.7,95199.14,95791.6,21192.36727,2049123567.3867724,5203490,95033.8046,70868.13345,46.646436109920884,4245.1696856361705,False,False,False
1735257600000,2024-12-27,BTCUSDT,95791.6,97544.58,93500.01,94299.03,26501.26429,2528567849.779461,5718866,95402.62739999998,70991.9286,43.99708496979538,4230.8411366621585,False,False,True
1735344000000,2024-12-28,BTCUSDT,94299.03,95733.99,94135.66,95300.0,8385.8929,794651624.8349556,2732061,95778.43179999999,71131.85740000001,46.20378749241316,4042.804626900576,False,False,True
1735430400000,2024-12-29,BTCUSDT,95300.0,95340.0,93009.52,93738.2,13576.00578,1278370863.9768472,2865838,96119.64660000001,71259.22845000001,43.334612009297985,3920.495724979106,False,False,True
1735516800000,2024-12-30,BTCUSDT,93738.19,95024.5,91530.45,92792.05,27619.4225,2573126059.769478,5560563,96368.08739999999,71389.32365,41.647336421068175,3890.035316052027,False,False,True
1735603200000,2024-12-31,BTCUSDT,92792.05,96250.0,92033.73,93576.0,19612.03389,1845718801.922704,3347847,96466.6476,71526.9837,43.60659816293684,3913.337793476883,False,False,True
1735689600000,2025-01-01,BTCUSDT,93576.0,95151.15,92888.0,94591.79,10373.32613,975444194.1379983,1516556,96599.44319999998,71668.80140000001,46.13051393557842,3795.4672367999624,False,False,True
1735776000000,2025-01-02,BTCUSDT,94591.78,97839.5,94392.0,96984.79,21970.48948,2118411852.68128,3569079,96731.635,71820.341,51.62345411464539,3770.612434171394,True,True,False
1735862400000,2025-01-03,BTCUSDT,96984.79,98976.91,96100.01,98174.18,15253.82936,1486610768.5907917,2851164,96948.60680000001,71978.69025,54.127163404072355,3706.7758317305806,False,False,False
1735948800000,2025-01-04,BTCUSDT,98174.17,98778.43,97514.79,98220.5,8990.05651,881223751.6353604,1559982,97092.3754,72143.91614999999,54.226518909665195,3532.2661294641107,False,False,False
1736035200000,2025-01-05,BTCUSDT,98220.51,98836.85,97276.79,98363.61,8095.63723,793931715.9546323,1685799,97247.9092,72310.86235000001,54.55402387744817,3391.3942630738184,False,False,False
1736121600000,2025-01-06,BTCUSDT,98363.61,102480.0,97920.0,102235.6,25263.43375,2540561688.7771435,3853702,97495.50140000001,72497.6904,62.39392949942777,3474.8661014256886,False,False,False
1736208000000,2025-01-07,BTCUSDT,102235.6,102724.38,96181.81,96954.61,32059.87537,3170421659.717236,4480562,97625.31199999999,72661.74565,49.78033152876916,3693.9878084667116,False,False,True
1736294400000,2025-01-08,BTCUSDT,96954.6,97268.65,92500.9,95060.61,33704.67894,3205849081.112962,5171208,97680.3084,72815.73865,46.174941034904926,3770.6851078619466,False,False,True
1736380800000,2025-01-09,BTCUSDT,95060.61,95382.32,91203.67,92552.49,34544.83685,3217669887.2453976,6027161,97645.62700000001,72962.45104999999,41.852140294505325,3799.8254573003796,False,False,True
1736467200000,2025-01-10,BTCUSDT,92552.49,95836.0,92206.02,94726.11,31482.86424,2962085343.2837043,5531444,97573.80679999999,73134.61510000001,46.52447472320942,3787.693638921781,False,False,True
1736553600000,2025-01-11,BTCUSDT,94726.1,95050.94,93831.73,94599.99,7047.9043,665685994.93301,1496191,97487.9666,73298.585,46.29204504682564,3604.23052185594,False,False,True
1736640000000,2025-01-12,BTCUSDT,94599.99,95450.1,93711.19,94545.06,8606.86622,813278829.6583949,1658863,97425.4198,73466.98535,46.183824353454966,3470.9933417233733,False,False,True
1736726400000,2025-01-13,BTCUSDT,94545.07,95940.0,89256.69,94536.1,42619.56423,3930666134.3474574,5740963,97358.141,73631.1335,46.16486608716173,3700.444531600275,False,False,True
1736812800000,2025-01-14,BTCUSDT,94536.11,97371.0,94346.22,96560.86,27846.61753,2676048470.3569503,4532923,97429.15800000001,73811.79860000001,51.05445268207225,3652.1827793431125,False,False,True
1736899200000,2025-01-15,BTCUSDT,96560.85,100681.94,96500.0,100497.35,30509.99179,3006242382.886794,3487945,97599.8018,74009.35195,58.87493025712381,3690.0225808186046,True,True,False
1736985600000,2025-01-16,BTCUSDT,100497.35,100866.66,97335.13,99987.3,27832.85317,2765162040.639799,3762755,97682.2856,74195.4284,57.590937665068644,3678.701682188704,False,False,False
1737072000000,2025-01-17,BTCUSDT,99987.3,105865.22,99950.77,104077.48,39171.85292,4040993985.475047,3886907,97850.9556,74401.31585,64.31240049345153,3838.3979906037966,False,False,False
1737158400000,2025-01-18,BTCUSDT,104077.47,104988.88,102277.55,104556.23,24307.82998,2521522119.379525,3403162,97992.8802,74613.41965,65.01140927335399,3757.893134132097,False,False,False
1737244800000,2025-01-19,BTCUSDT,104556.23,106422.43,99651.6,101331.57,43397.28298,4513423971.410253,5271920,98091.3518,74819.0346,56.92381885545725,3973.1029102655184,False,False,False
1737331200000,2025-01-20,BTCUSDT,101331.57,109588.0,99550.0,102260.01,89529.231732,9398787064.320717,11597937,98192.8484,75045.0846,58.5236874130634,4406.309845246553,False,False,False
1737417600000,2025-01-21,BTCUSDT,102260.0,107240.81,100119.04,106143.82,45941.02002,4768512258.156501,6842980,98398.9124,75292.65975,64.46863249850298,4600.271284871799,False,False,False
1737504000000,2025-01-22,BTCUSDT,106143.82,106394.46,103339.12,103706.66,22248.69254,2331144640.658579,4364035,98556.05180000002,75520.0424,58.77545818575377,4489.9190502381,False,False,False
1737590400000,2025-01-23,BTCUSDT,103706.66,106850.0,101262.28,103910.34,53953.12031,5610760848.131639,6961383,98662.51220000001,75760.30505,59.10052511090694,4568.3334037925215,False,False,False
1737676800000,2025-01-24,BTCUSDT,103910.35,107120.0,102750.0,104870.5,23609.24017,2483818574.373748,4798886,98821.0096,76001.08445000001,60.67475547200399,4554.1667320930555,False,False,False
1737763200000,2025-01-25,BTCUSDT,104870.51,105286.52,104106.09,104746.85,9068.32377,949511531.3578016,1770765,98921.12980000001,76234.5687,60.35258803297774,4313.1855369435525,False,False,False
1737849600000,2025-01-26,BTCUSDT,104746.86,105500.0,102520.44,102620.0,9812.51238,1024352365.4715524,1813011,98976.89,76459.03945,54.94810957675934,4217.926570019013,False,False,False
1737936000000,2025-01-27,BTCUSDT,102620.01,103260.0,97777.77,102082.83,50758.1341,5092886322.829245,9368910,98996.3548,76682.75415,53.64158064762822,4308.233957874797,False,False,False
1738022400000,2025-01-28,BTCUSDT,102082.83,103800.0,100272.68,101335.52,22022.05765,2253977324.0362086,5428644,99077.5358,76899.98625,51.79639718280176,4252.45438945517,False,False,False
1738108800000,2025-01-29,BTCUSDT,101335.52,104782.68,101328.01,103733.24,23155.35802,2380383694.772136,5189699,99220.34059999998,77122.63235,56.917054683368,4195.469790208372,False,False,False
1738195200000,2025-01-30,BTCUSDT,103733.25,106457.44,103278.54,104722.94,19374.07472,2038112603.5126407,3990075,99292.29939999999,77342.2575,58.85974252647251,4122.857662336346,False,False,False
1738281600000,2025-01-31,BTCUSDT,104722.94,106012.0,101560.0,102429.56,21983.18193,2282174002.1952176,4331904,99340.80479999998,77530.7846,52.90637398503216,4146.367829312321,False,False,False
1738368000000,2025-02-01,BTCUSDT,102429.56,102783.71,100279.51,100635.65,12290.95747,1250354228.2372296,2588786,99325.03279999999,77708.7429,48.75252382102037,4029.070127218585,False,False,False
1738454400000,2025-02-02,BTCUSDT,100635.66,101456.6,96150.0,97700.59,34619.49939,3412084312.583628,7202339,99250.64459999999,77876.80589999999,42.827782014095284,4120.322260988687,False,False,True
1738540800000,2025-02-03,BTCUSDT,97700.59,102500.01,91231.0,101328.52,75164.7385,7228589180.711621,10625262,99187.9352,78063.5089,50.788709662488124,4630.942813775209,True,True,False
1738627200000,2025-02-04,BTCUSDT,101328.51,101732.31,96150.0,97763.13,40267.98697,3989698644.2649302,6618911,99022.0246,78219.02455,44.26529709463347,4698.897612791266,False,False,True
1738713600000,2025-02-05,BTCUSDT,97763.14,99149.0,96155.0,96612.43,26233.30444,2562342153.829685,4471763,98831.5984,78366.3869,42.3736367472997,4577.119211877604,False,False,True
1738800000000,2025-02-06,BTCUSDT,96612.44,99120.0,95676.64,96554.35,23515.20405,2289071921.21756,4242807,98758.60520000002,78508.33194999999,42.2754354907362,4496.136411029204,False,False,True
1738886400000,2025-02-07,BTCUSDT,96554.35,100137.99,95620.34,96506.8,31794.22065,3107592434.6738343,5012456,98739.504,78653.2059,42.18923067879199,4497.673095955691,False,False,True
1738972800000,2025-02-08,BTCUSDT,96506.8,96880.0,95688.0,96444.74,10147.24294,977040267.5158632,1757892,98712.29,78805.74955000001,42.068658249056206,4261.5535891017125,False,False,True
1739059200000,2025-02-09,BTCUSDT,96444.75,97323.09,94713.0,96462.75,14120.91613,1359495152.3107977,2293192,98695.7052,78961.1833,42.1203544815995,4143.591904165875,False,False,True
1739145600000,2025-02-10,BTCUSDT,96462.75,98345.0,95256.0,97430.82,20572.87537,1999112052.6687863,3475919,98740.59619999999,79119.33765,44.96334287468878,4068.2639110111704,False,False,True
1739232000000,2025-02-11,BTCUSDT,97430.82,98478.42,94876.88,95778.2,18647.76379,1806534846.38632,3716586,98758.53080000001,79258.6887,41.239325462354614,4034.9264887960862,False,False,True
1739318400000,2025-02-12,BTCUSDT,95778.21,98119.99,94088.23,97869.99,29151.16625,2800142168.3943653,4992737,98742.659,79408.55615,47.20026374777609,4034.700311024938,False,False,True
1739404800000,2025-02-13,BTCUSDT,97870.0,98083.91,95217.36,96608.14,19921.77616,1916988246.3921185,3909456,98686.2298,79550.34744999999,44.281969277826605,3951.2610030945857,False,False,True
1739491200000,2025-02-14,BTCUSDT,96608.13,98826.0,96252.82,97500.48,18173.02646,1768073218.8690157,3499564,98720.4074,79703.9264,46.78753267332779,3852.8266457306863,False,False,True
1739577600000,2025-02-15,BTCUSDT,97500.47,97972.26,97223.58,97569.66,7349.37683,717245393.778092,1694327,98785.82,79860.83469999999,46.986568124124915,3631.1018853213513,False,False,True
1739664000000,2025-02-16,BTCUSDT,97569.67,97704.47,96046.18,96118.12,8191.4249,794694242.2949731,1596701,98802.1824,80018.2853,43.324831868310646,3490.1867506555413,False,False,True
1739750400000,2025-02-17,BTCUSDT,96118.12,97046.59,95205.0,95780.0,16492.0451,1584593526.1754675,2831237,98843.0184,80170.4152,42.4940856761667,3372.429839894431,False,False,True
1739836800000,2025-02-18,BTCUSDT,95780.01,96753.91,93388.09,95671.74,23368.19471,2223994802.892005,4234248,98900.6122,80341.28224999999,42.214972824986596,3371.957708473401,False,False,True
1739923200000,2025-02-19,BTCUSDT,95671.74,96899.99,95029.99,96644.37,16438.50954,1576817572.1032505,2784225,98961.9796,80521.01415,45.66778590975292,3264.675015011015,False,False,True
1740009600000,2025-02-20,BTCUSDT,96644.37,98711.36,96415.09,98305.0,17057.39177,1663386824.7315507,2386973,99036.24380000001,80721.73415,51.046198013872896,3195.5032282245147,False,False,True
1740096000000,2025-02-21,BTCUSDT,98305.01,99475.0,94871.95,96181.98,32249.2814,3143975917.573464,4528525,99020.1876,80932.55,44.92358303804732,3296.0422833513358,False,False,True
1740182400000,2025-02-22,BTCUSDT,96181.99,96980.0,95770.49,96551.01,11268.17708,1087077133.8226364,1506418,98987.7242,81135.195,46.13303419205119,3147.0042631119545,False,False,True
1740268800000,2025-02-23,BTCUSDT,96551.01,96650.0,95227.94,96258.0,10884.84913,1044392011.791024,1457368,98948.4742,81340.8142,45.28275615896672,3023.793958603958,False,False,True
1740355200000,2025-02-24,BTCUSDT,96258.0,96500.0,91349.26,91552.88,31550.10299,2981809595.445377,4972684,98812.2596,81490.14864999999,34.33817598231752,3175.7186758465327,False,False,True
1740441600000,2025-02-25,BTCUSDT,91552.88,92540.69,86050.99,88680.4,78333.11111,6962982500.904473,10289145,98541.15559999998,81629.3607,29.629848349451834,3412.43162757178,False,False,True
1740528000000,2025-02-26,BTCUSDT,88680.39,89414.15,82256.01,84250.09,56893.54409,4898429925.6364765,8490006,98287.06520000001,81745.99359999999,24.133527825085324,3679.982225602367,False,False,True
1740614400000,2025-02-27,BTCUSDT,84250.09,87078.46,82716.49,84708.58,42505.45439,3618738891.222162,6357581,98080.0246,81875.97355,25.670216621112218,3728.695638059341,False,False,True
1740700800000,2025-02-28,BTCUSDT,84708.57,85120.0,78258.52,84349.94,83648.03969,6806705236.690679,11344216,97915.9736,82000.99005,25.239559778130726,3952.465949626531,False,False,True
1740787200000,2025-03-01,BTCUSDT,84349.95,86558.0,83824.78,86064.53,25785.05464,2194003507.852643,3700728,97742.74200000001,82128.37695,31.18357824111969,3865.376953224636,False,False,True
1740873600000,2025-03-02,BTCUSDT,86064.54,95000.0,85050.6,94270.0,54889.09045,4972549515.788669,7403218,97736.1422,82306.31,51.185933847006154,4299.950027994305,False,False,True
1740960000000,2025-03-03,BTCUSDT,94269.99,94416.46,85117.11,86220.61,59171.10218,5321123743.471923,9797860,97569.65319999999,82449.70775,39.16090836562311,4657.050025994712,False,False,True
1741046400000,2025-03-04,BTCUSDT,86221.16,88967.52,81500.0,87281.98,55609.10706,4704901219.590436,10326631,97424.5708,82591.74465,41.124969671389486,4857.797881280804,False,False,True
1741132800000,2025-03-05,BTCUSDT,87281.98,91000.0,86334.53,90606.01,38264.01163,3400243670.304976,8070266,97305.47379999999,82747.31474999999,46.90594389594441,4844.060175475033,False,False,True
1741219200000,2025-03-06,BTCUSDT,90606.0,92810.64,87836.0,89931.89,34342.44902,3105145628.399399,7643526,97094.1646,82904.83745,45.92116274828051,4853.3873057982455,False,False,True
1741305600000,2025-03-07,BTCUSDT,89931.88,91283.02,84667.03,86801.75,57980.35713,5097554826.613158,9510442,96830.45360000001,83041.6537,41.55821542110962,4979.287498241229,False,False,True
1741392000000,2025-03-08,BTCUSDT,86801.74,86897.25,85218.47,86222.45,12989.23054,1119358968.6520057,2553974,96473.35299999999,83177.69695,40.78588798077475,4743.53696265257,False,False,True
1741478400000,2025-03-09,BTCUSDT,86222.46,86500.0,80000.0,80734.37,26115.39345,2173552660.45448,5189138,95996.9158,83275.58865,34.28528141389596,4868.998608177387,False,False,True
1741564800000,2025-03-10,BTCUSDT,80734.48,84123.46,77459.91,78595.86,47633.38405,3834924947.7581854,8701538,95542.2016,83366.68875,32.13591635836514,4997.1808504504315,False,False,True
1741651200000,2025-03-11,BTCUSDT,78595.86,83617.4,76606.0,82932.99,48770.06853,3927000827.110792,6983310,95155.66120000002,83461.1675,40.309020099604645,5141.053646846829,False,False,True
1741737600000,2025-03-12,BTCUSDT,82932.99,84539.85,80607.65,83680.12,31933.986,2638600996.825396,5253577,94706.38719999998,83558.78305,41.61350144357122,5054.706957786342,False,False,True
1741824000000,2025-03-13,BTCUSDT,83680.12,84336.33,79939.9,81115.78,27546.27412,2260870111.239389,4367093,94254.56959999999,83643.26195,38.50328202012443,5007.687175087318,False,False,True
1741910400000,2025-03-14,BTCUSDT,81115.78,85309.71,80818.84,83983.2,26858.52755,2244729595.541172,3290987,93856.02679999999,83749.00795,43.58114978895691,4970.771662581082,False,False,True
1741996800000,2025-03-15,BTCUSDT,83983.19,84676.28,83618.0,84338.44,11324.7332,953445671.8337504,1329670,93445.38560000001,83873.62514999999,44.19591694876242,4691.307972396719,False,False,True
1742083200000,2025-03-16,BTCUSDT,84338.44,85117.04,81981.12,82574.53,17596.12531,1468056556.296723,2767947,93001.9392,83991.3233,41.76252312108556,4580.20883151124,False,False,True
1742169600000,2025-03-17,BTCUSDT,82574.52,84756.83,82456.0,84010.03,17214.74358,1437716814.0468738,3014756,92629.73980000001,84114.5784,44.44340295364591,4417.396057831866,False,False,True
1742256000000,2025-03-18,BTCUSDT,84010.02,84021.74,81134.66,82715.03,17610.89883,1450813055.479726,3126371,92242.38380000001,84232.5336,42.540869031107,4308.087767986733,False,False,True
1742342400000,2025-03-19,BTCUSDT,82715.03,87000.0,82547.16,86845.94,28151.05374,2375813941.943763,3774761,91952.59219999998,84371.89335000001,49.90734539461,4318.427213130537,False,False,True
1742428800000,2025-03-20,BTCUSDT,86845.93,87453.67,83655.23,84223.39,22090.30463,1885241921.155652,3252595,91562.39520000001,84506.50100000002,45.885384455686854,4281.285269335499,False,False,True
1742515200000,2025-03-21,BTCUSDT,84223.38,84850.33,83175.25,84088.79,11956.97443,1005135519.2560016,2360005,91149.71220000001,84631.2843,45.68190360820756,4095.127750097249,False,False,True
1742601600000,2025-03-22,BTCUSDT,84088.79,84539.17,83625.1,83840.59,5420.22114,456235443.8016521,864481,90777.93280000001,84763.0486,45.283129459738994,3867.9093393760168,False,False,True
1742688000000,2025-03-23,BTCUSDT,83840.59,86129.64,83809.75,86082.5,8461.97813,718692319.1499039,1206533,90486.8698,84903.6066,49.56574868077745,3757.3365294205873,False,False,True
1742774400000,2025-03-24,BTCUSDT,86082.5,88765.43,85519.09,87498.16,30115.62111,2636765917.951844,2916713,90282.8212,85060.1974,52.11444564193825,3720.8367773191167,False,False,True
1742860800000,2025-03-25,BTCUSDT,87498.16,88539.63,86310.0,87392.87,22643.25248,1979571590.8982935,2802815,90004.10819999999,85227.34690000002,51.90435376593089,3614.3220075106087,False,False,True
1742947200000,2025-03-26,BTCUSDT,87392.88,88275.0,85860.0,86909.17,18408.78485,1606406955.5864637,2380154,89787.02900000001,85391.08845000001,50.889386589066554,3528.6561498312794,False,False,True
1743033600000,2025-03-27,BTCUSDT,86909.17,87756.39,85800.0,87232.01,17098.03897,1487968807.7079022,2376381,89599.42060000001,85552.89875,51.57008981347136,3416.351424843331,False,False,True
1743120000000,2025-03-28,BTCUSDT,87232.01,87515.67,83585.0,84424.38,27182.73169,2309946560.664113,3236085,89356.82119999999,85689.81065,45.64478334093176,3453.0884659259505,False,False,True
1743206400000,2025-03-29,BTCUSDT,84424.38,84624.73,81644.81,82648.54,11696.39864,970199917.9868716,2172387,89079.656,85814.8734,42.331735923273726,3419.2907183598113,False,False,True
1743292800000,2025-03-30,BTCUSDT,82648.53,83534.64,81565.0,82389.99,9864.49508,816584795.5288126,1907663,88798.56100000002,85940.13335,41.85539994094978,3315.7442384769674,False,False,True
1743379200000,2025-03-31,BTCUSDT,82390.0,83943.08,81278.52,82550.01,20569.13885,1696009191.0809648,3964358,88520.3062,86062.2218,42.2882386048836,3269.2310785857553,False,False,True
1743465600000,2025-04-01,BTCUSDT,82550.0,85579.46,82432.74,85158.34,20190.39697,1698895702.575468,3328693,88274.8566,86185.5235,48.95809507305728,3260.4802872582013,False,False,True
1743552000000,2025-04-02,BTCUSDT,85158.35,88500.0,82320.0,82516.29,39931.457,3417279759.8307643,5338238,88009.61839999999,86298.13979999999,43.47691513501001,3469.0174095969014,False,False,True
1743638400000,2025-04-03,BTCUSDT,82516.28,83998.02,81211.24,83213.09,27337.84135,2259299724.8643928,4117486,87716.48039999999,86418.54525000001,45.21885223344542,3420.286166054266,False,False,True
1743724800000,2025-04-04,BTCUSDT,83213.09,84720.0,81659.0,83889.87,32915.53976,2739842666.426737,4992586,87462.115,86546.92465,46.92958873840427,3394.622868478961,False,False,True
1743811200000,2025-04-05,BTCUSDT,83889.87,84266.0,82379.95,83537.99,9360.40468,779626577.9013437,1575750,87182.8652,86663.04465,46.1230928312715,3286.867663587607,False,False,True
1743897600000,2025-04-06,BTCUSDT,83537.99,83817.63,77153.83,78430.0,27942.71436,2239085051.1529646,3948493,86800.07200000001,86746.3947,36.3558876608934,3528.0771161884923,False,False,True
1743984000000,2025-04-07,BTCUSDT,78430.0,81243.58,74508.0,79163.24,78387.53089,6084614024.150647,9736596,86460.9744,86827.47095,38.37333113816177,3757.1844650321714,False,False,True
1744070400000,2025-04-08,BTCUSDT,79163.24,80867.99,76239.9,76322.42,35317.32063,2775277777.102461,5512751,86071.82280000001,86893.07780000001,33.89094676814614,3819.3920032441597,False,False,True
1744156800000,2025-04-09,BTCUSDT,76322.42,83588.0,74620.0,82615.22,75488.28772,5980231256.222496,7741252,85810.6924,86989.4091,48.29791365401246,4187.149717298148,False,False,True
1744243200000,2025-04-10,BTCUSDT,82615.22,82753.21,78464.36,79607.3,33284.80718,2690294353.8478427,4529545,85469.951,87069.5518,43.426313663000286,4194.414023205423,False,False,True
1744329600000,2025-04-11,BTCUSDT,79607.3,84300.0,78969.58,83423.84,34435.43797,2830363945.1787524,4423157,85172.3278,87169.97105000001,50.27914521954402,4275.557307262179,False,False,True
1744416000000,2025-04-12,BTCUSDT,83423.83,85905.0,82792.95,85276.9,18470.74437,1557403252.9267516,2501196,84954.22619999999,87275.04205,53.240752304396615,4192.449642457738,True,False,False
1744502400000,2025-04-13,BTCUSDT,85276.91,86100.0,83034.23,83760.0,24680.04181,2086106375.439256,3275879,84698.406,87378.082,50.58456308041498,4111.972525139328,False,False,True
1744588800000,2025-04-14,BTCUSDT,83760.0,85799.99,83678.0,84591.58,28659.09348,2429132805.081529,3921522,84465.0776,87475.16995000001,51.998409455727796,3969.8309162008054,True,False,False
1744675200000,2025-04-15,BTCUSDT,84591.58,86496.42,83600.0,83643.99,20910.99528,1780972414.3956006,2910533,84306.8998,87564.54015,50.23463146020669,3893.158707900748,False,False,True
1744761600000,2025-04-16,BTCUSDT,83643.99,85500.0,83111.64,84030.38,20867.24519,1753910031.2009242,3264730,84213.8994,87655.40205,50.96501338063105,3785.6730859078375,False,False,True
1744848000000,2025-04-17,BTCUSDT,84030.38,85470.01,83736.26,84947.91,13728.84772,1161659427.386263,2003405,84227.8558,87752.13154999999,52.73882062018878,3639.107151200135,True,False,False
1744934400000,2025-04-18,BTCUSDT,84947.92,85132.08,84303.96,84474.69,6529.96315,552648483.6474872,840009,84223.17800000001,87857.86705,51.70005194914886,3438.3223546858394,False,False,False
1745020800000,2025-04-19,BTCUSDT,84474.7,85677.99,84364.45,85077.01,9666.58153,823222752.2842493,875226,84237.7194,87979.22320000001,52.96979025375517,3286.5521864939947,False,False,False
1745107200000,2025-04-20,BTCUSDT,85077.0,85320.76,83949.52,85179.24,8091.67725,685253644.8918362,944130,84220.01359999999,88101.873,53.19469488490388,3149.7441731729946,False,False,False
1745193600000,2025-04-21,BTCUSDT,85179.24,88465.99,85144.76,87516.23,31773.37262,2773299591.467066,3041395,84084.9382,88235.6906,58.12465146299545,3161.993160803496,False,False,False
1745280000000,2025-04-22,BTCUSDT,87516.22,93888.0,87076.03,93442.99,43872.74705,3967785064.1281695,3268475,84229.3858,88392.47555,67.479728139661,3422.705792174675,False,False,False
1745366400000,2025-04-23,BTCUSDT,93442.99,94696.05,91935.41,93691.08,27404.16808,2560279933.947952,3016536,84357.56779999999,88550.64095,67.80396908262462,3375.4153784479126,False,False,False
1745452800000,2025-04-24,BTCUSDT,93691.07,94005.0,91660.01,93980.47,19497.06071,1811120137.314679,2797383,84425.05700000002,88706.44375,68.20223145290572,3301.8135657016337,False,False,False
1745539200000,2025-04-25,BTCUSDT,93980.47,95758.04,92855.96,94638.68,27500.66648,2596877713.640173,3331828,84519.19279999999,88868.51715,69.13734816286839,3273.2611681515164,False,False,False
1745625600000,2025-04-26,BTCUSDT,94638.68,95199.0,93870.69,94628.0,9415.06875,889627361.8414446,1475983,84675.7178,89030.85469999998,69.10183819869967,3134.3360847121226,False,False,False
1745712000000,2025-04-27,BTCUSDT,94628.0,95369.0,93602.58,93749.3,11162.841,1052334792.1866188,1918160,84826.25480000001,89196.42109999999,66.0940057027376,3036.627792946971,False,False,False
1745798400000,2025-04-28,BTCUSDT,93749.29,95630.0,92800.01,95011.18,22157.53351,2092532996.555172,3424740,85111.791,89369.84504999999,68.23250508841295,3021.8679505936166,False,False,False
1745884800000,2025-04-29,BTCUSDT,95011.18,95461.53,93742.54,94256.82,16955.3402,1607154803.4675474,3020875,85425.01019999999,89528.42915,65.57004323964537,2928.80523983693,False,False,False
1745971200000,2025-04-30,BTCUSDT,94256.82,95228.45,92910.0,94172.0,17661.2751,1664825670.9831252,3214149,85649.79040000001,89683.25805,65.26168563478214,2885.208436991435,False,False,False
1746057600000,2025-05-01,BTCUSDT,94172.0,97424.02,94130.43,96489.91,21380.45343,2053857614.2732675,2925716,85905.98619999998,89851.3575,69.48493288087991,2914.3785486349047,False,False,False
1746144000000,2025-05-02,BTCUSDT,96489.9,97895.68,96350.0,96887.14,14905.74811,1446387651.5840576,2698263,86221.4134,90005.37325,70.15457941355726,2816.614366589554,False,False,False
1746230400000,2025-05-03,BTCUSDT,96887.13,96935.67,95753.01,95856.42,9723.34838,935906144.9651498,1181239,86458.87779999999,90149.28465,66.1011408385837,2699.9033404045863,False,False,False
1746316800000,2025-05-04,BTCUSDT,95856.42,96304.48,94151.38,94277.62,11036.38342,1053542403.8531588,1674726,86657.66140000001,90282.57269999999,60.34925107893658,2660.8459589471154,False,False,False
1746403200000,2025-05-05,BTCUSDT,94277.61,95199.0,93514.1,94733.68,17251.18189,1626999380.1759968,2623300,86900.8444,90419.13220000001,61.394290529176814,2591.135533308035,False,False,False
1746489600000,2025-05-06,BTCUSDT,94733.68,96920.65,93377.0,96834.02,16122.64513,1526847764.5636685,2512960,87157.3242,90561.16230000001,65.85733315654431,2659.1722809288894,False,False,False
1746576000000,2025-05-07,BTCUSDT,96834.02,97732.0,95784.61,97030.5,16644.83854,1611730124.5924544,2849139,87443.63360000002,90704.42480000001,66.25039565658848,2608.3306894339685,False,False,False
1746662400000,2025-05-08,BTCUSDT,97030.5,104145.76,96876.29,103261.6,34962.02847,3508645830.5650144,4991147,87771.94679999999,90875.57285,75.77518998404773,2941.2692116172566,False,False,False
1746748800000,2025-05-09,BTCUSDT,103261.61,104361.3,102315.14,102971.99,27617.39907,2847518447.981513,4406929,88146.91880000001,91053.5453,74.71969654980282,2877.3328393588813,False,False,False
1746835200000,2025-05-10,BTCUSDT,102971.99,104984.57,102818.76,104809.53,15324.78611,1588386278.502415,2227845,88561.3336,91240.46295,76.91671658538485,2826.5097794046765,False,False,False
1746921600000,2025-05-11,BTCUSDT,104809.53,104972.0,103345.06,104118.0,17987.12197,1873381777.2124248,3100176,88966.8818,91427.7097,74.29975106522649,2740.826223732914,False,False,False
1747008000000,2025-05-12,BTCUSDT,104118.0,105819.45,100718.37,102791.32,31272.77792,3242348937.383069,5298407,89301.0582,91600.6749,69.41995752860282,2909.4157791805633,False,False,False
1747094400000,2025-05-13,BTCUSDT,102791.32,104976.25,101429.7,104103.72,21253.42409,2197244118.1523666,3703531,89633.1694,91787.70185000001,71.41966352609532,2954.925366381952,False,False,False
1747180800000,2025-05-14,BTCUSDT,104103.72,104356.95,102602.05,103507.82,16452.9081,1704708279.3884108,3025221,89955.4684,91969.77715,69.20673062725919,2869.2092687832405,False,False,False
1747267200000,2025-05-15,BTCUSDT,103507.83,104192.7,101383.07,103763.71,17998.98604,1850183474.529204,4139477,90292.5592,92148.4872,69.6417334030739,2864.9536067272943,False,False,False
1747353600000,2025-05-16,BTCUSDT,103763.71,104550.33,103100.49,103463.9,15683.88024,1628832372.324148,3237442,90617.19700000001,92315.99565,68.4221529748259,2763.8740633896305,False,False,False
1747440000000,2025-05-17,BTCUSDT,103463.9,103709.86,102612.5,103126.65,11250.89622,1160418362.950618,2568597,90991.2424,92467.94679999999,67.00076972489589,2644.8373445760853,False,False,False
1747526400000,2025-05-18,BTCUSDT,103126.65,106660.0,103105.09,106454.26,21599.98726,2262214972.0749383,3193300,91467.35680000001,92638.4944,72.9678309972622,2709.8425342492224,False,False,False
1747612800000,2025-05-19,BTCUSDT,106454.27,107108.62,102000.0,105573.74,30260.03524,3150324504.595452,4881371,91931.0318,92814.90305,69.39215194021514,2881.1837818028494,False,False,False
1747699200000,2025-05-20,BTCUSDT,105573.73,107320.0,104184.72,106849.99,23705.48275,2509102444.6695986,3878351,92417.0314,93001.67295,71.56700963463375,2899.3335116740745,False,False,False
1747785600000,2025-05-21,BTCUSDT,106850.0,110797.38,106100.01,109643.99,45531.040345,4914709514.320026,6835279,92906.7444,93203.0192,75.6467321397529,3027.7646894116415,False,False,False
1747872000000,2025-05-22,BTCUSDT,109643.99,111980.0,109177.37,111696.21,31630.77313,3509432834.573417,5794216,93490.34280000001,93417.6203,78.12905276860515,3011.683640167953,False,False,False
1747958400000,2025-05-23,BTCUSDT,111696.22,111800.0,106800.0,107318.3,31737.72309,3469704446.390405,5251192,93972.44699999999,93614.96174999999,63.305019676374265,3153.706237298814,False,False,False
1748044800000,2025-05-24,BTCUSDT,107318.3,109506.03,106875.41,107761.91,16782.53129,1819958819.7748585,2805418,94449.8878,93806.91125,64.04937356391534,3116.342934634613,False,False,False
1748131200000,2025-05-25,BTCUSDT,107761.9,109299.99,106600.64,109004.19,17710.04695,1904366455.425858,3151168,94959.21179999999,93974.07225,66.1218757952974,3086.5577250178553,False,False,False
1748217600000,2025-05-26,BTCUSDT,109004.2,110422.22,108670.58,109434.79,14649.11593,1605578282.1079032,2887863,95579.3076,94141.95675000001,66.83555090015511,2991.2064589451516,False,False,False
1748304000000,2025-05-27,BTCUSDT,109434.78,110718.0,107516.57,108938.17,21276.65635,2327603851.1192646,3735509,96174.8062,94304.09869999999,65.1314060409095,3006.2224261633546,False,False,False
1748390400000,2025-05-28,BTCUSDT,108938.17,109284.7,106769.43,107781.78,15633.78829,1689136748.513031,2933262,96803.99339999999,94459.6203,61.21725454859693,2971.154395723115,False,False,False
1748476800000,2025-05-29,BTCUSDT,107781.78,108891.91,105322.86,105589.75,19834.70116,2128639017.5081613,3774926,97263.484,94585.719,54.52778223485508,3013.8612246000357,False,False,False
1748563200000,2025-05-30,BTCUSDT,105589.75,106313.12,103621.0,103985.48,23706.49799,2493078549.591861,4307572,97751.04759999999,94662.40645,50.20392509008332,2990.8797085571755,False,False,False
1748649600000,2025-05-31,BTCUSDT,103985.47,104900.0,103068.55,104591.88,11289.35922,1174000801.507038,2343787,98174.4084,94745.6058,51.76103023754071,2908.0633008030914,False,False,False
1748736000000,2025-06-01,BTCUSDT,104591.88,105866.91,103752.49,105642.93,9709.70006,1016188486.9505996,1939359,98581.729,94821.94444999998,54.42134602402728,2851.37449360287,False,False,False
1748822400000,2025-06-02,BTCUSDT,105642.93,105935.63,103659.88,105857.99,13453.98813,1409004206.9863732,2997656,99023.6888,94914.60644999999,54.96857838707745,2810.2584583455227,False,False,False
1748908800000,2025-06-03,BTCUSDT,105858.0,106794.67,104872.5,105376.89,13259.52634,1402493746.5993218,2470698,99439.395,94986.33055,53.42331847462957,2746.8235684636998,False,False,False
1748995200000,2025-06-04,BTCUSDT,105376.9,106000.0,104179.0,104696.86,14034.89482,1476928482.368878,2274464,99860.45240000001,95056.88025,51.23103087870758,2680.6933135734353,False,False,False
1749081600000,2025-06-05,BTCUSDT,104696.86,105909.71,100372.26,101508.68,22321.50154,2301567892.5305448,3963295,100210.0184,95115.14370000002,42.43829485100514,2884.747362603905,False,False,False
1749168000000,2025-06-06,BTCUSDT,101508.69,105333.0,101095.8,104288.44,15839.07385,1642382404.935575,2709327,100596.829,95184.26550000001,50.427141013476145,2981.351122417912,False,False,False
1749254400000,2025-06-07,BTCUSDT,104288.43,105900.0,103871.09,105552.15,8344.93206,877915380.954823,1402494,101018.37819999998,95250.47230000001,53.581195306887004,2913.3196136737756,False,False,False
1749340800000,2025-06-08,BTCUSDT,105552.15,106488.14,104964.14,105734.0,8048.06305,850887129.4282976,1295154,101431.51799999998,95307.7095,54.0344147772273,2814.082498411363,False,False,False
1749427200000,2025-06-09,BTCUSDT,105734.01,110530.17,105318.37,110263.02,19975.37451,2154922022.221173,2839846,101933.1936,95367.439,63.57351633001814,2985.348034239123,False,False,False
1749513600000,2025-06-10,BTCUSDT,110263.02,110400.0,108331.03,110274.39,17071.82839,1867620550.1921728,3003420,102388.3568,95424.35095000001,63.59394260797477,2919.8924603649,False,False,False
1749600000000,2025-06-11,BTCUSDT,110274.39,110392.01,108064.0,108645.12,13115.91638,1434884639.7506304,2667014,102692.3994,95479.21455,58.529151959138986,2877.615141767407,False,False,False
1749686400000,2025-06-12,BTCUSDT,108645.13,108813.55,105671.72,105671.73,17778.67218,1908309274.086835,3517420,102932.0124,95518.073,50.60768336959781,2896.4876316411637,False,False,False
1749772800000,2025-06-13,BTCUSDT,105671.74,106179.53,102664.31,106066.59,26180.81734,2735461890.6929703,5452577,103173.7348,95583.35590000002,51.545554248633465,2940.6828008096522,False,False,False
1749859200000,2025-06-14,BTCUSDT,106066.59,106252.0,104300.0,105414.64,8798.93969,925568614.1784064,1521776,103389.254,95650.6033,49.862067249151494,2870.0626007518204,False,False,False
1749945600000,2025-06-15,BTCUSDT,105414.63,106128.57,104494.53,105594.01,7164.20047,754596887.8748003,1564768,103608.5742,95699.25779999999,50.34259971423583,2781.7752721266907,False,False,False
1750032000000,2025-06-16,BTCUSDT,105594.02,108952.38,104980.37,106794.53,14922.6654,1599849840.7325244,2928998,103869.47879999998,95755.01055000002,53.55133452755331,2866.7920384033564,False,False,False
1750118400000,2025-06-17,BTCUSDT,106794.53,107771.34,103371.02,104551.17,17866.33025,1883173484.8991,3723010,104060.27859999999,95790.4664,47.38904549877529,2976.329749945973,False,False,False
1750204800000,2025-06-18,BTCUSDT,104551.17,105550.27,103500.0,104886.78,13968.64167,1461383024.362209,3468170,104272.87779999999,95832.86035,48.3466601411456,2910.1826249498326,False,False,False
1750291200000,2025-06-19,BTCUSDT,104886.79,105226.17,103929.27,104658.59,7678.60737,803402575.962045,1718045,104482.6096,95870.2274,47.71077674815346,2794.9481517391296,False,False,False
1750377600000,2025-06-20,BTCUSDT,104658.59,106524.65,102345.0,103297.99,16419.06283,1714411911.0114017,3029404,104618.77120000002,95907.51425,43.99513209985972,2893.855426614906,False,False,True
1750464000000,2025-06-21,BTCUSDT,103297.98,103982.64,100837.9,102120.01,11154.21332,1144829784.7306418,2172578,104723.4286,95938.86585,41.016809767465624,2911.77575328527,False,False,True
1750550400000,2025-06-22,BTCUSDT,102120.02,103399.62,98200.0,100963.87,28746.41072,2892695407.808688,5121309,104825.5776,95950.7486,38.27793152123647,3075.1931994791794,False,False,True
1750636800000,2025-06-23,BTCUSDT,100963.87,106074.2,99613.33,105333.93,27666.50609,2836166831.044449,4944207,105046.70379999999,95992.69009999999,51.46928108277808,3317.0272566592375,True,True,False
1750723200000,2025-06-24,BTCUSDT,105333.94,106290.0,104622.02,106083.0,14651.69335,1543451113.4563613,2973481,105273.6902,96024.4009,53.311243446986694,3199.2381668978633,False,False,False
1750809600000,2025-06-25,BTCUSDT,106083.0,108135.3,105808.03,107340.58,16701.15551,1789545470.94629,2988892,105483.82139999999,96061.94385,56.30937177618526,3136.9547264051594,False,False,False
1750896000000,2025-06-26,BTCUSDT,107340.59,108272.45,106562.5,106947.06,10573.27279,1136093974.6816015,2597742,105682.1526,96091.1312,55.11665686522453,3035.0258173762195,False,False,False
1750982400000,2025-06-27,BTCUSDT,106947.06,107735.34,106356.76,107047.59,12232.44042,1308420348.9100096,2304499,105757.87240000001,96139.98680000001,55.37669155547073,2916.7082589922043,False,False,False
1751068800000,2025-06-28,BTCUSDT,107047.58,107577.75,106811.51,107296.79,3282.17352,352025390.60311353,653305,105844.36839999999,96193.50575000001,56.056332338982926,2763.103383349904,False,False,False
1751155200000,2025-06-29,BTCUSDT,107296.79,108528.5,107172.52,108356.93,6831.7364,736708189.9495683,1223202,105915.31640000001,96229.66540000001,58.92262304437497,2662.5945702534823,False,False,False
1751241600000,2025-06-30,BTCUSDT,108356.93,108789.99,106733.33,107146.5,9754.12491,1050407152.345058,1773485,105975.8864,96265.37645,54.547782995445274,2619.313529521091,False,False,False
1751328000000,2025-07-01,BTCUSDT,107146.51,107540.0,105250.85,105681.14,10505.62437,1117432945.8926363,2013289,106033.6828,96286.6609,49.73363288194094,2595.730420269584,False,False,True
1751414400000,2025-07-02,BTCUSDT,105681.13,109730.0,105100.19,108849.6,17691.89592,1915699005.8772893,2444708,106128.60040000001,96323.80889999999,58.302789916607225,2741.021818821757,True,True,False
1751500800000,2025-07-03,BTCUSDT,108849.59,110529.18,108530.4,109584.78,13047.08225,1429459048.6383262,2568944,106250.13960000001,96349.41285000001,60.00644153045743,2688.004546048774,False,False,False
1751587200000,2025-07-04,BTCUSDT,109584.77,109767.59,107245.0,107984.24,11793.86615,1276215111.668365,1975212,106334.5502,96359.04074999999,54.760772464272456,2676.1892213310043,False,False,False
1751673600000,2025-07-05,BTCUSDT,107984.25,108420.56,107756.31,108198.12,3736.9757,403928702.1967476,710020,106429.2346,96369.36265000001,55.322825172264615,2532.4792769502183,False,False,False
1751760000000,2025-07-06,BTCUSDT,108198.12,109700.0,107800.01,109203.84,6447.607,700733299.51122,1256591,106550.7784,96414.3618,57.96730750037542,2487.3014714537744,False,False,False
1751846400000,2025-07-07,BTCUSDT,109203.85,109700.0,107513.2,108262.94,9405.37601,1020848316.053704,1961940,106586.95199999999,96468.36720000001,54.70494215656575,2465.837080635648,False,False,False
1751932800000,2025-07-08,BTCUSDT,108262.94,109216.56,107429.57,108922.98,9216.0208,1000112813.4398944,1723244,106653.9368,96523.9549,56.55220492993081,2417.3480034473864,False,False,False
1752019200000,2025-07-09,BTCUSDT,108922.99,111999.79,108324.53,111233.99,17282.2865,1902054744.194924,2328484,106741.6168,96593.6649,62.34301888944087,2507.1988603440013,False,False,False
1752105600000,2025-07-10,BTCUSDT,111234.0,116868.0,110500.0,116010.0,24883.450665,2826460280.445224,3227017,106868.93699999999,96697.78355000001,70.95787989052717,2782.9703703194295,False,False,False
1752192000000,2025-07-11,BTCUSDT,116010.01,118869.98,115222.22,117527.66,25873.521148,3039521803.027247,3708194,106985.56599999999,96811.01449999999,73.0664602293122,2844.741058153756,False,False,False
1752278400000,2025-07-12,BTCUSDT,117527.66,118200.0,116900.05,117420.0,8446.60437,993093353.4068904,1441851,107187.6,96904.7966,72.66342568154724,2734.398839714202,False,False,False
1752364800000,2025-07-13,BTCUSDT,117420.0,119488.0,117224.79,119086.64,9550.792947,1132096857.0116916,1650283,107414.0946,97003.0818,74.96557717391981,2700.742494020331,False,False,False
1752451200000,2025-07-14,BTCUSDT,119086.65,123218.0,118905.18,119841.18,27269.348877,3299746181.077073,4076133,107630.83439999999,97123.3297,75.95294037979924,2815.890887304594,False,False,False
1752537600000,2025-07-15,BTCUSDT,119841.17,119940.83,115736.92,117758.09,32018.46083,3755258445.553272,3805374,107797.30040000001,97240.625,67.9814384499192,2915.0351096399804,False,False,False
1752624000000,2025-07-16,BTCUSDT,117758.08,120063.84,117017.29,118630.43,17039.90851,2023850383.723488,2429625,107991.14559999999,97357.27715,69.42846101054963,2924.429030379982,False,False,False
1752710400000,2025-07-17,BTCUSDT,118630.44,120998.71,117453.57,119177.56,15728.57651,1869114355.1231644,2347985,108219.06120000001,97484.47395,70.33402984073228,2968.765528209983,False,False,False
1752796800000,2025-07-18,BTCUSDT,119177.56,120820.71,116812.76,117924.84,19924.66266,2367355518.470308,2805236,108465.763,97610.13790000002,65.54659921599536,3042.9929904806995,False,False,False
1752883200000,2025-07-19,BTCUSDT,117924.84,118499.9,117277.34,117840.0,6635.80306,783327898.4969696,1133382,108742.85339999999,97731.45790000001,65.22280595694995,2912.9620625892207,False,False,False
1752969600000,2025-07-20,BTCUSDT,117840.01,118856.8,116467.02,117265.12,12962.92889,1528864683.816082,1615935,108996.31820000001,97844.82455,62.95347130357087,2875.5919152614197,False,False,False
1753056000000,2025-07-21,BTCUSDT,117265.11,119676.73,116515.0,117380.36,17107.33128,2020783266.9633648,2509543,109231.0668,97946.80239999999,63.22966097508163,2896.0303498856038,False,False,False
1753142400000,2025-07-22,BTCUSDT,117380.36,120247.8,116128.0,119954.42,20959.12973,2481252763.6519103,2778733,109512.99539999999,98055.7036,68.82106952725437,2983.442467750918,False,False,False
1753228800000,2025-07-23,BTCUSDT,119954.43,120090.0,117301.0,118755.99,14558.75083,1722126986.886661,2101404,109780.57740000001,98158.38104999998,63.9456364850256,2969.5537200544236,False,False,False
1753315200000,2025-07-24,BTCUSDT,118756.0,119450.0,117103.1,118340.99,15806.89043,1873181653.201808,2081435,110053.46,98258.26795,62.2997562340714,2925.07845433625,False,False,False
1753401600000,2025-07-25,BTCUSDT,118340.98,118451.57,114723.16,117614.31,38406.34873,4456778786.620494,3282355,110375.5726,98335.1615,59.41592414337258,2982.4592790265183,False,False,False
1753488000000,2025-07-26,BTCUSDT,117614.31,118297.35,117138.38,117919.99,6991.67206,823629079.7493103,790372,110648.2036,98439.9884,60.24948043330188,2852.210044810339,False,False,False
1753574400000,2025-07-27,BTCUSDT,117919.99,119766.65,117825.5,119415.55,9328.30919,1107883542.1607983,1095080,110925.4716,98561.76309999998,64.1311472736441,2787.134327323886,False,False,False
1753660800000,2025-07-28,BTCUSDT,119415.56,119800.0,117427.5,118062.32,13961.74754,1655882235.896518,1824777,111172.038,98689.31225,58.55901203406964,2757.517589657894,False,False,False
1753747200000,2025-07-29,BTCUSDT,118062.32,119273.36,116950.75,117950.76,15137.93445,1788682083.6856463,1956694,111325.7928,98805.4355,58.11075129654267,2726.4527618251873,False,False,False
1753833600000,2025-07-30,BTCUSDT,117950.75,118792.0,115796.23,117840.3,15586.73631,1832696878.2229853,1997369,111477.11099999999,98921.63705,57.64026804402506,2745.689707409103,False,False,False
1753920000000,2025-07-31,BTCUSDT,117840.29,118922.45,115500.0,115764.08,17010.0073,2002870016.7022424,1859532,111619.4902,99027.73215,49.52399957208498,2794.0297283084524,False,False,False
1754006400000,2025-08-01,BTCUSDT,115764.07,116052.0,112722.58,113297.93,24487.10206,2810268577.1513696,4160829,111772.0142,99121.54129999998,41.9652341936957,2832.271890572134,False,False,False
1754092800000,2025-08-02,BTCUSDT,113297.92,114063.49,112003.0,112546.35,11507.33428,1301882737.326722,2165714,111901.6094,99201.46875,39.96335658521929,2777.144612674125,False,False,False
1754179200000,2025-08-03,BTCUSDT,112546.35,114799.97,111920.0,114208.8,7397.76046,841090034.1542541,1419281,112077.4926,99270.02600000001,46.08940033913553,2784.489283197402,False,False,False
1754265600000,2025-08-04,BTCUSDT,114208.81,115720.0,114107.6,115055.03,9667.67916,1109938874.0629709,1954230,112266.713,99345.36465,48.945181574859944,2700.768620111873,False,False,False
1754352000000,2025-08-05,BTCUSDT,115055.03,115127.81,112650.0,114129.75,12042.79078,1371861747.1466167,2581052,112413.4174,99395.62599999999,46.071413282889495,2684.8430043895964,False,False,False
1754438400000,2025-08-06,BTCUSDT,114129.75,115716.0,113355.13,114992.27,9761.15318,1118028732.8589184,2026500,112622.23939999999,99447.80619999999,49.073128488120624,2661.702075504625,False,False,False
1754524800000,2025-08-07,BTCUSDT,114992.27,117621.0,114259.0,117472.01,13468.56263,1564454297.836927,2314671,112873.944,99528.50839999999,56.55943446336092,2711.7233558257235,False,False,False
1754611200000,2025-08-08,BTCUSDT,117472.02,117630.0,115878.71,116674.74,10045.31278,1172199778.7242548,2095304,113114.26699999999,99600.58204999998,53.82007615446077,2643.120973266743,False,False,False
1754697600000,2025-08-09,BTCUSDT,116674.74,117944.05,116299.13,116462.25,9514.13144,1111837601.7023723,1390951,113377.55219999999,99652.1742,53.08215478904001,2571.82090374769,False,False,False
1754784000000,2025-08-10,BTCUSDT,116462.25,119311.11,116460.63,119294.01,14322.77073,1694198747.8718708,2317065,113721.0322,99730.11095,60.796413601878015,2591.725124908569,False,False,False
1754870400000,2025-08-11,BTCUSDT,119294.27,122335.16,118050.11,118686.0,26494.33429,3194611530.541069,4021743,114075.47480000001,99803.98925000001,58.56968148966964,2712.676901700814,False,False,False
1754956800000,2025-08-12,BTCUSDT,118686.0,120324.43,118207.47,120134.08,16720.10893,1992762473.5852573,2737841,114371.47780000001,99880.30715,62.127475376128174,2670.1256944364695,False,False,False
1755043200000,2025-08-13,BTCUSDT,120134.09,123667.79,118920.92,123306.43,23210.07102,2811581348.3874574,3712817,114715.9464,99973.10505000001,68.50775066920524,2818.464573405293,False,False,False
1755129600000,2025-08-14,BTCUSDT,123306.44,124474.0,117180.0,118295.09,27980.947586,3359128391.1085243,4350449,114935.0366,100051.4805,53.24722219193049,3138.1456753049147,False,False,False
1755216000000,2025-08-15,BTCUSDT,118295.09,119216.82,116803.99,117342.05,13623.33874,1607609329.685101,2895016,115142.93639999999,100127.77659999998,50.92398173400237,3086.3374127831353,False,False,False
1755302400000,2025-08-16,BTCUSDT,117342.04,117898.99,117143.98,117380.66,6393.68117,751719391.7723638,1179842,115349.59779999999,100208.0023,51.01722424361978,2919.814026155769,False,False,False
1755388800000,2025-08-17,BTCUSDT,117380.66,118575.0,117172.21,117405.01,5898.64192,695629197.9038073,1177563,115551.76219999998,100276.36115,51.080350758947496,2811.4551671446425,False,False,False
1755475200000,2025-08-18,BTCUSDT,117405.01,117543.75,114640.14,116227.05,17745.93954,2053814085.4717767,3346280,115709.1646,100333.8817,47.86656481818111,2818.0376552057396,False,False,False
1755561600000,2025-08-19,BTCUSDT,116227.05,116725.69,112732.58,112872.94,18065.47424,2065010895.8584664,3291182,115823.6934,100386.0986,40.125286771792986,2901.9713941196155,False,False,True
1755648000000,2025-08-20,BTCUSDT,112872.95,114615.38,112380.0,114271.24,15636.34194,1776149566.1247735,2998370,115995.49540000001,100454.27655000001,44.17841469504323,2854.357723111072,False,False,True
1755734400000,2025-08-21,BTCUSDT,114271.23,114821.76,112015.67,112500.0,10839.69235,1227373788.615563,2357380,116068.5034,100528.2736,40.44368384984378,2850.9100286031385,False,False,True
1755820800000,2025-08-22,BTCUSDT,112500.0,117429.05,111684.79,116935.99,23128.09037,2656625122.2777863,3438518,116215.5276,100606.31094999998,51.50162343289636,3057.577883702915,True,True,False
1755907200000,2025-08-23,BTCUSDT,116936.0,117030.0,114560.0,115438.05,11329.36197,1308825428.0143583,1559569,116364.60380000001,100694.68555,48.244159093677546,3015.608034866993,False,False,True
1755993600000,2025-08-24,BTCUSDT,115438.06,115666.68,110680.0,113493.59,21175.98462,2411284606.189176,2573906,116470.5132,100779.09135,44.32496782528248,3156.39888951935,False,False,True
1756080000000,2025-08-25,BTCUSDT,113493.59,113667.28,109274.1,110111.98,25182.79379,2805570653.6310234,4695718,116488.67600000002,100846.8795,38.471654519579005,3244.7403974108247,False,False,True
1756166400000,2025-08-26,BTCUSDT,110111.98,112371.0,108666.66,111763.22,18452.43877,2033437347.4999392,4077474,116558.6816,100923.1616,42.466891510402235,3277.5689404529085,False,False,True
1756252800000,2025-08-27,BTCUSDT,111763.22,112625.0,110345.42,111262.01,13392.60875,1493774927.1908317,3111496,116605.46220000001,100997.24795,41.58423797153509,3206.2840161348436,False,False,True
1756339200000,2025-08-28,BTCUSDT,111262.01,113485.9,110862.42,112566.9,11104.27744,1250788481.9453218,2066780,116632.12040000001,101077.76869999999,44.80093651610274,3164.6551578394974,False,False,True
1756425600000,2025-08-29,BTCUSDT,112566.9,112638.64,107463.9,108377.4,22580.31045,2475492492.5775294,3606959,116479.4684,101132.5016,37.63538455933719,3308.232646565248,False,False,True
1756512000000,2025-08-30,BTCUSDT,108377.4,108926.15,107350.1,108816.33,10708.39159,1160666772.7387524,1411040,116305.2418,101197.69225,38.74086526906538,3184.50531466773,False,False,True
1756598400000,2025-08-31,BTCUSDT,108816.33,109480.02,108076.93,108246.35,9489.51596,1031806894.3513318,1366633,116121.7688,101249.57405000001,37.803741949007346,3057.261363620036,False,False,True
1756684800000,2025-09-01,BTCUSDT,108246.36,109912.4,107255.0,109237.42,16053.60219,1742516638.781135,2729384,115924.78440000002,101312.72045,40.498885642416326,3028.6998376471756,False,False,True
1756771200000,2025-09-02,BTCUSDT,109237.43,111771.52,108393.39,111240.01,18510.28756,2042681451.9016385,2596328,115752.761,101381.41810000001,45.626090009149365,3053.659134958092,False,False,True
1756857600000,2025-09-03,BTCUSDT,111240.01,112575.27,110528.71,111705.71,11773.72084,1313762617.3436644,2214249,115631.7134,101452.09835000001,46.77469983328038,2981.7234824610855,False,False,True
1756944000000,2025-09-04,BTCUSDT,111705.72,112180.0,109329.12,110730.87,12203.13536,1349031325.5320847,2230255,115473.7222,101525.16209999999,44.64851615863752,2972.377519428151,False,False,True
1757030400000,2025-09-05,BTCUSDT,110730.87,113384.62,110206.96,110659.99,21587.40888,2413132200.623325,2970419,115303.3708,101599.56205000001,44.4901622415242,2987.040553754711,False,False,True
1757116800000,2025-09-06,BTCUSDT,110660.0,111307.7,109977.0,110187.97,5000.29897,552785936.5434699,795201,115148.63339999999,101672.1432,43.38659519055519,2868.7305142008026,False,False,True
1757203200000,2025-09-07,BTCUSDT,110187.98,111600.0,110180.0,111137.34,5681.29944,630447950.1588689,874961,115014.5802,101744.60805,46.27318843307345,2765.24976318646,False,False,True
1757289600000,2025-09-08,BTCUSDT,111137.35,112924.37,110621.78,112065.23,11582.40211,1295903862.4649603,1744598,114910.5824,101813.4092,49.00971356610209,2732.20263724457,False,False,True
1757376000000,2025-09-09,BTCUSDT,112065.23,113293.29,110766.66,111546.39,15379.28248,1721465997.906366,2143242,114793.903,101890.23125,47.551261839486294,2717.5188774413855,False,False,True
1757462400000,2025-09-10,BTCUSDT,111546.38,114313.13,110917.45,113960.0,17517.41823,1978834750.222312,2182534,114674.01460000001,101977.27620000001,54.356006844127826,2765.958957624144,False,False,True
1757548800000,2025-09-11,BTCUSDT,113960.0,115488.09,113430.0,115482.69,13676.73119,1562241144.956541,2166359,114608.5486,102073.39964999999,58.053454966602054,2715.3968892224193,True,True,False
1757635200000,2025-09-12,BTCUSDT,115482.69,116665.63,114740.99,116029.42,15324.10719,1772122269.5018637,2481491,114562.3172,102195.78235,59.32744492931373,2658.9142542779605,False,False,False
1757721600000,2025-09-13,BTCUSDT,116029.41,116298.78,115127.27,115918.29,8269.40394,957724220.6497612,1223635,114528.3968,102331.9718,58.93562116849717,2552.671093258106,False,False,False
1757808000000,2025-09-14,BTCUSDT,115918.29,116165.19,115135.0,115268.01,6707.60197,775762364.9685991,1237218,114475.35720000001,102487.0614,56.580799779012416,2443.9224437396697,False,False,False
1757894400000,2025-09-15,BTCUSDT,115268.01,116757.99,114384.0,115349.71,13212.51149,1522648235.2235153,2857989,114394.04040000001,102640.26705,56.81426744436955,2438.9272691868364,False,False,False
1757980800000,2025-09-16,BTCUSDT,115349.71,116964.27,114737.11,116788.96,10926.9094,1265779287.5169268,2047058,114368.5732,102802.46214999999,60.811859240879436,2423.8010356734912,False,False,False
1758067200000,2025-09-17,BTCUSDT,116788.96,117286.73,114720.81,116447.59,16754.2454,1946083704.6217456,3227418,114338.5098,102954.37744999999,59.40719982744614,2433.9523902682417,False,False,False
1758153600000,2025-09-18,BTCUSDT,116447.6,117900.0,116092.76,117073.53,11657.23365,1367513347.486509,2252654,114323.17440000002,103068.3951,61.17793425017837,2389.1872195347964,False,False,False
1758240000000,2025-09-19,BTCUSDT,117073.53,117459.99,115100.0,115632.38,8992.09065,1045792401.4532388,1732471,114320.54040000001,103215.45395,55.20678359931031,2387.1017038537398,False,False,False
1758326400000,2025-09-20,BTCUSDT,115632.39,116121.81,115408.47,115685.63,4674.92752,541264273.2416894,740451,114368.2944,103357.4722,55.38007903575288,2267.5472964356154,False,False,False
1758412800000,2025-09-21,BTCUSDT,115685.63,115819.06,115188.0,115232.29,4511.52219,521299751.1504096,945965,114422.0132,103480.60359999999,53.48302394174688,2150.655346690214,False,False,False
1758499200000,2025-09-22,BTCUSDT,115232.29,115379.25,111800.0,112650.99,20781.71356,2348872511.6988754,3045876,114390.85700000002,103594.1991,44.19897016340033,2252.6978219266275,False,False,True
1758585600000,2025-09-23,BTCUSDT,112650.99,113290.5,111458.73,111998.8,12301.3203,1383869800.273703,2455729,114329.73240000001,103720.18435000001,42.20549412534148,2222.6315489318686,False,False,True
1758672000000,2025-09-24,BTCUSDT,111998.8,113940.0,111042.66,113307.0,12369.25967,1394470628.502582,2229837,114313.2774,103855.6071,47.33640062192369,2270.825009722449,False,False,True
1758758400000,2025-09-25,BTCUSDT,113307.01,113510.23,108631.51,108994.49,21231.14957,2356639689.9252143,4409953,114193.32180000002,103996.9077,35.99254371044552,2457.103223313703,False,False,True
1758844800000,2025-09-26,BTCUSDT,108994.49,110300.0,108620.07,109643.46,14243.01591,1557098915.9392595,3257155,114036.7508,104152.14570000001,38.38546213020098,2401.5908502198668,False,False,True
1758931200000,2025-09-27,BTCUSDT,109643.46,109743.91,109064.4,109635.85,5501.78643,601947588.9970765,919594,113895.97300000001,104285.66,38.36734856948472,2278.5850752041624,False,False,True
1759017600000,2025-09-28,BTCUSDT,109635.85,112350.0,109189.99,112163.95,7542.3316,832254944.3203354,1484866,113810.00700000001,104428.07914999999,47.2694692168405,2341.543998403865,False,False,True
1759104000000,2025-09-29,BTCUSDT,112163.96,114400.0,111560.65,114311.96,15541.12005,1755247635.871136,2442653,113710.366,104594.06005000001,53.42495886316377,2377.1015699464465,True,True,False
1759190400000,2025-09-30,BTCUSDT,114311.97,114792.0,112656.27,114048.93,15044.15633,1710713267.1300955,3018331,113617.6246,104744.38870000001,52.61499863301021,2359.8607435217,False,False,False
1759276800000,2025-10-01,BTCUSDT,114048.94,118649.1,113966.67,118594.99,20036.39516,2332096981.265933,3430343,113586.8428,104915.67145,63.04355603883289,2525.758547555865,False,False,False
1759363200000,2025-10-02,BTCUSDT,118594.99,121022.07,118279.31,120529.35,19670.83503,2349861127.3445807,3472073,113531.30119999999,105105.44555,66.4291332014578,2541.258651301875,False,False,False
1759449600000,2025-10-03,BTCUSDT,120529.35,123894.99,119248.3,122232.0,23936.328,2907381076.681319,4246820,113610.0394,105296.55540000001,69.11146566283112,2691.6466047803124,False,False,False
1759536000000,2025-10-04,BTCUSDT,122232.21,122800.0,121510.0,122391.0,8208.16678,1002272903.3446472,1703590,113711.0184,105494.93525000001,69.35768831294358,2591.5289901531473,False,False,False
1759622400000,2025-10-05,BTCUSDT,122390.99,125708.42,122136.0,123482.31,22043.097553,2730817470.939564,3690670,113833.05140000001,105678.11709999999,71.06268902668548,2661.592633713637,False,False,False
1759708800000,2025-10-06,BTCUSDT,123482.32,126199.63,123084.0,124658.54,19494.628793,2428828952.2653184,4206167,113978.12200000002,105880.29285,72.81822469600041,2694.0238741626636,False,False,False
1759795200000,2025-10-07,BTCUSDT,124658.54,125126.0,120574.94,121332.95,21633.99385,2657405799.8705487,4390785,114080.24,106066.51365000001,61.46453051160839,2826.669311722473,False,False,False
1759881600000,2025-10-08,BTCUSDT,121332.96,124197.25,121066.14,123306.0,17012.618,2084842842.4416163,4184997,114288.90120000001,106263.8407,64.9556826781203,2848.415075170868,False,False,False
1759968000000,2025-10-09,BTCUSDT,123306.01,123762.94,119651.47,121662.4,21559.36007,2621438087.566733,4231167,114436.72439999999,106441.7402,60.07329456796012,2938.6332840872346,False,False,False
1760054400000,2025-10-10,BTCUSDT,121662.41,122550.0,102000.0,112774.5,64171.93927,7349750905.041157,11404522,114442.2144,106568.1219,41.78353378502561,4196.588049509575,False,False,True
1760140800000,2025-10-11,BTCUSDT,112774.49,113322.39,109561.59,110644.4,35448.51652,3961069473.231136,6661929,114316.3826,106684.37955,38.739391902946615,4165.460331687463,False,False,True
1760227200000,2025-10-12,BTCUSDT,110644.4,115770.0,109565.06,114958.8,32255.30272,3638546528.740156,6048575,114306.79759999999,106824.6277,47.1396871510029,4311.137450852644,True,False,False
1760313600000,2025-10-13,BTCUSDT,114958.81,115963.81,113616.5,115166.0,22557.24033,2591831660.985749,5739352,114340.2458,106964.29765,47.511931289232535,4170.864061506027,False,False,False
1760400000000,2025-10-14,BTCUSDT,115166.0,115409.96,109866.0,113028.14,31870.32974,3578140778.8084984,7425642,114398.56899999999,107107.31645,44.064017315268096,4268.942342827026,False,False,True
1760486400000,2025-10-15,BTCUSDT,113028.13,113612.35,110164.0,110763.28,22986.48811,2569639641.3527684,5243141,114378.5702,107247.89015,40.69472537632856,4210.328604053667,False,False,True
1760572800000,2025-10-16,BTCUSDT,110763.28,111982.45,107427.0,108194.28,29857.17252,3277596494.7619195,6127094,114317.21560000001,107376.9116,37.21840541716823,4234.980132335548,False,False,True
1760659200000,2025-10-17,BTCUSDT,108194.27,109240.0,103528.23,106431.68,37920.66838,4022645635.221202,7570685,114194.5112,107496.31995,35.008711636870515,4340.465122883009,False,False,True
1760745600000,2025-10-18,BTCUSDT,106431.68,107499.0,106322.2,107185.01,11123.18766,1189002999.143113,2105450,114170.6634,107606.4533,36.73748074651303,4114.48904267708,False,False,True
1760832000000,2025-10-19,BTCUSDT,107185.0,109450.07,106103.36,108642.78,15480.66423,1670074079.5802343,3205640,114167.1924,107737.08575000001,40.06014141443005,4059.64768248586,False,False,True
1760918400000,2025-10-20,BTCUSDT,108642.77,111705.56,107402.52,110532.09,19193.4416,2119912185.5934684,4283542,114212.90719999999,107873.68075,44.15397928585643,4077.032848022584,False,False,True
1761004800000,2025-10-21,BTCUSDT,110532.09,114000.0,107473.72,108297.67,37228.01659,4114477849.932055,6004063,114194.11219999999,107995.71974999999,40.620470729346124,4251.979073163828,False,False,True
1761091200000,2025-10-22,BTCUSDT,108297.66,109163.88,106666.69,107567.44,28610.78451,3090291706.4439816,5547903,114120.6608,108115.867,39.50772019506451,4126.636996509269,False,False,True
1761177600000,2025-10-23,BTCUSDT,107567.45,111293.61,107500.0,110078.18,17573.09294,1924582289.4113936,3721614,114088.1102,108274.10789999999,45.07857000413986,4102.849353901464,False,False,True
1761264000000,2025-10-24,BTCUSDT,110078.19,112104.98,109700.01,111004.89,15005.16913,1662806764.9533324,3241022,114093.59060000001,108433.31615,47.018010894638195,3981.5722571942174,False,False,True
1761350400000,2025-10-25,BTCUSDT,111004.9,111943.19,110672.86,111646.27,6407.96864,714201332.9751225,1238199,114113.31619999999,108609.93539999999,48.37675068993644,3787.912095966059,False,False,True
1761436800000,2025-10-26,BTCUSDT,111646.27,115466.8,111260.45,114559.4,13454.47737,1525108635.874829,2463951,114200.7448,108769.65629999999,54.1306205736559,3817.8005176827696,True,True,False
1761523200000,2025-10-27,BTCUSDT,114559.41,116400.0,113830.01,114107.65,21450.23241,2470872744.548968,3660488,114260.151,108942.15805,53.14145024418315,3728.6711949911437,False,False,True
1761609600000,2025-10-28,BTCUSDT,114107.65,116086.0,112211.0,112898.45,15523.42257,1772753529.8642745,3829845,114276.81539999999,109089.5311,50.482247691292315,3739.1232524917764,False,False,True
1761696000000,2025-10-29,BTCUSDT,112898.44,113643.73,109200.0,110021.29,21079.71376,2356715986.533545,4481480,114246.3134,109213.25305,44.74488890202738,3789.452305885221,False,False,True
1761782400000,2025-10-30,BTCUSDT,110021.3,111592.0,106304.34,108322.88,25988.82838,2827221287.422797,6373451,114133.571,109336.06745000002,41.72991191232456,3896.467141179134,False,False,True
1761868800000,2025-10-31,BTCUSDT,108322.87,111190.0,108275.28,109608.01,21518.20439,2361590437.9414105,5256872,114016.07740000001,109461.14959999999,44.76283340071486,3826.342345380625,False,False,True
1761955200000,2025-11-01,BTCUSDT,109608.01,110564.49,109394.81,110098.1,7378.50431,812389216.4346799,1994214,113897.451,109593.42015,45.91887815665024,3636.5807492820095,False,False,True
1762041600000,2025-11-02,BTCUSDT,110098.1,111250.01,109471.34,110540.68,12107.00087,1336870531.1415012,2652188,113789.89880000001,109725.97165,46.997672894815835,3503.8728386190087,False,False,True
1762128000000,2025-11-03,BTCUSDT,110540.69,110750.0,105306.56,106583.04,28681.18779,3076006652.001568,7074546,113616.1994,109834.14730000001,39.424344421755954,3642.413350146223,False,False,True
1762214400000,2025-11-04,BTCUSDT,106583.05,107299.0,98944.36,101497.22,50534.87376,5197697635.212413,9099609,113339.14959999999,109919.25994999999,32.235565679430806,3979.0009679929212,False,False,True
1762300800000,2025-11-05,BTCUSDT,101497.23,104534.74,98966.8,103885.16,33778.77571,3454273922.7003846,6500368,113081.07359999999,110013.30069999998,37.95610288057125,4092.496613136284,False,False,True
1762387200000,2025-11-06,BTCUSDT,103885.16,104200.0,100300.95,101346.04,25814.62139,2641767846.305827,5755001,112779.0426,110094.13470000001,34.61040881958921,4078.678997912264,False,False,True
1762473600000,2025-11-07,BTCUSDT,101346.04,104096.36,99260.86,103339.08,32059.50942,3251112979.3058844,6335759,112504.35359999999,110173.24895,39.14480770130149,4132.737640918531,False,False,True
1762560000000,2025-11-08,BTCUSDT,103339.09,103406.22,101454.0,102312.94,12390.77985,1267165565.37527,2743819,112237.9648,110217.59870000002,37.69545085310706,3976.9863808529217,False,False,True
1762646400000,2025-11-09,BTCUSDT,102312.95,105495.62,101400.0,104722.96,16338.97096,1687020822.3668208,3404204,112018.7114,110272.75809999999,43.03054334756964,3985.460210791998,False,False,True
1762732800000,2025-11-10,BTCUSDT,104722.95,106670.11,104265.02,106011.13,22682.25673,2400141664.3893414,4710957,111834.28820000001,110332.91140000001,45.70666547143168,3872.576624306855,False,False,True
1762819200000,2025-11-11,BTCUSDT,106011.13,107500.0,102476.09,103058.99,24196.50718,2532279071.0069213,5532149,111642.44819999998,110375.01295,40.95820116646575,3954.8147225706516,False,False,True
1762905600000,2025-11-12,BTCUSDT,103059.0,105333.33,100813.59,101654.37,20457.63906,2108514405.260877,5314132,111435.5596,110410.14480000001,38.88807567001142,3995.1665281013197,False,False,True
1762992000000,2025-11-13,BTCUSDT,101654.37,104085.01,98000.4,99692.02,36198.50771,3654698026.540381,8125404,111163.26,110439.8584,36.13989670191257,4144.412490379797,False,False,True
1763078400000,2025-11-14,BTCUSDT,99692.03,99866.02,94012.45,94594.0,47288.14481,4566085156.747207,9551025,110875.2502,110437.7725,30.174052027778046,4266.495169638384,False,False,True
1763164800000,2025-11-15,BTCUSDT,94594.0,96846.68,94558.49,95596.24,15110.89391,1449074019.067485,4263558,110594.3058,110444.4696,32.53201853564707,4125.187657521356,False,False,True
1763251200000,2025-11-16,BTCUSDT,95596.23,96635.11,93005.55,94261.44,23889.4051,2261295524.8173394,5141394,110286.8176,110444.91679999999,31.029153867957206,4089.7856819841163,False,False,True
1763337600000,2025-11-17,BTCUSDT,94261.45,96043.0,91220.0,92215.14,39218.59806,3674562070.238606,8134322,109887.8414,110423.54295,28.830302603405997,4142.158133270965,False,False,True
1763424000000,2025-11-18,BTCUSDT,92215.14,93836.01,89253.78,92960.83,39835.14769,3641033186.3004575,8786593,109460.8188,110403.91139999998,30.755972921772155,4173.591838037324,False,False,True
1763510400000,2025-11-19,BTCUSDT,92960.83,92980.22,88608.0,91554.96,32286.6376,2925773651.2559576,6822174,109010.93939999999,110382.4041,29.154344991931453,4187.779563891801,False,False,True
1763596800000,2025-11-20,BTCUSDT,91554.96,93160.0,86100.0,86637.23,39733.19073,3548950335.0984216,7841395,108371.7842,110344.20215,24.373043515431036,4392.938166470959,False,False,True
1763683200000,2025-11-21,BTCUSDT,86637.22,87498.94,80600.0,85129.43,72256.12679,6061348756.341564,11826480,107663.7858,110296.18089999999,23.12101703362731,4571.938297437319,False,False,True
1763769600000,2025-11-22,BTCUSDT,85129.42,85620.0,83500.0,84739.74,14193.93263,1197657354.9690385,4697593,106913.9406,110235.70950000001,22.79510118416367,4396.799847620368,False,False,True
1763856000000,2025-11-23,BTCUSDT,84739.75,88127.64,84667.57,86830.0,19734.46418,1708685030.2798696,5063493,106202.7206,110184.70700000001,28.608260718537124,4329.890572790342,False,False,True
1763942400000,2025-11-24,BTCUSDT,86830.0,89228.0,85272.0,88300.01,24663.12795,2150393686.9203186,6189156,105499.07459999999,110109.89904999999,32.4598004790155,4303.184103305318,False,False,True
1764028800000,2025-11-25,BTCUSDT,88300.01,88519.99,86116.0,87369.96,19567.0411,1708989000.038937,4838747,104753.30299999999,110031.8889,31.308932837661587,4167.5273816406525,False,False,True
1764115200000,2025-11-26,BTCUSDT,87369.97,90656.08,86306.77,90484.02,21675.82239,1916851896.6699688,4668280,104136.3244,109960.26135,39.09531311658503,4180.511854380606,False,False,True
1764201600000,2025-11-27,BTCUSDT,90484.01,91950.0,90089.91,91333.95,16833.50932,1535778106.578708,3920172,103496.88339999999,109896.34109999999,41.059093966084546,4014.767436210562,False,False,True
1764288000000,2025-11-28,BTCUSDT,91333.94,93092.0,90180.63,90890.7,18830.86012,1721418035.0795596,4229754,102881.4494,109836.83799999999,40.328783216043014,3935.953333624093,False,False,True
1764374400000,2025-11-29,BTCUSDT,90890.71,91165.65,90155.47,90802.44,7429.88291,673725652.9787655,1677860,102442.0082,109770.3316,40.17554750149966,3726.9695240795145,False,False,True
1764460800000,2025-11-30,BTCUSDT,90802.44,92000.01,90336.9,90360.0,9687.74175,884051773.1655338,2154030,102036.3202,109704.5925,39.36800856894709,3579.5509866452635,False,False,True
1764547200000,2025-12-01,BTCUSDT,90360.01,90417.0,83822.76,86286.01,34509.01227,2977024047.2231607,7709685,101462.86439999999,109617.204,32.82526166500769,3794.8859161706023,False,False,True
1764633600000,2025-12-02,BTCUSDT,86286.01,92307.65,86184.39,91277.88,28210.22732,2519515177.662365,6397299,100985.102,109556.2739,44.907266075089574,3961.1983507298446,False,False,True
1764720000000,2025-12-03,BTCUSDT,91277.88,94150.0,90990.23,93429.95,25712.52585,2386223626.8613906,6733182,100593.1382,109507.7904,49.1532109298541,3903.9534685348563,False,False,True
1764806400000,2025-12-04,BTCUSDT,93429.95,94080.0,90889.0,92078.06,19803.94059,1836645629.33462,5856049,100219.43380000001,109435.90939999999,46.71748123760383,3853.0282207823666,False,False,True
1764892800000,2025-12-05,BTCUSDT,92078.06,92692.36,88056.0,89330.04,19792.97218,1788436983.8106546,5520352,99842.149,109354.6909,42.145621703912255,3908.9804907264834,False,False,True
1764979200000,2025-12-06,BTCUSDT,89330.04,90289.97,88908.01,89236.79,8409.50016,753420679.8063259,2482221,99498.25120000001,109266.6249,41.995435795476126,3728.479027103164,False,False,True
1765065600000,2025-12-07,BTCUSDT,89236.8,91760.0,87719.28,90395.31,13021.11185,1167866486.8455212,3953071,99162.4572,109170.38149999999,44.63511123361207,3750.7819537386526,False,False,True
1765152000000,2025-12-08,BTCUSDT,90395.32,92287.15,89612.0,90634.34,15793.63887,1436920018.893613,5458731,98802.2884,109065.07214999999,45.189337335062945,3673.9510999001773,False,False,True
1765238400000,2025-12-09,BTCUSDT,90634.35,94588.99,89500.0,92678.8,21240.43014,1956261065.6071727,5940223,98445.2226,108991.87465,49.81659378220456,3775.025307050165,False,False,True
1765324800000,2025-12-10,BTCUSDT,92678.81,94476.0,91563.15,92015.37,18998.68083,1758773276.2478049,6025707,98119.5766,108913.14195,48.38899461201939,3713.4413565465825,False,False,True
1765411200000,2025-12-11,BTCUSDT,92015.38,93555.0,89260.63,92513.38,19972.58758,1814322119.065849,6250438,97818.49539999999,108830.68789999999,49.55756779887947,3754.936259650398,False,False,True
1765497600000,2025-12-12,BTCUSDT,92513.38,92754.0,89480.0,90268.42,16679.19169,1521683425.5648005,4956719,97422.3002,108734.85605,44.64975585117383,3720.5836696753695,False,False,True
1765584000000,2025-12-13,BTCUSDT,90268.43,90634.55,89766.39,90240.01,5895.70788,532250544.59040153,1363754,97007.00259999999,108641.36525,44.58957496587842,3516.839121841415,False,False,True
1765670400000,2025-12-14,BTCUSDT,90240.0,90472.4,87577.36,88172.17,9416.94004,839079130.8378651,3115749,96537.5206,108543.3172,40.32883045731516,3472.424898852742,False,False,True
1765756800000,2025-12-15,BTCUSDT,88172.16,90052.64,85146.64,86432.08,19778.6919,1732823429.5017283,6747167,95974.9742,108447.52885,37.11487655554104,3574.823120363261,False,False,True
1765843200000,2025-12-16,BTCUSDT,86432.08,88175.98,85266.0,87863.42,18456.05017,1604673428.6527836,6099692,95450.0896,108366.91855,41.26157178503832,3527.334326051599,False,False,True
1765929600000,2025-12-17,BTCUSDT,87863.43,90365.85,85314.0,86243.22,19834.11729,1733348496.6703594,6058638,94916.985,108275.17525,38.19161196435064,3636.2283027621997,False,False,True
1766016000000,2025-12-18,BTCUSDT,86243.23,89477.61,84450.01,85516.41,25405.41763,2204223872.6696463,6946947,94426.8874,108174.54265,36.866490553930724,3735.611995422043,False,False,True
1766102400000,2025-12-19,BTCUSDT,85516.41,89399.97,85110.24,88136.94,21256.65004,1863236625.932864,6482253,94023.16859999999,108085.9374,44.36216672601305,3775.191852891897,False,False,True
1766188800000,2025-12-20,BTCUSDT,88136.95,88573.07,87795.76,88360.9,5123.13194,451919022.72775954,1174426,93598.2264,108000.85745,44.96357186005764,3561.0574348281907,False,False,True
1766275200000,2025-12-21,BTCUSDT,88360.91,89081.77,87600.04,88658.86,7132.87258,629720971.7866651,2030666,93169.4416,107920.66745,45.80292545990814,3412.534046626178,False,False,True
1766361600000,2025-12-22,BTCUSDT,88658.87,90588.23,87900.0,88620.79,14673.2197,1310235631.747926,4847747,92731.04380000001,107856.22799999999,45.70701032836388,3360.7980432957365,False,False,True
1766448000000,2025-12-23,BTCUSDT,88620.79,88940.0,86601.9,87486.0,13910.32904,1219899607.2677548,4465080,92349.103,107772.21579999998,42.828026169839575,3287.7481830603274,False,False,True
1766534400000,2025-12-24,BTCUSDT,87486.0,88049.89,86420.0,87669.45,9140.8432,797460526.4738462,2877239,92072.54759999999,107682.80230000001,43.44816660343838,3169.3297414131616,False,False,True
1766620800000,2025-12-25,BTCUSDT,87669.44,88592.74,86934.72,87225.27,7096.58235,622970453.6497648,1992172,91739.34980000001,107590.25865,42.25310188170038,3061.379045597936,False,False,True
1766707200000,2025-12-26,BTCUSDT,87225.27,89567.75,86655.08,87369.56,18344.61505,1616722115.636646,4509482,91459.8202,107475.79135,42.8034678684245,3050.756970912369,False,False,True
1766793600000,2025-12-27,BTCUSDT,87369.56,87984.0,87253.05,87877.01,4469.55156,391274205.274436,957536,91150.5788,107363.80445,44.796132164779394,2885.0564729900566,False,False,True
1766880000000,2025-12-28,BTCUSDT,87877.0,88088.75,87435.0,87952.71,4446.29285,390327299.1502763,1241426,90863.3742,107260.34239999998,45.10338599509396,2725.6774392050525,False,False,True
1766966400000,2025-12-29,BTCUSDT,87952.71,90406.08,86806.5,87237.13,19894.98575,1762011993.0377953,4793589,90513.65759999999,107168.1694,42.684871080576116,2788.099050690406,False,False,True
1767052800000,2025-12-30,BTCUSDT,87237.13,89400.0,86845.66,88485.49,13105.91001,1155016404.4786751,3542176,90163.14479999998,107080.26389999999,47.93041002220376,2771.4019756410908,False,False,True
1767139200000,2025-12-31,BTCUSDT,88485.5,89200.0,87250.0,87648.22,11558.62047,1019746835.2795268,2897396,89854.92940000001,106991.43180000002,44.95845270930277,2712.7304059524413,False,False,True
1767225600000,2026-01-01,BTCUSDT,87648.21,88919.45,87550.43,88839.04,6279.57133,552991635.2911001,1449281,89598.62280000001,106907.65695,49.732472552577775,2616.751091241553,False,False,True
1767312000000,2026-01-02,BTCUSDT,88839.05,90961.81,88379.88,89995.13,17396.97301,1558958860.8870876,5010211,89404.685,106823.65994999999,53.91186301058467,2614.2638704385845,True,False,False
1767398400000,2026-01-03,BTCUSDT,89995.14,90741.16,89314.01,90628.01,7057.46716,635514773.6093655,1684214,89325.3652,106754.04415000002,56.06537246279441,2529.4700225501147,False,False,False
1767484800000,2026-01-04,BTCUSDT,90628.01,91810.0,90628.0,91529.73,10426.5297,952160980.5212084,2207037,89244.035,106687.25889999999,59.0045656708663,2433.2221637965354,False,False,False
1767571200000,2026-01-05,BTCUSDT,91529.74,94789.08,91514.81,93859.71,20673.59584,1927455243.548076,5485489,89236.0004,106633.26449999999,65.43852897382061,2493.2970092396404,False,False,False
1767657600000,2026-01-06,BTCUSDT,93859.71,94444.44,91262.94,93747.97,18546.41829,1728045542.2983751,5018686,89266.65699999999,106585.51440000001,64.91237633479258,2542.454365722523,False,False,False
1767744000000,2026-01-07,BTCUSDT,93747.97,93747.97,90675.52,91364.16,14276.49025,1311906952.9749737,4340252,89234.72360000001,106531.73515000001,54.791087885005524,2580.3111967423424,False,False,False
1767916800000,2026-01-09,BTCUSDT,91100.0,92082.55,89694.66,90641.28,15590.27939,1416907180.1870482,4155703,89216.45,106480.12219999998,52.13631204563912,2566.5668255464607,False,False,False
1768003200000,2026-01-10,BTCUSDT,90641.27,90832.0,90404.0,90504.7,3104.11722,281321375.4802981,766357,89293.79939999999,106405.97604999998,51.62732916671013,2413.812052293142,False,False,False
1768089600000,2026-01-11,BTCUSDT,90504.7,91283.89,90236.0,91013.65,5477.13594,497245863.9319499,1282029,89411.4838,106330.6293,53.45099783207713,2316.2461914150604,False,False,False
1768176000000,2026-01-12,BTCUSDT,91013.66,92519.95,90128.44,91296.2,16188.08268,1479964862.2693062,4099509,89542.61300000001,106250.4074,54.47707703459983,2321.622177742556,False,False,False
1768262400000,2026-01-13,BTCUSDT,91296.2,96495.0,91042.66,95414.0,23021.51482,2149770801.117704,5025071,89714.293,106192.74209999999,66.178085980864,2545.244879332373,False,False,False
1768348800000,2026-01-14,BTCUSDT,95413.99,97924.49,94559.28,96951.78,22851.89428,2201535821.648615,5346212,89887.3284,106142.26305,69.34679727269055,2603.8138165229184,False,False,False
1768435200000,2026-01-15,BTCUSDT,96951.78,97193.34,95134.48,95604.8,21725.81369,2093008182.8437335,4493095,90052.02520000002,106083.80309999999,63.71582458664661,2564.8885439141386,False,False,False
1768521600000,2026-01-16,BTCUSDT,95604.81,95871.47,94293.46,95550.94,11167.7146,1064019408.0772512,2971559,90153.3636,106019.77315,63.493811642146554,2494.3972193488426,False,False,False
1768608000000,2026-01-17,BTCUSDT,95550.94,95639.45,95021.67,95147.77,4280.80137,408161941.6719079,1020527,90229.64,105959.77949999999,61.75905649646293,2360.3531322524964,False,False,False
1768694400000,2026-01-18,BTCUSDT,95147.77,95531.12,93615.4,93673.14,6895.17819,654773743.2677119,1488785,90285.28880000001,105899.7395,55.758426679394496,2328.59362280589,False,False,False
1768780800000,2026-01-19,BTCUSDT,93673.14,93673.14,91910.2,92631.0,14295.52747,1326770336.049047,3359066,90321.86,105818.6465,51.91913329088951,2288.1897926054694,False,False,False
1768953600000,2026-01-21,BTCUSDT,88427.66,90574.0,87263.53,89454.73,20617.50372,1837708115.359704,6419053,90303.75459999999,105717.99625,42.34824517419193,2508.138378847936,False,False,True
1769040000000,2026-01-22,BTCUSDT,89454.73,90359.99,88515.37,89559.67,10825.50492,969910623.3559886,3743412,90369.22780000001,105625.8734,42.72391512665877,2460.744208930227,False,False,True
1769126400000,2026-01-23,BTCUSDT,89559.68,91224.99,88578.36,89600.26,13918.48919,1248772265.678843,4619907,90335.67540000001,105532.8841,42.878958326316706,2474.0217654352114,False,False,True
1769212800000,2026-01-24,BTCUSDT,89600.26,89957.39,89162.08,89225.34,4226.56737,378464146.0918812,959854,90251.58320000001,105432.99160000001,41.75464228698321,2354.1137821898387,False,False,True
1769299200000,2026-01-25,BTCUSDT,89225.34,89319.13,86074.72,86670.36,14426.22019,1264233689.8415809,3720178,90143.4292,105325.0287,35.0163657577085,2417.706369176279,False,False,True
1769385600000,2026-01-26,BTCUSDT,86670.36,88860.0,86509.63,88347.08,17766.51453,1560135758.989215,4798083,90123.77,105222.1492,41.669103958415995,2412.8966285208303,False,False,True
1769472000000,2026-01-27,BTCUSDT,88347.08,89523.16,87304.33,89250.0,13125.40425,1160026853.5895033,3787336,90124.03420000002,105112.22925,44.93814723520018,2399.034726483628,False,False,True
1769558400000,2026-01-28,BTCUSDT,89249.99,90600.0,88833.65,89299.99,14332.18502,1283919840.851472,4385791,90102.12779999999,104978.6792,45.12152328676484,2353.8429603062264,False,False,True
1769644800000,2026-01-29,BTCUSDT,89300.0,89348.0,83383.33,84650.16,30431.38201,2610381587.910004,5598749,89982.4442,104814.2917,33.83429030224215,2611.75917742721,False,False,True
1769731200000,2026-01-30,BTCUSDT,84650.16,84735.75,81118.0,84260.49,35195.84793,2918624066.481832,8998829,89814.07800000001,104648.49415000001,33.08730894502429,2683.615664753838,False,False,True
1769817600000,2026-01-31,BTCUSDT,84260.5,84270.02,75719.9,78741.09,39491.89133,3155264093.623044,7384976,89548.59240000001,104446.76640000001,24.75170038201547,3102.651688699993,False,False,True
1769904000000,2026-02-01,BTCUSDT,78741.1,79424.0,75700.0,76968.21,25395.48168,1974920557.0473864,8001906,89237.689,104232.40155,22.767593139893748,3147.033710935708,False,False,True
1769990400000,2026-02-02,BTCUSDT,76968.22,79360.0,74604.0,78738.61,42273.59016,3260752444.46133,10085578,89007.09280000001,104037.30415000001,28.89708213859531,3261.9598744403,False,False,True
1770076800000,2026-02-03,BTCUSDT,78738.6,79186.81,72945.5,75770.21,39120.10889,2986903008.574792,9199445,88717.69679999999,103823.00305,25.275049053128654,3474.7705976945645,False,False,True
1770163200000,2026-02-04,BTCUSDT,75770.21,76971.52,71888.0,73165.83,38375.36,2852834631.5391464,10724002,88417.57,103592.94440000001,22.598668397356306,3589.68126928781,False,False,True
1770249600000,2026-02-05,BTCUSDT,73165.84,73341.18,62345.0,62909.86,106298.82899,7198745594.280694,15364010,87947.12559999998,103317.86949999999,15.595303225755032,4118.716892910109,False,False,True
1770336000000,2026-02-06,BTCUSDT,62909.87,71751.33,60000.0,70580.26,92539.21531,6134056670.6115055,13228528,87601.4624,103081.57079999999,32.454792568878915,4663.90354341653,False,False,True
1770422400000,2026-02-07,BTCUSDT,70580.26,71690.07,67300.0,69289.38,44255.48036,3058983879.069153,7167427,87262.38560000001,102841.69210000001,31.320918471024015,4644.344004601065,False,False,True
1770508800000,2026-02-08,BTCUSDT,69289.37,72271.41,68888.0,70330.38,21420.53168,1510003758.6528418,4870449,86958.665,102606.4422,33.34337347319686,4554.277289986703,False,False,True
1770595200000,2026-02-09,BTCUSDT,70330.38,71453.53,68308.0,70138.0,29152.72842,2038959539.4209776,6644769,86598.68620000001,102357.36009999999,33.149097108950286,4453.652483559082,False,False,True
1770681600000,2026-02-10,BTCUSDT,70138.0,70527.59,67800.0,68841.29,20373.77072,1408623623.359925,4558658,86208.29400000001,102107.7866,31.80398169823897,4330.362306162005,False,False,True
1770768000000,2026-02-11,BTCUSDT,68841.28,69292.88,65756.0,67082.52,28718.24602,1930513947.5441144,6956577,85776.76719999999,101851.49424999999,30.02441886400642,4273.684998579005,False,False,True
1770854400000,2026-02-12,BTCUSDT,67082.52,68410.52,65118.0,66272.17,24271.74283,1622162145.3342068,6778280,85329.79479999999,101594.78355000001,29.21334321275154,4203.60178439479,False,False,True
1770940800000,2026-02-13,BTCUSDT,66272.17,69482.97,65872.46,68853.96,20244.54955,1371286022.3300548,6450842,84957.15400000001,101349.4534,35.2178213061499,4161.238085509448,False,False,True
1771027200000,2026-02-14,BTCUSDT,68853.97,70560.01,68730.13,69822.95,18114.78393,1260259314.3600264,3803163,84600.224,101101.49040000001,37.36526684751811,3994.712507973058,False,False,True
1771113600000,2026-02-15,BTCUSDT,69822.94,70983.0,68000.0,68832.58,22290.05208,1545094572.1368144,4598633,84232.37019999999,100855.3417,36.049939019815554,3922.4473288321255,False,False,True
1771200000000,2026-02-16,BTCUSDT,68832.59,70126.67,67294.11,68892.43,15515.76534,1062797918.2535973,5233849,83862.8276,100610.05004999999,36.196111101549235,3844.5982339155453,False,False,True
1771286400000,2026-02-17,BTCUSDT,68892.43,69241.5,66621.06,67503.52,16489.06921,1117987651.294812,5994853,83455.3578,100358.36615,34.240177490109545,3757.1583600644353,False,False,True
1771372800000,2026-02-18,BTCUSDT,67503.52,68476.22,65870.0,66461.0,15492.43839,1040493524.6521236,4548997,83025.5236,100111.85075000001,32.80714635213418,3674.9484772026904,False,False,True
1771459200000,2026-02-19,BTCUSDT,66461.0,67320.0,65631.83,67003.73,14542.26988,968863572.7821528,4679351,82620.85560000001,99880.37975,34.347619783017066,3533.0357288310697,False,False,True
1771545600000,2026-02-20,BTCUSDT,67003.73,68318.39,66280.2,68020.01,35351.87091,2378079150.567848,5044912,82211.546,99657.74805,37.248753315674705,3426.261033914565,False,False,True
1771632000000,2026-02-21,BTCUSDT,68020.0,68698.7,67534.69,67975.93,8032.84131,547592078.8471988,1593539,81818.1002,99426.58369999999,37.17202664160452,3264.671674349239,False,False,True
1771718400000,2026-02-22,BTCUSDT,67975.93,68245.0,67190.0,67643.4,8175.13484,553613335.5774136,2160900,81394.1874,99189.52554999999,36.56021560212552,3106.837983324293,False,False,True
1771804800000,2026-02-23,BTCUSDT,67643.39,67684.86,63888.79,64656.02,33075.90923,2158158656.1215167,8268695,80887.4052,98942.15690000002,31.538157756387108,3156.068841658272,False,False,True
1771891200000,2026-02-24,BTCUSDT,64656.01,65026.75,62510.28,64058.15,23102.83622,1469512159.7199354,7553629,80356.008,98687.4863,30.631299603391085,3110.383210111253,False,False,True
1771977600000,2026-02-25,BTCUSDT,64058.15,69988.83,63913.27,67988.04,30749.99259,2064089702.8444352,7096715,79885.1742,98440.06645,42.36303951977036,3322.181552246164,False,False,True
1772064000000,2026-02-26,BTCUSDT,67988.04,68860.0,66500.0,67485.18,20737.77792,1404774665.564561,5426137,79357.6836,98194.11865,41.39825075124256,3253.454298514295,False,False,True
1772150400000,2026-02-27,BTCUSDT,67485.19,68216.8,64914.46,65872.1,21228.58424,1412033823.5619729,3856064,78800.1662,97941.16790000001,38.378786683559035,3256.9461343347025,False,False,True
1772236800000,2026-02-28,BTCUSDT,65872.09,67760.0,63030.0,66973.26,22548.71649,1462864408.2615664,5268514,78312.34820000001,97679.56414999999,41.51476683059968,3362.1642675965095,False,False,True
1772323200000,2026-03-01,BTCUSDT,66973.26,68199.99,65056.0,65776.47,23201.85859,1545783742.9062,5312013,77815.052,97415.0165,39.18093244308146,3346.580391339616,False,False,True
1772409600000,2026-03-02,BTCUSDT,65776.48,70096.0,65259.21,68830.06,32010.38431,2164578841.845917,8397526,77381.5592,97158.49639999999,47.31863654742716,3453.023934815358,False,False,True
1772496000000,2026-03-03,BTCUSDT,68830.06,69258.08,66158.0,68338.0,24972.2418,1691848669.9430182,7648119,76928.0462,96883.65424999999,46.24485102891308,3427.8136537571186,False,False,True
1772582400000,2026-03-04,BTCUSDT,68338.01,74050.0,67400.0,72666.77,44919.0761,3202864447.6324606,8618302,76555.4576,96655.51264999999,55.756682317575994,3657.969821345896,False,False,True
1772668800000,2026-03-05,BTCUSDT,72666.77,73558.15,70645.47,70890.72,26590.51253,1917514690.3878336,6709160,76064.992,96423.25600000001,51.713499689432595,3604.7348341069032,False,False,True
1772755200000,2026-03-06,BTCUSDT,70891.02,71419.98,67744.78,68114.02,22629.88722,1574601198.874888,5302899,75488.2368,96176.92280000001,46.08671100089333,3609.768060242124,False,False,True
1772841600000,2026-03-07,BTCUSDT,68114.02,68551.04,66915.26,67262.91,12719.54315,861729861.8530488,2067476,74921.399,95926.2123,44.48881350530156,3468.7689130819726,False,False,True
1772928000000,2026-03-08,BTCUSDT,67262.91,68200.0,65618.49,65971.2,21593.63901,1447522160.3154547,3028392,74329.8042,95674.93304999999,42.10292845228414,3405.3932764332603,False,False,True
1773014400000,2026-03-09,BTCUSDT,65971.2,69516.65,65821.97,68432.16,28896.7213,1967622051.44968,5093667,73795.492,95452.72915000001,47.84202619482436,3426.056613830884,False,False,True
1773100800000,2026-03-10,BTCUSDT,68432.16,71777.0,68391.41,69948.63,32602.57726,2292525621.4405203,5176064,73321.0018,95231.1161,51.06126862077643,3423.1661414143923,False,False,True
1773187200000,2026-03-11,BTCUSDT,69948.64,71321.0,68977.91,70191.86,27249.27542,1911300596.234168,4759855,72872.219,95019.57539999999,51.577504444409016,3346.017845599078,False,False,True
1773273600000,2026-03-12,BTCUSDT,70191.86,70800.0,69205.91,70541.34,21997.1605,1540745224.5101063,4344059,72493.9512,94787.60214999999,52.3551844832792,3220.880142342001,False,False,True
1773360000000,2026-03-13,BTCUSDT,70541.34,73913.74,70386.01,70930.0,35996.61678,2591768526.296148,5312490,72121.3578,94565.0619,53.254324702861126,3242.797989317573,False,False,True
1773446400000,2026-03-14,BTCUSDT,70930.01,71307.92,70317.0,71211.95,13017.24737,921308630.9462768,1661739,71753.59159999999,94353.65370000001,53.933503153963336,3081.9495615091746,False,False,True
1773532800000,2026-03-15,BTCUSDT,71211.95,73199.0,70858.82,72815.24,14037.30704,1007334955.2436514,2509013,71425.3896,94167.17,57.697371958864274,3028.966021401376,True,False,False
1773619200000,2026-03-16,BTCUSDT,72815.25,74909.08,72270.41,74884.67,28409.53019,2095859511.564864,5396482,71189.6758,93982.77725,62.01178319097051,3001.087734158421,False,False,False
1773705600000,2026-03-17,BTCUSDT,74884.67,76000.0,73399.19,73909.36,24521.26636,1825976731.3326728,4863187,70900.92139999999,93796.01400000001,58.95976877418464,2972.4964674328194,False,False,False
1773792000000,2026-03-18,BTCUSDT,73909.37,74672.34,70500.0,71246.54,23392.88093,1692949838.9777424,4733897,70540.8522,93589.4122,51.50632857632305,3058.199576901903,False,False,False
1773878400000,2026-03-19,BTCUSDT,71246.55,71613.79,68793.35,69930.0,22364.81819,1566573949.8604126,4972526,70153.4524,93397.1752,48.25808901378109,3041.2167499803377,False,False,True
1774224000000,2026-03-23,BTCUSDT,67859.0,71817.09,67445.18,70906.45,28335.09119,1980755169.231694,6509730,69878.5782,93207.6258,50.73943585112918,3136.266267838885,True,False,False
1774310400000,2026-03-24,BTCUSDT,70906.45,71400.0,68923.07,70556.74,20702.42244,1455361229.2099645,4191328,69604.50319999999,93019.17775,49.81798142607908,3089.1708201361075,False,False,False
1774483200000,2026-03-26,BTCUSDT,71336.53,71436.82,68153.0,68820.31,20820.45768,1447699734.3398397,3597702,69406.0876,92817.09220000001,45.408391010689144,3103.074332983529,False,False,True
1774569600000,2026-03-27,BTCUSDT,68820.31,69179.05,65548.25,66407.28,28603.69557,1917318222.709913,4159306,69194.869,92592.92855000001,40.09693675753229,3140.7690234847055,False,False,True
1774656000000,2026-03-28,BTCUSDT,66407.28,67288.94,65932.09,66377.03,11462.39847,762676255.4470605,1687368,68947.6374,92366.28514999998,40.033717325295,3013.346236092941,False,False,True
1774742400000,2026-03-29,BTCUSDT,66377.04,67130.5,65000.0,66010.93,10052.85584,667003517.6059871,2146177,68752.4518,92142.68545,39.22761471039252,2950.2857906577315,False,False,True
1774828800000,2026-03-30,BTCUSDT,66010.93,68169.65,65800.59,66797.37,18353.38975,1234617690.8920753,3902849,68625.08260000001,91923.37234999999,41.93249546073235,2908.7696627536075,False,False,True
1774915200000,2026-03-31,BTCUSDT,66797.38,68589.49,65998.05,68284.48,22105.40662,1490168487.4548745,4846820,68732.575,91713.8549,46.758159503489146,2886.1032582712073,False,False,True
1775001600000,2026-04-01,BTCUSDT,68284.49,69310.0,67578.75,68113.92,19020.1899,1301708227.0745244,3741910,68683.2482,91498.73779999999,46.28308145528408,2803.613739823264,False,False,True
1775088000000,2026-04-02,BTCUSDT,68113.92,68653.38,65712.12,66901.99,20203.47916,1349223461.5270572,4189133,68635.5004,91272.9216,42.94422778943378,2813.4456155501744,False,False,True
1775174400000,2026-04-03,BTCUSDT,66901.99,67370.42,66282.0,66964.3,11429.13131,763535606.9777882,2023104,68568.1788,91050.01115,43.17121864462756,2690.229500153733,False,False,True
1775260800000,2026-04-04,BTCUSDT,66964.29,67562.93,66775.91,67300.42,7373.51613,494932017.4232442,1356179,68511.42719999999,90816.71324999999,44.454953679108215,2554.285964428466,False,False,True
1775347200000,2026-04-05,BTCUSDT,67300.42,69136.2,66611.66,69034.18,11733.46752,791661977.3234502,2106257,68515.28499999999,90584.4707,50.64783259311704,2552.161252683575,True,False,False
1775433600000,2026-04-06,BTCUSDT,69034.18,70351.46,68300.0,68853.66,20281.61044,1408020173.0961628,4695523,68550.70779999999,90348.5919,50.02246784236774,2516.3968774918917,False,False,False
1775520000000,2026-04-07,BTCUSDT,68853.66,72761.0,67732.01,71924.22,23750.49661,1649637855.842697,4871706,68663.7488,90128.62155000001,59.24119432033983,2695.8678148139,False,False,False
1775606400000,2026-04-08,BTCUSDT,71924.22,72857.0,70707.23,71069.93,19802.68627,1418484188.0521238,3843988,68708.0682,89907.63115,56.13856530446196,2656.860828041479,False,False,False
1775692800000,2026-04-09,BTCUSDT,71069.93,73145.0,70466.0,71787.97,18158.42159,1300323816.009336,3773025,68747.3686,89689.82244999999,58.12375396541981,2658.4421974670877,False,False,False
1775779200000,2026-04-10,BTCUSDT,71787.98,73434.0,71426.15,72962.7,17372.63288,1259195636.055663,3176308,68829.97099999999,89470.69115,61.21647228717916,2611.971326219439,False,False,False
1775865600000,2026-04-11,BTCUSDT,72962.71,73790.0,72513.09,73043.16,9070.94374,662437113.7096702,1472041,68912.9856,89253.66900000001,61.426601859286365,2516.6098029180507,False,False,False
1775952000000,2026-04-12,BTCUSDT,73043.16,73137.24,70505.88,70740.98,13472.46801,962825891.8165911,2068779,68977.73479999999,89022.00625,52.63863488194905,2524.8062455667614,False,False,False
1776038400000,2026-04-13,BTCUSDT,70741.56,74900.0,70566.99,74417.99,24230.21625,1753370318.1841662,3673539,69136.8746,88815.9343,61.99164176600549,2653.9636565977066,False,False,False
1776297600000,2026-04-16,BTCUSDT,74809.99,75534.76,73309.85,75154.29,17088.68777,1274894123.7496114,3581890,69299.8858,88613.2776,63.54416725206159,2623.316966840727,False,False,False
1776384000000,2026-04-17,BTCUSDT,75154.28,78333.0,74529.4,77072.0,25941.36694,1987343208.84067,4931167,69480.9256,88422.47615,67.29158371024658,2707.622897780676,False,False,False
1776470400000,2026-04-18,BTCUSDT,77072.01,77420.08,75445.16,75691.76,9141.84456,698008567.9340073,1941112,69635.2422,88237.68,62.325785610849366,2655.2869765106275,False,False,False
1776556800000,2026-04-19,BTCUSDT,75691.76,76240.66,73762.9,73801.79,11369.82232,854915370.4407915,2739751,69758.41,88046.69494999999,56.20905216898678,2642.6064781884406,False,False,False
1776643200000,2026-04-20,BTCUSDT,73801.8,76558.62,73724.31,75840.97,16993.41034,1280503914.3710752,3563591,69982.109,87859.36480000001,60.69157742800623,2656.2995868892663,False,False,False
1776729600000,2026-04-21,BTCUSDT,75840.97,76927.57,74821.57,76336.15,14912.57132,1132118272.5583112,3616213,70227.66900000001,87696.07309999998,61.716387827881434,2616.992473540033,False,False,False
1776816000000,2026-04-22,BTCUSDT,76336.14,79472.82,76132.95,78178.23,19737.51225,1543732085.5463338,3757077,70431.4728,87538.74695,65.33678958139328,2668.6265825728888,False,False,False
1776902400000,2026-04-23,BTCUSDT,78178.22,78662.5,76960.0,78257.48,16970.79501,1321349698.354246,3571796,70646.9188,87381.8551,65.48800268230156,2599.6175409605394,False,False,False
1776988800000,2026-04-24,BTCUSDT,78257.48,78581.93,77264.08,77437.13,12675.14315,986932564.6001964,2581973,70878.2194,87208.22099999999,62.4510036519746,2508.0627166062145,False,False,False
1777075200000,2026-04-25,BTCUSDT,77437.13,77885.35,77140.23,77625.0,5685.1142,440684004.3451535,806542,71091.2542,87024.78619999999,62.87560873188682,2382.1382368486284,False,False,False
1777161600000,2026-04-26,BTCUSDT,77625.0,78961.0,77326.51,78657.55,7963.56162,621991973.4848,1476971,71348.8758,86847.8293,65.20449527819147,2328.7347913594413,False,False,False
1777248000000,2026-04-27,BTCUSDT,78657.55,79485.66,76459.64,77371.32,16046.92418,1247833550.0841925,2982889,71519.701,86641.71095000001,60.143134700877724,2378.5408776909103,False,False,False
1777334400000,2026-04-28,BTCUSDT,77371.32,77478.0,75666.6,76342.77,13210.72383,1010412673.5550212,2352446,71679.79639999999,86420.77805,56.37466382973153,2338.0308149987018,False,False,False
1777420800000,2026-04-29,BTCUSDT,76342.78,77904.93,74937.52,75780.0,18279.93022,1399735858.345528,3032890,71742.061,86188.51805,54.36738475099838,2382.9864710702227,False,False,False
1777507200000,2026-04-30,BTCUSDT,75780.0,76669.14,75323.65,76346.57,10381.81607,790584591.6891539,2569480,71851.178,85958.2959,56.06350455822009,2308.879580279493,False,False,False
1777593600000,2026-05-01,BTCUSDT,76346.58,78914.12,76320.42,78231.13,17315.46502,1347837835.9195642,2388458,72053.5202,85732.04,61.22603324186346,2329.2238959738147,False,False,False
1777680000000,2026-05-02,BTCUSDT,78231.13,79199.48,78040.0,78686.85,6150.87642,482238389.4494098,936143,72281.999,85502.18155,62.3772584924005,2245.6707605471133,False,False,False
1777766400000,2026-05-03,BTCUSDT,78686.84,79447.0,78084.08,78568.57,7425.7929,584294330.4516287,1352474,72533.9464,85288.35965,61.86385952061742,2182.6171347937484,False,False,False
1777852800000,2026-05-04,BTCUSDT,78568.58,80776.99,78202.0,79861.01,26042.96135,2074174850.5114396,3734604,72762.5234,85071.1347,65.23130702570286,2210.643768022767,False,False,False
1777939200000,2026-05-05,BTCUSDT,79861.01,81791.48,79808.72,80905.52,16947.17995,1374319029.230936,2490930,72981.6612,84867.35029999999,67.71263193359215,2194.3663560211403,False,False,False
1778025600000,2026-05-06,BTCUSDT,80905.53,82850.0,80731.14,81447.01,18798.77396,1535650624.7612484,2794707,73206.7642,84710.71285,68.94978217204658,2188.973044876773,False,False,False
1778112000000,2026-05-07,BTCUSDT,81447.01,81708.32,79500.0,80006.0,16154.80338,1300766382.102334,2540329,73396.0574,84557.52084999999,62.12742588679123,2190.3549702427185,False,False,False
1778198400000,2026-05-08,BTCUSDT,80006.0,80500.0,79181.48,80193.17,16001.31009,1278566045.4172618,2265372,73581.3208,84383.69270000001,62.644449721928616,2128.0810437968103,False,False,False
1778284800000,2026-05-09,BTCUSDT,80193.18,81080.0,80129.85,80678.4,7548.42177,607596225.98642,1002373,73770.6498,84211.25469999999,64.01593773790711,2043.9431120970378,False,False,False
1778371200000,2026-05-10,BTCUSDT,80678.41,82479.32,80279.77,82210.07,12034.31882,977223714.2634743,1801608,73958.54639999999,84057.16435,68.00868006305714,2055.0578898043923,False,False,False
1778457600000,2026-05-11,BTCUSDT,82210.07,82380.0,80462.97,81745.65,12951.76056,1053193670.8757555,2576396,74095.766,83912.0762,65.63075118844004,2045.1987548183643,False,False,False
1778544000000,2026-05-12,BTCUSDT,81745.66,81788.0,79843.59,80504.47,12386.25676,1000180167.4406768,2345137,74227.6682,83773.62715,59.629971852609636,2037.999558045624,False,False,False
1778630400000,2026-05-13,BTCUSDT,80504.47,81324.64,78754.65,79313.61,14810.05643,1184929842.8688238,2350570,74389.0096,83638.0368,54.482782083377934,2075.99887532808,False,False,False
1778716800000,2026-05-14,BTCUSDT,79313.61,82048.13,78922.0,81089.99,19727.86807,1590656475.0187972,3101046,74612.2094,83507.5617,60.025787950063624,2151.0082413760747,False,False,False
1778803200000,2026-05-15,BTCUSDT,81090.0,81664.45,78659.0,79113.21,17351.27079,1387152674.368868,3184114,74776.3446,83359.91385,52.381228606225584,2212.039795563498,False,False,False
1778889600000,2026-05-16,BTCUSDT,79113.2,79227.77,77640.0,78148.05,12132.86192,949890656.658851,1597661,74928.1708,83197.99365,49.093725042368476,2167.4490958803913,False,False,False
1778976000000,2026-05-17,BTCUSDT,78148.05,78599.99,76735.16,77457.67,8442.7022,658061481.644852,1570433,75100.918,83043.79365,46.829678760424336,2145.8334461746495,False,False,False
1779062400000,2026-05-18,BTCUSDT,77457.67,77800.0,76051.0,77001.87,18745.51678,1439862031.891971,3529328,75312.80979999999,82890.9658,45.342922998150975,2117.4882000193174,False,False,False
1779148800000,2026-05-19,BTCUSDT,77001.88,77414.62,76144.71,76834.36,11024.85978,846904378.3078035,2315121,75521.95640000001,82724.7467,44.780250009938726,2056.946900017937,False,False,False
1779235200000,2026-05-20,BTCUSDT,76834.36,77853.04,76516.74,77552.23,11296.26307,873091271.471635,2437754,75752.7824,82557.4834,47.77144231942295,2005.4721214452263,False,False,False
1779840000000,2026-05-27,BTCUSDT,75930.01,76174.15,74243.99,74449.3,16877.77483,1270680262.9088244,3367068,75905.821,82371.49855,38.15150165395657,2098.5269699134237,False,False,True
1780099200000,2026-05-30,BTCUSDT,73460.78,74143.76,73216.0,73884.38,7515.40909,553989386.1115208,1124406,76017.81899999999,82168.12345,36.70240222430484,2036.7250434910366,False,False,True
1780185600000,2026-05-31,BTCUSDT,73884.38,74275.66,73400.0,73674.39,6986.45707,515907532.5891972,1363437,76129.0284,81965.95715,36.15270481444192,1953.7918260988201,False,False,True
1780272000000,2026-06-01,BTCUSDT,73674.39,74092.0,70686.68,71408.9,23921.09184,1723958338.6828775,4237773,76219.1666,81758.50940000001,30.79417140959667,2057.472409948905,False,False,True
1780876800000,2026-06-08,BTCUSDT,63332.01,64200.0,62408.0,63085.99,23053.38624,1462563286.7512205,4887564,76141.6004,81523.8329,19.41120629889319,2553.431523523983,False,False,True
1781049600000,2026-06-10,BTCUSDT,61730.0,62857.99,60755.0,61510.99,15998.71652,986710883.5893748,4655686,76025.8118,81289.77345,18.051368651397212,2537.5428432722697,False,False,True
1781136000000,2026-06-11,BTCUSDT,61510.99,63933.02,61510.99,63625.99,17380.94642,1093211866.433885,3446803,75917.648,81059.86335,25.58980819602263,2529.291925895679,False,False,True
1781222400000,2026-06-12,BTCUSDT,63626.0,64394.44,62829.81,63580.01,16397.0524,1042661512.679604,3154052,75812.175,80827.2729,25.534814142578682,2460.3875026174164,False,False,True
1781308800000,2026-06-13,BTCUSDT,63580.0,64762.77,63418.66,64458.01,9960.74163,637302050.4867933,1489009,75662.8508,80596.85955,28.686414947384236,2380.6533952876007,False,False,True
1781395200000,2026-06-14,BTCUSDT,64458.01,65800.0,63678.83,65746.45,13203.03375,853654539.2638302,2060901,75556.3812,80392.6766,33.15723025139134,2362.118867052772,False,False,True
1781481600000,2026-06-15,BTCUSDT,65746.45,67292.15,65354.0,66328.74,18559.80102,1230675240.537974,3140494,75447.1966,80216.8342,35.136365859528425,2331.8353765490024,False,False,True
1781568000000,2026-06-16,BTCUSDT,66328.74,66992.0,65360.92,65675.01,14302.05801,945125184.2518406,2964629,75301.44279999999,80025.78345,33.92200868435329,2281.7814210812166,False,False,True
1781654400000,2026-06-17,BTCUSDT,65675.02,66445.93,63915.77,64509.4,19048.65409,1242898548.082235,3933123,75130.76759999999,79841.60025,31.810925074108184,2299.5227481468437,False,False,True
1781740800000,2026-06-18,BTCUSDT,64509.4,64806.0,62272.07,62958.01,16935.59661,1076015381.1924088,3573931,74975.1082,79639.6949,29.205707435666213,2316.266123279212,False,False,True
1781827200000,2026-06-19,BTCUSDT,62958.01,63666.0,62316.44,63543.91,14247.424,896102952.7753174,2671918,74757.6266,79445.84975000001,31.487746921274052,2247.215685902125,False,False,True
1781913600000,2026-06-20,BTCUSDT,63543.9,64388.0,63184.21,64298.01,9522.10324,607077211.7557423,1970081,74540.50099999999,79243.725,34.417964868448095,2172.685279766259,False,False,True
1782000000000,2026-06-21,BTCUSDT,64298.01,64588.0,63270.0,63311.99,8034.66333,514862175.7362123,1768294,74265.3008,79030.22929999999,32.462903044288524,2111.6363312115263,False,False,True
1782086400000,2026-06-22,BTCUSDT,63312.0,65622.83,63312.0,64020.01,15423.10851,995034557.156346,3521337,74031.8658,78835.0344,35.304696740236224,2125.8651646964177,False,False,True
1782172800000,2026-06-23,BTCUSDT,64020.01,64275.38,61938.0,62734.57,20222.99292,1268093221.2502334,3626190,73810.5214,78640.4354,32.62097169683642,2140.973367218102,False,False,True
1782259200000,2026-06-24,BTCUSDT,62734.57,63239.06,59102.7,61077.99,30678.28543,1871885814.3078947,5367531,73515.2618,78447.36525,29.507899995969794,2283.5009838453802,False,False,True
1782345600000,2026-06-25,BTCUSDT,61078.0,61962.4,58115.01,59794.0,30386.00694,1822854100.0700865,5683275,73184.4188,78273.36525,27.33079949772231,2395.2073421421387,False,False,True
1782432000000,2026-06-26,BTCUSDT,59794.64,60759.99,58337.0,60097.27,27403.55723,1636102058.3778124,6019134,72822.7996,78095.8704,28.66945313128963,2397.1918177034145,False,False,True
1782518400000,2026-06-27,BTCUSDT,60097.27,60941.17,59855.16,60029.0,9587.22916,578765263.0698456,1763416,72458.23,77924.70820000001,28.54198922851738,2303.5359735817415,False,False,True
1782604800000,2026-06-28,BTCUSDT,60029.01,60545.01,58905.0,59577.01,8907.13796,533333220.8111167,2299232,72101.0276,77761.51755,27.665023829314407,2256.141261183046,False,False,True
1782691200000,2026-06-29,BTCUSDT,59577.01,60780.57,58900.01,60260.21,20203.14178,1210648237.7440157,4884336,71753.7318,77598.01445,31.110543197985947,2229.3140282413997,False,False,True
1782777600000,2026-06-30,BTCUSDT,60260.2,60276.54,58201.0,58624.71,19639.82787,1157911191.4893565,3804809,71353.07500000001,77433.3632,27.70803308589865,2218.3301690812996,False,False,True
1782864000000,2026-07-01,BTCUSDT,58624.71,61334.0,57800.19,60024.0,25093.44662,1491051306.8189511,4166849,71006.1286,77300.29705,34.32603561782287,2312.293014146921,False,False,True
1782950400000,2026-07-02,BTCUSDT,60024.0,62200.0,59588.0,61560.0,21382.14163,1308156569.720092,3883096,70710.47320000001,77182.4499,40.73920259214123,2333.7006559935694,False,False,True
1783036800000,2026-07-03,BTCUSDT,61560.0,62979.86,61248.86,62583.26,14048.98627,870359931.583285,2571531,70446.5384,77071.6675,44.619087866266995,2290.650609136886,False,False,True
1783123200000,2026-07-04,BTCUSDT,62583.26,63461.99,62328.24,63144.01,9139.8274,574233846.0826051,1643288,70182.4872,76953.23755,46.679314901512136,2208.014851341394,False,False,True
1783209600000,2026-07-05,BTCUSDT,63144.01,63999.0,62436.59,63650.0,9172.07758,577866444.607444,1790183,69890.86460000002,76829.9875,48.53962465087586,2161.900219102724,False,False,True
1783296000000,2026-07-06,BTCUSDT,63650.01,64700.0,61306.84,64042.02,21435.28437,1347956046.4032269,3777895,69597.96800000001,76713.3478,49.99525705241087,2249.8473463096725,False,False,True
1783382400000,2026-07-07,BTCUSDT,64042.93,64314.0,62671.39,63363.99,16834.20823,1069267686.8886092,3282102,69293.8764,76577.74764999999,47.492990064456535,2206.4732501446956,False,False,True
1783468800000,2026-07-08,BTCUSDT,63364.0,63761.99,61544.56,62290.0,18620.09796,1160087170.620036,3598487,68942.4562,76432.52789999999,43.757137287032535,2207.2558751343604,False,False,True
1783555200000,2026-07-09,BTCUSDT,62290.01,63500.0,61705.29,63230.0,16742.80672,1050849813.269484,3176050,68588.9458,76294.22439999999,47.63933536607504,2177.7883126247634,False,False,True
1783641600000,2026-07-10,BTCUSDT,63230.01,64692.83,62926.01,64161.72,17589.00122,1126097961.002051,2927425,68243.24,76161.0208,51.23254543801246,2148.433433151566,False,False,True
1783728000000,2026-07-11,BTCUSDT,64161.72,64504.11,63819.0,63819.0,9151.97432,587469874.5668087,1406178,67919.5,76028.3158,49.876688755769514,2043.9103307835971,False,False,True
1783900800000,2026-07-13,BTCUSDT,63780.0,64425.0,61824.97,62334.52,21682.50204,1361096729.9510434,3349712,67562.327,75908.55835,44.396043356989686,2083.6331642990544,False,False,True
1783987200000,2026-07-14,BTCUSDT,62334.52,65100.0,62272.2,65043.98,20552.41384,1310854500.6805303,3080945,67249.6386,75777.38885,54.27256477578287,2136.7879382776937,False,False,True
1784073600000,2026-07-15,BTCUSDT,65043.99,65600.0,64485.0,64756.28,18401.89741,1195648323.7685184,2668919,66900.5628,75634.0205,53.19215696125876,2063.8030855435727,False,False,True
1784160000000,2026-07-16,BTCUSDT,64756.28,64997.52,63748.74,63830.2,18764.52679,1206498386.3771937,2813481,66542.2538,75492.7812,49.75841810706378,2005.5871508618889,False,False,True
1784246400000,2026-07-17,BTCUSDT,63830.2,64387.99,62537.56,63931.67,18189.89389,1152546029.3402517,3239296,66210.7978,75365.78935,50.13822360459382,1994.504497228897,False,False,True
1784332800000,2026-07-18,BTCUSDT,63931.67,64865.0,63886.65,64834.22,8031.18012,515954648.6863699,1088701,65921.21,75243.7765,53.50505937519935,1921.9220331411186,False,False,True
1784419200000,2026-07-19,BTCUSDT,64834.21,64967.25,64280.0,64722.54,8379.91474,541559101.9129945,1464337,65593.86099999999,75115.41265,53.027917453323624,1833.731173631039,False,False,True
1784505600000,2026-07-20,BTCUSDT,64722.55,65799.0,63100.0,65255.51,21323.48702,1379182710.2630444,3606847,65316.707,74988.51849999999,55.086379356500096,1895.5360898002505,False,False,True
1784851200000,2026-07-24,BTCUSDT,65098.98,65808.59,63739.75,64139.99,16821.2718,1086879409.1640515,2467691,65036.5458,74845.82445,50.134199765809846,1907.9149405288038,False,False,True
1784937600000,2026-07-25,BTCUSDT,64140.0,64475.28,63810.0,64375.0,8863.0503,568282056.0835841,1005338,64774.892400000004,74707.6226,51.13093509300768,1819.1553019196035,False,False,True
1785024000000,2026-07-26,BTCUSDT,64375.01,65577.0,64293.81,65399.99,7933.06089,513834097.46235937,1138023,64542.8548,74572.05565000001,55.325215783425946,1780.8720660682034,True,False,False
1785110400000,2026-07-27,BTCUSDT,65400.0,65744.6,63605.56,63755.86,14791.90543,961311197.9853868,2921636,64281.284799999994,74439.49285,48.18177475397728,1806.4554899204752,False,False,True
1785196800000,2026-07-28,BTCUSDT,63755.86,64100.0,62742.47,63915.0,13889.82996,881901504.4936239,2679943,64008.540199999996,74307.8678,48.86993342869494,1774.389383497584,False,False,True
1785283200000,2026-07-29,BTCUSDT,63915.0,64744.81,63267.34,63984.28,16780.11912,1075624907.649938,3615294,63799.239799999996,74186.92835,49.18630687361302,1753.1808561048997,True,False,False
1785369600000,2026-07-30,BTCUSDT,63984.29,65176.6,63603.92,64780.02,17131.58486,1104856756.9244137,3246691,63617.1526,74078.66805000001,52.798936531122905,1740.2879378116927,False,False,False
1785456000000,2026-07-31,BTCUSDT,64780.03,65409.56,62466.0,62887.88,20475.60686,1302023180.8966825,2740238,63401.4224,73953.79035,44.666964400931036,1826.2359422537145,False,False,True
1785542400000,2026-08-01,BTCUSDT,62887.88,63150.0,62275.0,62823.64,7563.08904,475812069.762356,831983,63229.7172,73836.69245,44.41684042863917,1758.2905178070207,False,False,True
1785628800000,2026-08-02,BTCUSDT,62823.65,63796.33,62806.58,63570.0,8387.01154,531238376.4212737,1286064,63239.397399999994,73726.9604,48.05624023107758,1703.3947665350909,True,False,False
1785715200000,2026-08-03,BTCUSDT,63570.01,64080.0,62300.0,63520.0,15543.29743,983698515.9557792,2494364,63279.5776,73603.8757,47.830298754728794,1708.8665689254415,False,False,False
1785801600000,2026-08-04,BTCUSDT,63520.0,64549.16,63322.01,64106.56,13690.47909,875057683.2964723,2388039,63289.18899999999,73482.604,50.75534281962611,1674.4582425736244,False,False,False
1785888000000,2026-08-05,BTCUSDT,64106.55,65025.22,63880.0,64665.23,12742.85528,820929974.2552497,2402227,63310.8934,73362.63585,53.43337864800672,1636.6555109612227,False,False,False
1785974400000,2026-08-06,BTCUSDT,64665.24,64999.0,64172.0,64323.61,9864.43284,637366646.7167077,2087951,63308.2054,73241.14995,51.58597610102986,1578.8229744639928,False,False,False
1786060800000,2026-08-07,BTCUSDT,64323.61,65390.99,64166.0,64923.19,11807.40403,765604113.5355587,2283383,63291.74020000001,73128.3359,54.55570500069155,1553.5491905737076,False,False,False
1786147200000,2026-08-08,BTCUSDT,64923.2,65192.54,64784.19,64962.6,5760.14298,374451358.83061993,540447,63264.417400000006,73014.80165,54.752170977670005,1471.7492483898714,False,False,False
1786233600000,2026-08-09,BTCUSDT,64962.6,65474.46,64730.08,64901.59,7031.23606,457366207.4042235,803981,63248.949,72903.18324999999,54.36036628816964,1419.794302076309,False,False,False
1786320000000,2026-08-10,BTCUSDT,64901.59,65391.14,63806.27,63970.01,13638.40877,880502559.6531125,2054347,63238.1612,72786.1855,48.63714929276091,1431.5854233565728,False,False,False
1786406400000,2026-08-11,BTCUSDT,63970.01,64515.43,63238.0,63600.0,12891.63248,823992195.6659181,1660517,63251.001,72664.80045000001,46.54123402565152,1420.5743216882463,False,False,False
1786492800000,2026-08-12,BTCUSDT,63600.01,64500.0,63310.34,63479.99,13627.06822,868963134.2285607,1990499,63249.7226,72542.43685,45.85108342766657,1404.0804415676575,False,False,False
1786579200000,2026-08-13,BTCUSDT,63479.99,64010.0,62802.27,63490.86,10793.85853,685844694.2494848,2078777,63233.5796,72423.7055,45.92929388171609,1390.0554100271108,False,False,False
1786665600000,2026-08-14,BTCUSDT,63490.86,63617.45,62535.24,63043.56,12340.82899,777408844.7057978,2184530,63228.210999999996,72296.49585,43.16633602776951,1368.0664521680317,False,False,True
1786752000000,2026-08-15,BTCUSDT,63043.56,63187.98,62920.0,63086.01,5405.16038,340890632.3578836,540313,63209.530999999995,72173.6848,43.51362554307532,1289.488848441744,False,False,True
1786838400000,2026-08-16,BTCUSDT,63086.01,63390.0,62716.0,62900.0,4737.23135,298698048.5551315,640294,63212.8396,72043.9896,42.29405036503956,1245.5253592673337,False,False,True
1786924800000,2026-08-17,BTCUSDT,62900.0,64610.01,62751.1,64532.1,14255.64713,909366051.0685228,2111256,63281.9218,71916.67445,54.37676543544297,1289.338547891096,True,False,False
1787011200000,2026-08-18,BTCUSDT,64532.11,65058.81,64027.85,64725.42,11789.91312,759405329.8294214,1608019,63380.5502,71787.1615,55.5636195063761,1270.8829373274461,False,False,False
1787097600000,2026-08-19,BTCUSDT,64725.42,70000.0,64166.0,69334.79,29054.29976,1954769139.093191,4160596,63565.300599999995,71676.1868,73.35909736546321,1596.8198703754856,False,False,False
1787184000000,2026-08-20,BTCUSDT,69334.78,73400.0,68902.22,73025.15,35904.79287,2562053707.6099834,6249114,63825.2236,71572.01400000001,80.19689349036388,1804.031308205808,False,False,False
1787270400000,2026-08-21,BTCUSDT,73027.02,79500.0,73027.02,78338.03,44339.56568,3401672760.033361,8928944,64200.444,71494.96429999999,85.83403867395658,2137.6612147625365,False,False,False
1787356800000,2026-08-22,BTCUSDT,78338.03,78828.15,76500.0,77074.93,18524.50847,1433768388.597238,3950045,64536.73840000001,71423.51815,80.00326705758748,2151.267556565212,False,False,False
1787443200000,2026-08-23,BTCUSDT,77074.94,78052.85,75545.67,77734.0,15367.23185,1182628276.0594327,3627829,64918.9242,71358.98175,80.73851650735523,2176.6898739534117,False,False,False
1787529600000,2026-08-24,BTCUSDT,77734.0,80000.0,76670.01,78992.75,30179.29391,2367960844.302849,6334409,65298.2992,71301.422,82.09276052687022,2259.0684543853113,False,False,False
1787616000000,2026-08-25,BTCUSDT,78992.76,81272.62,77851.0,78539.14,24772.51394,1972170530.2745976,6360202,65637.882,71239.04944999999,79.91229797155373,2342.1078505006462,False,False,False
1787702400000,2026-08-26,BTCUSDT,78539.13,79251.6,77632.58,79023.75,14613.75887,1148236055.8792384,4284527,65966.6918,71177.6872,80.5079541251816,2290.458718322029,False,False,False
1787788800000,2026-08-27,BTCUSDT,79023.75,80848.74,78546.13,80249.58,16265.53695,1297370375.4734786,4932285,66308.8032,71101.8651,81.96478537129165,2291.326667013313,False,False,False
1787875200000,2026-08-28,BTCUSDT,80249.59,81478.87,76888.0,77845.87,19756.43646,1560927602.278941,4822157,66592.7206,71006.33555,70.7917543233001,2455.5797622266473,False,False,False
1787961600000,2026-08-29,BTCUSDT,77845.88,78330.0,77382.37,78230.0,7016.30257,545867984.8485777,1519886,66876.48019999999,70919.46155,71.46126763700603,2347.869064924744,False,False,False
1788048000000,2026-08-30,BTCUSDT,78230.0,79400.0,77000.0,77682.0,9085.42405,712506539.5644648,2404922,67162.8404,70830.11685,69.03029273312791,2351.5927031444057,False,False,False
1788134400000,2026-08-31,BTCUSDT,77682.0,79250.0,77392.0,78581.29,15303.90602,1198158182.2374198,4354737,67488.6662,70747.28445,70.78658190179836,2316.336081491234,False,False,False
1788220800000,2026-09-01,BTCUSDT,78581.3,79220.61,76420.0,77439.0,14130.63949,1101387276.6513293,3662805,67772.8462,70666.11375,65.69064825637943,2350.9270756704313,False,False,False
1788307200000,2026-09-02,BTCUSDT,77439.01,77792.0,76264.0,77340.01,13070.9782,1008333112.5875232,3312492,68036.412,70589.6588,65.25225087385982,2292.146570265401,False,False,False
1788393600000,2026-09-03,BTCUSDT,77340.01,82300.0,76968.0,81270.37,19806.42247,1579639079.847165,4460645,68385.43939999999,70548.73700000001,72.96648220425487,2509.2789581035863,False,False,False
1788480000000,2026-09-04,BTCUSDT,81270.37,81427.75,78660.0,79660.77,19198.62549,1538393292.4845457,3417900,68731.9644,70499.2425,66.4593123970782,2527.7411753819015,False,False,False
1788566400000,2026-09-05,BTCUSDT,79660.77,80200.0,79442.0,79831.75,9117.2402,727162100.1671114,1276050,69027.71979999999,70450.39995,66.79803528810356,2401.3310914260514,False,False,False
1788652800000,2026-09-06,BTCUSDT,79831.75,80559.99,79233.0,80341.83,8854.81827,707422224.4650549,1658245,69339.4308,70405.98240000001,67.84142615846145,2324.5924420384767,False,False,False
1788739200000,2026-09-07,BTCUSDT,80341.83,80443.99,78680.0,79112.01,10572.45495,839882674.5423373,2464603,69645.067,70368.19065,62.723418754554345,2284.5494104643003,False,False,False
1788825600000,2026-09-08,BTCUSDT,79112.0,79485.0,77620.01,78455.8,19235.06605,1510077235.7348557,4339646,69935.5496,70318.73425000001,60.117316204107226,2254.580881145422,False,False,False
1788912000000,2026-09-09,BTCUSDT,78455.8,79760.0,77770.0,78306.43,14129.92027,1114730666.1522028,3338369,70204.9938,70264.01640000001,59.51118644326065,2235.6822467778925,False,False,False
1788998400000,2026-09-10,BTCUSDT,78306.43,78564.39,76464.0,76568.72,15320.36904,1188117943.7720196,3080707,70441.9174,70200.36005,52.83693937306729,2226.018514865186,False,False,False
1789084800000,2026-09-11,BTCUSDT,76568.73,79890.0,76046.58,77225.7,19713.27729,1528809492.0993097,3614263,70681.32119999999,70163.23775,54.8964948575484,2341.547192374815,False,False,False
1789171200000,2026-09-12,BTCUSDT,77225.71,77505.67,77059.75,77278.73,8060.44455,622849159.587739,748574,70944.09599999999,70128.32895000001,55.067060090692884,2206.1452500623286,False,False,False
1789257600000,2026-09-13,BTCUSDT,77278.73,77450.0,76500.0,76842.01,6959.68366,536092213.4014396,1275503,71193.4362,70118.83355000001,53.280113797814934,2116.4205893435906,False,False,False
